scope,seed,severity,condition_rows,accuracy,prediction_change_rate,operational_prediction_change_count,numeric_argmax_mismatch_count,numeric_argmax_mismatch_rate,global_aurc,orbit_aurc,delta_aurc,global_error_auroc,orbit_error_auroc,delta_error_auroc,global_nll,orbit_nll,delta_nll,global_brier,orbit_brier,delta_brier,global_ece15,orbit_ece15,delta_ece15,q_func_mean,q_func_median,q_func_iqr,q_func_q90,q_func_q95,corruption_family
seed_severity,0.0,1.0,15,0.8500666666666666,0.0,0.0,0.0,0.0,0.04529869048477038,0.04414238976699528,-0.0011563007177750849,0.8924606341277762,0.8944022856458509,0.001941651518074594,0.6355429300612027,0.6281255157605448,-0.0074174143006580096,0.23859630491124173,0.23741733406404114,-0.0011789708472005694,0.06893213240203169,0.06440921903476314,-0.0045229133672685376,0.5679501493693052,0.5977768190153016,0.47530888864997534,0.9304562873020071,0.9666483211276878,
seed_severity,0.0,2.0,15,0.79766,0.0,0.0,0.0,0.0,0.06924622342582239,0.06778213312091938,-0.0014640903049030203,0.8699084643253202,0.8715641756088064,0.0016557112834861166,0.8518970453545827,0.8393605295018286,-0.01253651585275396,0.32015956062884654,0.31819286217520915,-0.001966698453637386,0.09777977585212555,0.09247478964711456,-0.005304986205011029,0.5936894332636216,0.6302568643025156,0.4580071578996889,0.9408299780682089,0.9736760942384778,
seed_severity,0.0,3.0,15,0.7410933333333334,0.0,0.0,0.0,0.0,0.10479131009885535,0.10303555288722464,-0.001755757211630748,0.8499894620402089,0.8510913429762851,0.001101880936076194,1.077155403010455,1.0585536633275443,-0.018601739682910932,0.4049903300002541,0.4018870261568152,-0.0031033038434388426,0.12713630716431693,0.1209072064859811,-0.006229100678335843,0.6114669484125037,0.6521834333418559,0.44881690977592376,0.949971019181932,0.9784891599574,
seed_severity,0.0,4.0,15,0.6673399999999999,0.0,0.0,0.0,0.0,0.15975515501085877,0.1582618597905706,-0.00149329522028812,0.8233633629753356,0.8238333411201183,0.0004699781447827641,1.3664248524930285,1.34011933678993,-0.026305515703098505,0.5135925878401555,0.5091171380892621,-0.0044754497508933105,0.1646700262870587,0.15758532594763824,-0.007084700339420534,0.625488087906472,0.6705979149100344,0.44372577414051373,0.9569610484633756,0.9825484498029805,
seed_severity,0.0,5.0,15,0.55162,0.0,0.0,0.0,0.0,0.26493795615178606,0.26367171528486605,-0.0012662408669200053,0.7777870467110864,0.7777862465106455,-8.002004407684875e-07,1.812584117114374,1.776284778122488,-0.03629933899188611,0.6821374150336265,0.6757170063393486,-0.0064204086942778165,0.2249324139275051,0.2162350233641601,-0.00869739056334497,0.6142874343403117,0.6518101518952854,0.4488412490744815,0.9570168896865535,0.9839139731237306,
seed_severity,1.0,1.0,15,0.8492800000000001,0.0,0.0,0.0,0.0,0.04512677935312606,0.044009024799589215,-0.0011177545535368534,0.8886758007673047,0.890698934640734,0.0020231338734293097,0.6461261997961747,0.6373557754470471,-0.008770424349127386,0.2414488964900186,0.24015381775118685,-0.0012950787388317508,0.07301111504576292,0.06892475530839647,-0.004086359737366455,0.5698110656811324,0.5946062246144994,0.46869993900839474,0.9311221943323568,0.9696133276589641,
seed_severity,1.0,2.0,15,0.7986000000000001,0.0,0.0,0.06666666666666667,6.666666666666667e-06,0.0709955402337357,0.06911943701062637,-0.0018761032231093381,0.863261812360544,0.8654384716571705,0.002176659296626293,0.8660043898450384,0.851311727403178,-0.014692662441860333,0.32303023015746,0.3209035056194642,-0.002126724537995922,0.10380009952598672,0.09880399339203375,-0.004996106133952954,0.5994727148294956,0.6355699369927248,0.4518609172905143,0.9445188970496823,0.9767299313075327,
seed_severity,1.0,3.0,15,0.7437933333333333,0.0,0.0,0.0,0.0,0.10743915691288539,0.10527394462590521,-0.002165212286980193,0.8405628464771986,0.8421962563422999,0.0016334098651011875,1.1021919025362237,1.0804492246829343,-0.0217426778532895,0.4091851749098624,0.4060710781116381,-0.0031140967982242937,0.1362031753104488,0.13019743276800133,-0.0060057425424474,0.6203864233230331,0.6608015511704435,0.43760148376810903,0.9528133726245333,0.9819992357271861,
seed_severity,1.0,4.0,15,0.6769266666666668,0.0,0.0,0.0,0.0,0.15809017612102402,0.15544952300851547,-0.002640653112508566,0.8173057899997825,0.8182999189280484,0.0009941289282661063,1.3761091441409286,1.345832333024704,-0.030276811116224663,0.5094964132453571,0.5050807593402716,-0.004415653905085411,0.1717470675488301,0.16501110213663198,-0.006735965412198136,0.642865213995449,0.6891926154914211,0.420624300242104,0.9614735764743497,0.986237437805741,
seed_severity,1.0,5.0,15,0.56886,0.0,0.0,0.06666666666666667,6.666666666666667e-06,0.24790088206564095,0.24533173658954965,-0.002569145476091292,0.7814904673526726,0.782047151082184,0.0005566837295113795,1.7884918467592579,1.7489978651041558,-0.03949398165510213,0.6634014989794405,0.6574578403525065,-0.005943658626933834,0.22080203970559023,0.2132256419140081,-0.007576397791582074,0.645393877123158,0.6883991011120825,0.41831629698306444,0.9645520677169022,0.9889076352621559,
seed_severity,2.0,1.0,15,0.8501800000000002,0.0,0.0,0.0,0.0,0.043837851461140186,0.04293100068083574,-0.0009068507803044395,0.8914433621196365,0.8931751113861679,0.001731749266531287,0.6457488907110814,0.6377079397664773,-0.00804095094460406,0.23958945787300204,0.23859129304117008,-0.0009981648318319926,0.07412851004589553,0.07087286071898641,-0.0032556493269091185,0.562743571532408,0.5855810784644649,0.4623100455360494,0.9231465124173823,0.9645231545389692,
seed_severity,2.0,2.0,15,0.80008,0.0,0.0,0.0,0.0,0.06615864692885963,0.06492070036593062,-0.0012379465629290302,0.8716378961832244,0.8732929527471778,0.001655056563953372,0.8542328308513408,0.8416074988703992,-0.012625331980941627,0.3171017486889152,0.31550549143300116,-0.0015962572559140317,0.10131407113060313,0.09739003042381494,-0.003924040706788206,0.5893205371599488,0.61872397609221,0.4522906613607871,0.9373267814955233,0.972891709356918,
seed_severity,2.0,3.0,15,0.7462333333333334,0.0,0.0,0.0,0.0,0.09829908006449375,0.09687349499889857,-0.001425585065595169,0.8534202785012818,0.8546850092183446,0.0012647307170626787,1.0680522090560112,1.050893208362214,-0.017159000693797277,0.39689255228589554,0.39457419058626064,-0.00231836169963493,0.12707145874752895,0.12256338728834358,-0.004508071459185378,0.6047739778589218,0.6390490967952468,0.4466234017871032,0.9450203672004502,0.9776150556815151,
seed_severity,2.0,4.0,15,0.6772933333333334,0.0,0.0,0.0,0.0,0.14788572159972377,0.14649900122363277,-0.001386720376091007,0.8317104750699084,0.8324144320732205,0.0007039570033121463,1.3224006888670514,1.3003610007554962,-0.02203968811155517,0.4918457583736859,0.48869119375728987,-0.0031545646163959606,0.15422173998087527,0.14907078592349374,-0.0051509540573815476,0.6182486136056745,0.6549412925879385,0.44490255832269837,0.9532684678651594,0.9824940313558176,
seed_severity,2.0,5.0,15,0.5678466666666667,0.0,0.0,0.0,0.0,0.2432328469258649,0.24166136095343935,-0.0015714859724254731,0.7939606822525714,0.7941110732399254,0.00015039098735372125,1.715414729338223,1.6868338780144296,-0.028580851323793396,0.6400937127481321,0.6356529806078998,-0.004440732140232306,0.19633713869983024,0.18983334375536481,-0.006503794944465494,0.6084668496274406,0.6380658648455825,0.4516727931133054,0.955360479461601,0.9851521760069802,
seed_family,0.0,,20,0.691525,0.0,0.0,0.0,0.0,0.14486802384167527,0.14348870828024646,-0.0013793155614288109,0.8347244151144337,0.8355599847236466,0.0008355696092127496,1.247204145213962,1.2260744062481508,-0.021129738965811037,0.47168774724386536,0.4678562970526534,-0.00383145019121194,0.14523934638906763,0.13863985833556347,-0.006599488053504171,0.5870672643916429,0.6233216088845278,0.4669071660392257,0.9431332551474064,0.9755023705744692,Blur
seed_family,0.0,,20,0.7619300000000001,0.0,0.0,0.0,0.0,0.09627332769876064,0.09512618219261063,-0.0011471455061500139,0.8546844586286468,0.8555370316274665,0.000852572998819745,0.9914382458080976,0.9779431312524451,-0.013495114555652618,0.3735543651634708,0.3714005987302392,-0.0021537664332316577,0.11738257864893833,0.1120174535348919,-0.005365125114046462,0.5792014603426228,0.609786746697542,0.4767842858524589,0.9411519570254075,0.9742263133793833,Digital
seed_family,0.0,,15,0.5716399999999999,0.0,0.0,0.0,0.0,0.2554705106087234,0.252956588257029,-0.002513922351694418,0.7771165146653854,0.7780749475923261,0.0009584329269405408,1.7783057418949477,1.7355845197492903,-0.042721222145657524,0.6628397504013169,0.6558111151332642,-0.007028635268052817,0.22541607530806848,0.21625763686739247,-0.009158438440675997,0.6871637260663384,0.7450533595564716,0.38899474057271954,0.975598535646742,0.9920306142852094,Noise
seed_family,0.0,,20,0.82365,0.0,0.0,0.0,0.0,0.050277766882091235,0.049337906472303135,-0.0009398604097880954,0.8878854678926755,0.889354816850922,0.001469348958246275,0.735331563581962,0.7261269403141883,-0.00920462326777384,0.2772352236022692,0.2756332929856665,-0.0016019306166027334,0.08090401020572112,0.0758581338387431,-0.005045876366978055,0.5780200206851409,0.6100705123493212,0.470587477334213,0.9354423031186873,0.9702053540199479,Weather
seed_family,1.0,,20,0.70168,0.0,0.0,0.0,0.0,0.13662503920546143,0.13545694732078986,-0.0011680918846715812,0.8367633567277106,0.8369645093802175,0.00020115265250670867,1.2296543874775336,1.2075174971308227,-0.0221368903467112,0.4623918997001983,0.4587740267003412,-0.003617872999857129,0.14776012336257527,0.14173320403260675,-0.006026919329968482,0.5962512544760351,0.6308450489840793,0.46072522734900156,0.9466753096102358,0.9794012717204769,Blur
seed_family,1.0,,20,0.7623850000000001,0.0,0.0,0.05,5e-06,0.09421550174724018,0.09266498573210273,-0.0015505160151374348,0.8563241540455631,0.8575534328775746,0.001229278832011671,1.0000924906397237,0.9839472556903882,-0.01614523494933562,0.373406164289666,0.37096855427217845,-0.0024376100174875555,0.11902811487731997,0.11384696626020456,-0.005181148617115424,0.5915262679938154,0.6238030404846551,0.45899064634289727,0.9456730245294253,0.9782553713600832,Digital
seed_family,1.0,,15,0.5888866666666667,0.0,0.0,0.0,0.0,0.24992045550600744,0.2451721929735131,-0.004748262532494368,0.7622962220506352,0.7647991055511607,0.002502883500525588,1.7966202206770796,1.747545450220288,-0.04907477045679094,0.6551217061139043,0.6484979164004308,-0.006623789713473242,0.2338432637001164,0.225714090658686,-0.008129173041430357,0.7139911350048053,0.7746968491435564,0.3545917073928691,0.9798231126096064,0.9948935625100067,Noise
seed_family,1.0,,20,0.8223649999999999,0.0,0.0,0.05,5e-06,0.05388351843260194,0.052386671742612065,-0.0014968466899898903,0.8786628604068765,0.8808932780666648,0.0022304176597881366,0.7569805686831501,0.7458363537600872,-0.011144214923062987,0.2827823167613114,0.28113423260845766,-0.0016480841528537932,0.0870019368374815,0.0822564558524779,-0.004745480985003587,0.5851760974907465,0.6157563457094766,0.4621675487325893,0.9386444125515018,0.9737888608581198,Weather
seed_family,2.0,,20,0.7059150000000001,0.0,0.0,0.0,0.0,0.13061752464592877,0.13004730270377768,-0.0005702219421511135,0.8411126814318935,0.8411232297328978,1.0548301004026372e-05,1.2129983719890927,1.1939083880549575,-0.01908998393413525,0.45386086453809976,0.4509036252324223,-0.0029572393056774846,0.1455009951931231,0.1404244018145556,-0.005076593378567469,0.5801478445650681,0.6053370771841327,0.4678885319495831,0.9393564680021805,0.9752435576122911,Blur
seed_family,2.0,,20,0.7651750000000002,0.0,0.0,0.0,0.0,0.0947931247711605,0.09266252836171376,-0.002130596409446732,0.8520344866785751,0.853763355715387,0.0017288690368116699,0.9993995474395705,0.9852668183737683,-0.014132729065801944,0.37066108453527463,0.36891649138503085,-0.001744593150243709,0.120686424635674,0.11682152820397451,-0.0038648964316995065,0.5794157713468122,0.6069126875513742,0.46296144681816365,0.9380649842279697,0.9742695838639481,Digital
seed_family,2.0,,15,0.57788,0.0,0.0,0.0,0.0,0.23358620690586995,0.23224599298829585,-0.0013402139175740675,0.8027224656447802,0.803357411621158,0.0006349459763778543,1.6696034533540418,1.6382786705384353,-0.03132478281560671,0.6201967489603627,0.6155481151339165,-0.004648633826446424,0.18509237717873933,0.17839919692057907,-0.006693180258160305,0.6718951359808556,0.7196687889102062,0.4032506772499504,0.9714081963895287,0.9919774484412716,Noise
seed_family,2.0,,20,0.8267249999999999,0.0,0.0,0.0,0.0,0.04896030563856994,0.0477698428603395,-0.0011904627782304432,0.8864405032509131,0.8883542898344737,0.001913786583560817,0.7397865021735861,0.7301684349942097,-0.009618067179376421,0.27447291168357657,0.2732801591013256,-0.0011927525822509042,0.08479798624069829,0.08125247837353818,-0.003545507867160105,0.5741801944407732,0.6002696251709206,0.4600616083847481,0.9296143568077901,0.968510867397957,Weather
seed_overall,0.0,,75,0.721556,0.0,0.0,0.0,0.0,0.1288058670344186,0.12737873017011517,-0.0014271368643033956,0.8427017940359454,0.8437354783723413,0.00103368433639578,1.1487208696067286,1.1284887647004673,-0.0202321049062615,0.43189523968282484,0.42846627336493515,-0.003428966317889585,0.13669013112660758,0.1303223128959314,-0.006367818230676183,0.6025764106584429,0.6405250366929985,0.4549399959081166,0.9470470445404153,0.9770551996500552,
seed_overall,1.0,,75,0.7274919999999999,0.0,0.0,0.02666666666666667,2.666666666666667e-06,0.12591050693728242,0.12383673320683718,-0.0020737737304452487,0.8382593433915005,0.8397361465300874,0.0014768031385868552,1.1557846966155245,1.1327893851324036,-0.022995311483120805,0.42931244275642766,0.42593340023501347,-0.0033790425214142426,0.14111269942732374,0.1352325851038143,-0.005880114323509404,0.6155858589904535,0.6537138858762344,0.4394205874584373,0.9508960216395648,0.9806975135523157,
seed_overall,2.0,,75,0.7283266666666667,0.0,0.0,0.0,0.0,0.11988282939601641,0.11857711164454741,-0.0013057177514690238,0.8484345388253245,0.849535715732967,0.001101176907642641,1.1211698697647414,1.1034807051538031,-0.01768916461093831,0.4171046459939261,0.4146030298851243,-0.0025016161088018446,0.13061458372094661,0.1259460816220007,-0.004668502098945948,0.5967107099568787,0.6272722617570885,0.4515598920239887,0.9428245216880232,0.9765352253880402,
three_seed_severity,,1.0,45,0.8498422222222222,0.0,0.0,0.0,0.0,0.04475444043301221,0.043694138415806744,-0.0010603020172054592,0.8908599323382391,0.892758777224251,0.0018988448860117301,0.6424726735228196,0.6343964103246897,-0.008076263198129818,0.23987821975808746,0.23872081495213268,-0.001157404805954771,0.07202391916456337,0.06806894502071534,-0.003954974143848037,0.5668349288609484,0.5926547073647553,0.46877295773147315,0.9282416646839154,0.966928267775207,
three_seed_severity,,2.0,45,0.7987799999999999,0.0,0.0,0.022222222222222223,2.2222222222222225e-06,0.06880013686280592,0.06727409016582545,-0.0015260466969804628,0.8682693909563628,0.870098533337718,0.0018291423813552607,0.8573780886836541,0.8440932519251354,-0.01328483675851864,0.32009717982507385,0.31820061974255814,-0.0018965600825157798,0.1009646488362385,0.09622293782098773,-0.0047417110152507295,0.5941608950843553,0.6281835924624836,0.45405291218366334,0.9408918855378048,0.974432578300976,
three_seed_severity,,3.0,45,0.7437066666666666,0.0,0.0,0.0,0.0,0.10350984902541148,0.10172766417067612,-0.00178218485473537,0.847990862339563,0.8493242028456431,0.00133334050608002,1.0824665048675632,1.0632986987908977,-0.019167806076665902,0.40368935239867065,0.40084409828490475,-0.002845254113766022,0.13013698040743155,0.124556008847442,-0.005580971559989541,0.6122091165314861,0.6506780271025154,0.4443472651103787,0.9492682530023051,0.9793678171220337,
three_seed_severity,,4.0,45,0.6738533333333332,0.0,0.0,0.0,0.0,0.15524368424386883,0.1534034613409063,-0.0018402229029625646,0.8241265426816754,0.8248492307071291,0.0007226880254536722,1.3549782285003362,1.3287708901900432,-0.026207338310292774,0.5049782531530661,0.5009630303956079,-0.004015222757458228,0.1635462779389214,0.15722240466925463,-0.006323873269666739,0.6288673051691985,0.671577274329798,0.4364175442351053,0.957234364267628,0.9837599729881796,
three_seed_severity,,5.0,45,0.5627755555555556,0.0,0.0,0.022222222222222223,2.2222222222222225e-06,0.25202389504776396,0.25022160427595164,-0.0018022907718122567,0.7844127321054434,0.7846481569442517,0.00023542483880811075,1.7721635644039517,1.7373721737470242,-0.03479139065692721,0.661877542253733,0.6562759424332517,-0.005601599820481319,0.21402386411097518,0.20643133634451097,-0.007592527766464179,0.6227160536969699,0.6594250392843167,0.43961011305695036,0.9589764789550188,0.9859912614642886,
three_seed_family,,,60,0.6997066666666668,0.0,0.0,0.0,0.0,0.1373701958976885,0.13633098610160468,-0.001039209796083835,0.8375334844246792,0.8378825746122538,0.00034909018757449487,1.229952301560196,1.2091667638113102,-0.02078553774888583,0.46264683716072114,0.4591779829951389,-0.0034688541655821846,0.1461668216482553,0.14026582139424193,-0.005901000254013375,0.5878221211442488,0.6198345783509134,0.46517364177927006,0.9430550109199409,0.9767157333024125,Blur
three_seed_family,,,60,0.7631633333333333,0.0,0.0,0.016666666666666666,1.6666666666666667e-06,0.09509398473905377,0.09348456542880905,-0.0016094193102447268,0.8543476997842616,0.8556179400734759,0.001270240289214362,0.9969767612957974,0.982385735105534,-0.014591026190263394,0.3725405379961372,0.37042854812914955,-0.002111989866987641,0.11903237272064413,0.11422864933302362,-0.004803723387620464,0.5833811665610834,0.6135008249111904,0.4662454596711732,0.9416299885942677,0.975583756201138,Digital
three_seed_family,,,45,0.5794688888888889,0.0,0.0,0.0,0.0,0.24632572434020028,0.24345825807294597,-0.002867466267254284,0.780711734120267,0.7820771549215482,0.0013654208012813275,1.748176471975357,1.7071362135026715,-0.04104025847268506,0.646052735158528,0.6399523822225373,-0.006100352935990827,0.21478390539564143,0.20679030814888585,-0.007993597246755553,0.6910166656839998,0.7464729992034113,0.382279041738513,0.9756099482152923,0.9929672084121626,Noise
three_seed_family,,,60,0.8242466666666667,0.0,0.0,0.016666666666666666,1.6666666666666667e-06,0.051040530317754365,0.04983147369175157,-0.0012090566260028095,0.8843296105168218,0.8862007949173536,0.0018711844005317427,0.7440328781462325,0.734043909689495,-0.00998896845673775,0.27816348401571905,0.2766825615651499,-0.0014809224505691436,0.08423464442796696,0.07978902268825304,-0.004445621739713915,0.5791254375388868,0.6086988277432396,0.4642722114838501,0.9345670241593262,0.9708350274253414,Weather
three_seed_overall,,,225,0.7257915555555556,0.0,0.0,0.008888888888888889,8.88888888888889e-07,0.12486640112257248,0.12326419167383328,-0.0016022094487392227,0.8431318920842569,0.8443357802117986,0.0012038881275417588,1.141891811995665,1.1215862849955582,-0.02030552700010687,0.42610410947772626,0.4230009011616909,-0.0031032083160352237,0.13613913809162598,0.13050032654058213,-0.005638811551043845,0.6049576598685917,0.6405037281087739,0.44864015846351424,0.9469225292893344,0.978095979530137,
