path,bytes,sha256,category,evidence_scope
.gitignore,224,28769942a04910f74e10c7e4e1ff844c93530f1b1b4e649678d90330496579e9,RELEASE_DOCUMENT,public_scope
CITATION.cff,594,2f7bd4516e5d2e26112e6840ae96220577156288381b5998475555febd8068cf,RELEASE_DOCUMENT,public_scope
README.md,9127,9007fab6791ba2e884618ee6191e109c2d4d38a8f888cce71cccfac7700ad784,RELEASE_DOCUMENT,public_scope
THIRD_PARTY_NOTICES.md,2994,ad046ba2af77bfa7ef104cb052c2392e2c7a55078dbf95cb7ae03e508ee92fe8,RELEASE_DOCUMENT,public_scope
USAGE_NOTICE.md,1389,4848ded8130579cfa7f2ad79e85f49f0618360fd62b6c9b2713b89c56d5242a5,RELEASE_DOCUMENT,public_scope
baselines/__init__.py,0,e3b0c44298fc1c149afbf4c8996fb92427ae41e4649b934ca495991b7852b855,SOURCE,confirmatory_or_historical_portable
baselines/cedl_offline.py,17528,e2f43e9cc6d3aca2c29de90f66070be73ef205ee9fca2a87096f938acb1f891a,SOURCE,confirmatory_or_historical_portable
baselines/gradnorm.py,2752,65d6975ead8c5dc2c143cca7bd484e938d9f534a13dae1278fb3e66554ad272a,SOURCE,confirmatory_or_historical_portable
baselines/knn.py,1462,ddbdf9edbff31b086a7e3e594c2fdbeb3ad7b80a8f988781e81cfe917d6f9099,SOURCE,confirmatory_or_historical_portable
baselines/output_scores.py,904,c4d09736b751c02ed8de5afda1f71f216db92af0fbb11bf87538d56aa6a5e25b,SOURCE,confirmatory_or_historical_portable
configs/confirmatory/cedl_default_locked.yaml,560,b4e33f3c2e7b4b11c0f4332aa206a5ea9233102fd7437841fff0ddc4698840f8,FROZEN_CONFIG,confirmatory
configs/confirmatory/cedl_devtuned_locked.yaml,561,c20591c3a5d7b80f84f1a83ea09b10766a6935cb06c5735015dd02d1aa57a4a2,FROZEN_CONFIG,confirmatory
configs/confirmatory/confirmatory_locked.yaml,10658,4929fb9853af2dd35f9a979ca1c7619f0158e52910551686ef91b526aabe1009,FROZEN_CONFIG,confirmatory
configs/confirmatory/resnet_training_locked.json,1882,ae00dde41659a366cf95172a6b9834fcf88688fe18b45dad5c36a1ad99166b4d,FROZEN_CONFIG,confirmatory
configs/historical/resnet_training.json,1838,b4216e3cc8ba57ab9cd60059ccdd6ecbf77cac54a34959301bdc0f9fceabd28c,FROZEN_CONFIG,historical
docs/FIGURE_SOURCE_MAPPING.md,3234,e3e67b340a1561c0af265be458187961d4045a212f33fb2dd6cfc8713693850b,RELEASE_DOCUMENT,public_scope
docs/FigS1.png,186069,2a1f0afcb3ba8ee70e974b170c9f5c179d9470ac96170dca9b7a5945533d20fb,RELEASE_DOCUMENT,public_scope
docs/HISTORICAL_ARCHIVE_SCOPE.md,1157,e5d6ce01a65e4a45508d33ea8ad5cd957ada14c2d859bb2f4d9f844211866db5,RELEASE_DOCUMENT,public_scope
docs/PROJECT_LICENSE_STATUS.md,1231,7f2c7c6f5c569817dcf513db2c771063c72c57a026291c002fbd3058a66877c0,RELEASE_DOCUMENT,public_scope
docs/THIRD_PARTY_PROVENANCE.md,4643,269c2a39af49e5b39e9e400ef7c037e9f8844441060b5298e2f921efed7dfc15,RELEASE_DOCUMENT,public_scope
docs/all_methods.tex,26856,65f95f5256325efb7a21b046bbd6a6e6ffcfe516743f1060693a811db536c90a,RELEASE_DOCUMENT,public_scope
docs/datasets.md,2454,4e0cc24b75a37c941021fd475e6af0209fe785c8385405b4b217a5d9db17fd7b,RELEASE_DOCUMENT,public_scope
docs/environment.md,1263,56661500490146bc55b9e04f8dcdca9e4b0cb71ed0e4c72255d4bd479c14d7cf,RELEASE_DOCUMENT,public_scope
docs/evidence_scope.md,729,82d1566198b8fcd5fe2ebf1a2cd7a1917b78edd8523642d616d0afd756acf39f,RELEASE_DOCUMENT,public_scope
docs/extended_appendix.pdf,638669,c5fb84359a644a95bf07ee1245c8da8bf22bb4ca1dfbc704c66defd94261d1b4,RELEASE_DOCUMENT,public_scope
docs/extended_appendix.tex,82113,5bfe6052cde24841ebde3e23364ad5856e1dfeddf167deaff5a1628ca290d7c3,RELEASE_DOCUMENT,public_scope
docs/fit_provenance.tex,3951,9493d734cc20f78e7c0deab65f7d9c16fabdbd5f5313833e48b97d24e1bfafcb,RELEASE_DOCUMENT,public_scope
docs/manuscript_mapping.md,1005,68128bb2600e3e393f399884cabf493a1e151aef1a8e69c684533b6d34682a56,RELEASE_DOCUMENT,public_scope
docs/reproducibility.md,3321,5767c584ca1a4978615a5ce53926743cebfbf53b032302da7b68dcd08a212008,RELEASE_DOCUMENT,public_scope
docs/s1a.tex,850,637e9b9ffb8df949187063606134f560742312a596958a88e47ae0e49b91c34d,RELEASE_DOCUMENT,public_scope
docs/s1b.tex,850,0bfa964809906d305c967801042cffd5a22acc7139557483b42f1aced93c5492,RELEASE_DOCUMENT,public_scope
docs/s1c.tex,850,c6625c4ada93c1e25b35c1089dcb7f330829b1955caf5f4974a666c3f00c7739,RELEASE_DOCUMENT,public_scope
licenses/CEDL_LICENSE,1092,7e210e881f774e017801c0f567385a7904f29de082c1accbf923d1984ac71108,THIRD_PARTY_LICENSE,third_party
licenses/GRADNORM_LICENSE,11356,43070e2d4e532684de521b885f385d0841030efa2b1a20bafb76133a5e1379c1,THIRD_PARTY_LICENSE,third_party
licenses/OPENOOD_LICENSE,1091,9d95944eb28fd2ac4006869ec453447c3c9cc560dcc2700884f6623a1a1ef4c4,THIRD_PARTY_LICENSE,third_party
licenses/TORCHVISION_LICENSE,1546,c06363f9d33627dc5173b13522444cc85fbb4739f63e16d4587d5c0a165b5b1e,THIRD_PARTY_LICENSE,third_party
models/__init__.py,0,e3b0c44298fc1c149afbf4c8996fb92427ae41e4649b934ca495991b7852b855,SOURCE,confirmatory_or_historical_portable
models/registry.py,294,3b5349eb2fd1238e365f8a663ea4dc17000024fcb0325e7599814ec1b50c8eaa,SOURCE,confirmatory_or_historical_portable
models/resnet18.py,2447,5f3784026fae0298534179f23977cbfbc4b11ab87a1e8d03927b0fcebbcd6306,SOURCE,confirmatory_or_historical_portable
models/vgg16_bn.py,3229,2ab0208d9891651573d23c33294476785a865538fb7794aeefb31c1cea0e972e,SOURCE,confirmatory_or_historical_portable
models/wrn28_10.py,4098,5420787d8b4667ec1f7765c0f046753ab400954c0cb2e68829064354ef2eb895,SOURCE,confirmatory_or_historical_portable
orbit_gop/__init__.py,0,e3b0c44298fc1c149afbf4c8996fb92427ae41e4649b934ca495991b7852b855,SOURCE,confirmatory_or_historical_portable
orbit_gop/_resnet_signature.py,2059,e4d39b0a01582a44b37ab00bc4ad3261f0c2b50bfdd9a4637bd575561288afbc,SOURCE,confirmatory_or_historical_portable
orbit_gop/_scores.py,1564,d3955a9c226a5c97f326925cc64c83d56e4e21811e7a241661f7c96d2790a286,SOURCE,confirmatory_or_historical_portable
orbit_gop/_wrn_source.py,4157,bb842f56072cea8795a796aba0715e524925398f5a9bac127ade20c2a8a8e0c9,SOURCE,confirmatory_or_historical_portable
orbit_gop/calibration.py,1999,bf55cad26c3a1fe79124694428bff9a16f111379777e64d5f9bbb4c1b8a03869,SOURCE,confirmatory_or_historical_portable
orbit_gop/evidence.py,449,1ec2f9367cc64df2a0e64aaedd54fc57bc4f39b08a5ede299162fe3ff67ee8c6,SOURCE,confirmatory_or_historical_portable
orbit_gop/functional_risk.py,1273,6dbe913e348f533fc64c2da9a580e5714d4f0f01aff26d2aaf408ad825a8536b,SOURCE,confirmatory_or_historical_portable
orbit_gop/functional_signature.py,2787,4b596e962ad40820b9044498a9e80f46f73dc67b8f6d93cd108d24c61dd3511e,SOURCE,confirmatory_or_historical_portable
orbit_gop/inference.py,1574,7eeecc2409824f7ccf120c831f07dfdfa9cbdf4dbc3b016e4d3f87869e084f13,SOURCE,confirmatory_or_historical_portable
orbit_gop/metrics.py,1911,d47c401835630a8ca8565441852e5b2ea89697112f11d4661c3584dab0bd1eab,SOURCE,confirmatory_or_historical_portable
orbit_gop/views.py,622,ccd4e0781d5d78ccdbfa7792e11e947a2014e54478a38298ddf6dc37a28e3fd5,SOURCE,confirmatory_or_historical_portable
provenance/CODE_AUDIT.csv,18544,7d66ec845584025b5cb069fb7b663c70924140d3ed5f3f3c93a9c8935a514221,PROVENANCE,scope_and_source_identity
provenance/FILE_TRANSFORMATIONS.csv,43336,c4ea99f3649260b869bee7d801f6b38f5964e8c259d30148f782cec02d16ebac,PROVENANCE,scope_and_source_identity
provenance/HISTORICAL_ARCHIVE_FILE_INDEX.csv,16872,32fce166bafcaee190be0cadd16668bd95a3c46b9ab47131c5b15076d1473fee,PROVENANCE,scope_and_source_identity
provenance/NUMBERING_AND_REFERENCE_MAP.csv,2652,eb499cbea3df3496ced0edde1c694a6a3c2e384ba3bdcf4c9ca6dbaa2cc31eab,PROVENANCE,scope_and_source_identity
provenance/PAPER_COVERAGE.csv,3966,5acdff33861d56c440ec04bacb82a4e46b3a3e7805250cc2e8857ba4533df7d6,PROVENANCE,scope_and_source_identity
provenance/PUBLICATION_EXCLUDE_LIST_V2.csv,19102,ea6f74e8c87ad5bae461bb300416f61a2aad06ac8fe5348c1e307eea2b18123a,PROVENANCE,scope_and_source_identity
provenance/RETAINED_ARTIFACTS.csv,29718,035ff77d7418b46d52a70a2b4852c29c397d72c633b1debc5a9e4d5def6bfdc5,PROVENANCE,scope_and_source_identity
provenance/SOURCE_COPY_MANIFEST.csv,20630,03ee05bfc345a1a728637435b738b35d7daba2986b12a758d3981437a7964f2a,PROVENANCE,scope_and_source_identity
provenance/UPSTREAM_LICENSE_VERIFICATION.json,474,58057f5b43f5704205aaa08d86691d87e29f4e8e8bd3d21cb954cd8a54137870,PROVENANCE,scope_and_source_identity
provenance/confirmatory/ARGMAX_DIAGNOSTIC_NOTE.md,7429,29186b47f84828980c0a69cd4e882f54fd1d6baeb37875ce84e53869f0fc82c3,PROVENANCE,scope_and_source_identity
provenance/confirmatory/CODE_PROVENANCE.csv,5663,ed4fa3ad6fd512982774b9597a3cd66b3705b49711941ab31447966fd34d8b3b,PROVENANCE,scope_and_source_identity
provenance/confirmatory/LOCKED_PROTOCOL.md,8552,c1ed5edbf8e9d1fe3ce9ab4e4fb9954215315fce5dbd5fdc16423a4b0701b298,PROVENANCE,scope_and_source_identity
provenance/confirmatory/ORIGINAL_FREEZE_STATE.json,13200,3ea9c46ae44c24c959eeca55e01126c031c295f6b8c356731e6c50f5098e3dca,PROVENANCE,scope_and_source_identity
provenance/confirmatory/RESULT_SOURCE_REGISTRY.json,1822300,e8adf38c06e82bc53e186c75b29fce9175e75a66bf7f913647f6cb4ac26cfdf1,PROVENANCE,scope_and_source_identity
provenance/confirmatory/STAGE8_ANALYSIS_MANIFEST.json,15523,30bf12c96e71c3a117ba7d35d1a4cabb006a2d075cc03d147d9bb07c9ce0a0a1,PROVENANCE,scope_and_source_identity
provenance/confirmatory/STATISTICS_QA_REPORT.md,711,ce12044a22c91995b18025dc69e8f0a99eff8c1a0e231aa37562eb8fe72142d7,PROVENANCE,scope_and_source_identity
provenance/confirmatory/TRAINING_ADAPTER_AUDIT.json,686,060c1d17f30fa4f4b4a8942afd8e6f3299407cba1672920af4fdc25682394894,PROVENANCE,scope_and_source_identity
provenance/confirmatory/environment/cuda_version.txt,6,b1fa3303a8f6b23f26c9f8bc2ac1f760a8ccada410c83b8e84c1533aac270037,PROVENANCE,scope_and_source_identity
provenance/confirmatory/environment/os_info.txt,27,669f1c5be758932ba8d6e51a0d46381f75cca4f54019e7a9b78d2189f239c0e1,PROVENANCE,scope_and_source_identity
provenance/confirmatory/environment/python_version.txt,84,35bb95a5390060be67bb8be8b64610dfaefdf4d572ae866017e0eebddbf97662,PROVENANCE,scope_and_source_identity
provenance/confirmatory/environment/torch_version.txt,14,68457b097de9810036dde86892dae5125ad2f334e5b5ff9f86d8a29f0acfc83c,PROVENANCE,scope_and_source_identity
provenance/confirmatory/manifests/CHECKPOINT_INPUT_MAP.json,55390,708c81acbfa6fbc8e24bed545fda396f4d628b81ec21881d4d28a211f1e3c983,PROVENANCE,scope_and_source_identity
provenance/confirmatory/manifests/EVALUATION_MANIFEST.json,4036683,3ac159ecdf61ea7b2ca4958323d12179152ceedb4cd542687e3d7a70282e3011,PROVENANCE,scope_and_source_identity
provenance/confirmatory/manifests/EVALUATION_SAMPLE_HASHES.csv,3055641,ac78e143b35c294b5968c9f977155c84e3ca3a668c103298f12de1f2832dec96,PROVENANCE,scope_and_source_identity
provenance/confirmatory/manifests/MODEL_MANIFEST.csv,3791,ad49f63c8b64cff4b03bd7ca12f985adde8abbfaf4c0be80fb26caa3e74d1b8d,PROVENANCE,scope_and_source_identity
provenance/confirmatory/manifests/NINE_CHECKPOINT_FREEZE_SUMMARY.json,249666,f60b0de46859a3f7073c776a847bf1b98ec6790f876bf126bc9ca3e224c3ce03,PROVENANCE,scope_and_source_identity
provenance/confirmatory/manifests/resnet18_S3.json,690,2eb48c280d78eccc45efd945601279d1de5ecb5f814277734fe15670e8141f3d,PROVENANCE,scope_and_source_identity
provenance/confirmatory/manifests/resnet18_S4.json,690,48c65f83d80f3ecf8741c8c2e90e5b8b1804b002d5b721b2389964e2d2cdce26,PROVENANCE,scope_and_source_identity
provenance/confirmatory/manifests/resnet18_S5.json,703,82ea78934860e2a50702362fcbc60c63e8091cb090e84b288a1106e13922fb25,PROVENANCE,scope_and_source_identity
provenance/confirmatory/manifests/vgg16_bn_S3.json,703,a6e33f3d494e7949012af748e85ac5ca8bcd1f9cb05f0ad1db4c4ce1f3c2a8b7,PROVENANCE,scope_and_source_identity
provenance/confirmatory/manifests/vgg16_bn_S4.json,690,9d6c41de7a2eb4cbd5a25388392c2244ac645ad2022b64c6240bf77bd0d5b3ae,PROVENANCE,scope_and_source_identity
provenance/confirmatory/manifests/vgg16_bn_S5.json,703,8229f8f7a3437f74bd249a57df732b5d92c9a94d3f9f955ee2978af808bb0127,PROVENANCE,scope_and_source_identity
provenance/confirmatory/manifests/wrn28_10_S3.json,698,af5047c69147ab316f14bdbfbaab8bc502300f2f49123213a2d52d15161f91c3,PROVENANCE,scope_and_source_identity
provenance/confirmatory/manifests/wrn28_10_S4.json,685,1b14ff2f6817e59d6974b773397c98eac01d3d08c3e4f26f03842c436732603e,PROVENANCE,scope_and_source_identity
provenance/confirmatory/manifests/wrn28_10_S5.json,692,867a10d9e189ac309244df2e4cc72e49c4f8d60a84a8f0e917f7284e68a1d545,PROVENANCE,scope_and_source_identity
provenance/confirmatory/v2/BUGFIX_LOG.md,3024,60b93dbc71f6c7ec6b0e6822ea6e438d22436c8b573ef6f315f46a9330aba436,PROVENANCE,scope_and_source_identity
provenance/confirmatory/v2/FINITE_PATH_QA.json,6510,f41a8683225d19694ba4fe707d71d6c70067a7696fbe480521c11b98035feaf8,PROVENANCE,scope_and_source_identity
provenance/confirmatory/v2/FREEZE_STATE.json,11102,85d5ed11f54dd42e87fad3bedac92d8449de37cb18fad3845869977b090da645,PROVENANCE,scope_and_source_identity
provenance/confirmatory/v2/LOCKED_PROTOCOL.md,9840,492c6d142708804a0ac977f48546b8400f581d1f219f748e885f22e0803ada6c,PROVENANCE,scope_and_source_identity
provenance/confirmatory/v2/confirmatory_locked.yaml,10658,5c14c03408bb008bb766c5b62631ea70e1c8e81e06da71b3ed8ea69790d2662b,PROVENANCE,scope_and_source_identity
provenance/historical/BOOTSTRAP_PLAN.json,1186,ec0abcc75e9d8d2145ac343e81a95948191ecc0fbe11b41c4ea37b0504e79169,PROVENANCE,scope_and_source_identity
provenance/historical/IMPLEMENTATION_PATHS.json,3455,20ce74586583e78545691cd5186c459045876c898ae84dea889bb18c81e37543,PROVENANCE,scope_and_source_identity
provenance/historical/RUN_FREEZE.json,176863,c900924a147fa590a5a46fd49fbdf74cb778f386d350a2501b1a2383a30dbe2d,PROVENANCE,scope_and_source_identity
provenance/historical/RUN_PROVENANCE.json,50747,0477725599b2bf15ed994e8d840dd2d5fcc06d289208142c39672a52485d1acb,PROVENANCE,scope_and_source_identity
provenance/historical/RUN_QA_REPORT.md,2133,da85aac3c5cbcb69735569703ee7943a149d6643107432aeb824af9a0dbf038b,PROVENANCE,scope_and_source_identity
provenance/historical/RUN_STATE.json,142,66d8a52ae30bca5f063b19d17220ad5d6ad2d91320e746835fb5516bac07fc75,PROVENANCE,scope_and_source_identity
provenance/historical/VALIDATION_PROTOCOL_APPROVED.md,16506,73bdc3ccce36103b204d30b860a789f8462dccf1ff59b8d4f213eeb189ea25bb,PROVENANCE,scope_and_source_identity
provenance/historical/code_provenance.json,24242,e3b91d0dfafccb8fda879e2e6fbefd4c96c2230a4b2198083b6e6f97cc9f017b,PROVENANCE,scope_and_source_identity
requirements-optional.txt,82,0b6aae77df2fd0acc002a71d8f1ccbf59a193c1815423fd44428b706ef517bef,RELEASE_DOCUMENT,public_scope
requirements.txt,235,6eeee208bb86e60e09da99f37bc47bbec495d8c9056bbb811826fa63886076c2,RELEASE_DOCUMENT,public_scope
results/confirmatory/ACROSS_SEED_SUMMARY.csv,26330,43459dd460ce786b9175c206353baa9e4921fbb4e0ff8d5ff9c2022e71cda879,FROZEN_RESULT,confirmatory
results/confirmatory/CALIBRATION_SUMMARY.json,22594,41eeee6b0f5adea6b1097bddb2668d127c2622dc2f17052130b55e269370bd9e,FROZEN_RESULT,confirmatory
results/confirmatory/HIERARCHICAL_EFFECTS.csv,9224,41834397b2fbdecffa3970e679e1d6df13ca4f62423f293d7ecce8bd95915754,FROZEN_RESULT,confirmatory
results/confirmatory/PER_SEED_METRICS.csv,84295,40fe6f41a90c2104bb156b8a5d871abadfb160b6f52b843af9a3f5143a83c0fb,FROZEN_RESULT,confirmatory
results/confirmatory/PREDICTION_PRESERVATION.csv,1154,0915f36a05f6663ee455e70267c4e4a6e46eed516ffe4e788fb6ec22eb49afb4,FROZEN_RESULT,confirmatory
results/confirmatory/PRIMARY_PAIRED_EFFECTS.csv,2781,08d6d121167612b36f847838df2f9019bc806ba0635bd767f5f7109bfba3c826,FROZEN_RESULT,confirmatory
results/confirmatory/SECONDARY_PAIRED_EFFECTS.csv,7864,241ae71a8fcb069f60b38f72ea6865c5d6016ea6bad02b5b1d31daeb0e554515,FROZEN_RESULT,confirmatory
results/figures/late_confirmatory/图3数据.csv,4480,f1feb76eb64d38d1ef45b4b395d9d78871ed24de8590d4d176fe6fa3c98983fa,FROZEN_RESULT,historical_or_figure
results/figures/main_2/Fig3_elements.csv,18768,6c0ae91c925062a772d19b0df524bf10e26a4d9e261ccb5ecaba20787d25cc6a,FROZEN_RESULT,historical_or_figure
results/figures/main_2/actual_origin_columns.json,40457,5363e57e8743c8a0aff55d40f9fc9a8f51d9a3216cffbf5e1945900804b910f6,FROZEN_RESULT,historical_or_figure
results/figures/main_2/registry.json,37572,b573b9459704fbdba8ac70a31d04ce95dd372bb35b784686059538a79f1e8210,FROZEN_RESULT,historical_or_figure
results/figures/main_2/source_map.json,3058,32a83deffa82432a72de310f51122c2224b39b644e4b9ab02401a5dd0ec32913,FROZEN_RESULT,historical_or_figure
results/figures/main_3/Fig4_effects.csv,14990,8a67ab021b5536904177589c77a7db5f84199f06bb39888602a2fc6ec4cbe1ac,FROZEN_RESULT,historical_or_figure
results/figures/main_3/Fig4_full_grid.csv.gz,2768327,e5157dd5aefde733f8c9e8ad9850ed3f45a618500dd88b15b010e5dc9808c4ab,FROZEN_RESULT,historical_or_figure
results/figures/main_4/actual_origin_columns.json,246779,26a0c245616c2045a4f50b5e7a2376840f6d7d3dfdaf281bfd4abb41e1739624,FROZEN_RESULT,historical_or_figure
results/figures/main_4/data_checks.json,9950,2186fbcaf74eae7b1385eb5818813cc7893a98802b5bf186c648ebccd43c0abf,FROZEN_RESULT,historical_or_figure
results/figures/main_4/figure3_field_sources.csv,6550,653da9769724733c5ff658d153cc40e47540a7ba5423b4f4c2d4c8dc7bec57fc,FROZEN_RESULT,historical_or_figure
results/figures/main_4/figure3_plot_data.csv,1091879,f0ad44372a4b603d4a881a48afb762b6038b36fcf4703de7936ed4a4baa1582d,FROZEN_RESULT,historical_or_figure
results/figures/main_4/figure3_source_manifest.csv,24464,283dc2cdc2d88a6b038bbb4ebaeac20f5c64ac829b543777dfdee833dc953acc,FROZEN_RESULT,historical_or_figure
results/figures/main_4/source_map.json,5371,a8b258478a6501a8713b5b9a63efbfad8dfb5847dc39618574a4d9a08d86b743,FROZEN_RESULT,historical_or_figure
results/figures/main_4/statistics.json,3813,d8b74afadc66112fcd4709d7b651ba8176e76601594d959df3775d9cd4f3255c,FROZEN_RESULT,historical_or_figure
results/figures/main_5/actual_origin_columns.json,8579,b0f12d8fb0820e2b80a9364d4a84bae160eefc0e0ae8f6f9371d32a1f0bbb945,FROZEN_RESULT,historical_or_figure
results/figures/main_5/data_checks.json,457,d477cbf15e2c5b57778c4592d0a8eb9056af446a8344c272ab4b938f670aeca4,FROZEN_RESULT,historical_or_figure
results/figures/main_5/figure6_field_sources.csv,3632,97403899da05bc8e5a58859d3151f292d514455a37b3717f52db595a8bf9355d,FROZEN_RESULT,historical_or_figure
results/figures/main_5/figure6_plot_data.csv,979,f535c1d83c47ead3f8a1ef6352fd9a2f952c029f0058124fd9016f05fd0d23bb,FROZEN_RESULT,historical_or_figure
results/figures/main_5/figure6_source_manifest.csv,17552,5d69bb01c5a0082b36ab47172d2ca6b7a3d85892c4e3c626d34100d948607686,FROZEN_RESULT,historical_or_figure
results/figures/main_5/resnet_protocol.json,7634,b7d70cde4e768ecb52d1b9ad769adc30bf72072f0b5defa74aaf21d54528bc60,FROZEN_RESULT,historical_or_figure
results/figures/main_5/source_map.json,6365,57f11bf3fed6b0de9a3c19298d0d4009b857bfae3b38d4a2e5336093517bff9f,FROZEN_RESULT,historical_or_figure
results/figures/main_5/thresholds.csv,1069,a9bd175448cf60722f0f0f656dbd05a3bb55b6db18e88fdf96c29312fd142cee,FROZEN_RESULT,historical_or_figure
results/figures/main_5/vgg_references.csv,890,4af8f1c44217b94bda7cc7b8356b1406fbed1f28db22f2ede324f7148b90e15e,FROZEN_RESULT,historical_or_figure
results/figures/main_6/actual_origin_columns.json,60102,97ca3ddb41e673f25012705296f1abbb9afc4d95d43c30d7e5b30ecbb342abdb,FROZEN_RESULT,historical_or_figure
results/figures/main_6/artist_values.json,177344,f4aacd80ac5080c98083595ae31e0587918786f870fde31b15707a511a21b06e,FROZEN_RESULT,historical_or_figure
results/figures/main_6/cases.csv,2524,a112bee763fa920697cc5f07f573e6dff0b04cc07f46ef96f3b0665297a9f0ec,FROZEN_RESULT,historical_or_figure
results/figures/main_6/data_checks.json,36261,2d046bd5997f73a277590db77c0ce6f3193b25c4981b731b8f6a9a046b4cde43,FROZEN_RESULT,historical_or_figure
results/figures/main_6/figure9_field_sources.csv,14176,be1241bc6c9f799eb9a262c16b448d732a6903411face437bc4f8cebcfe5ccf3,FROZEN_RESULT,historical_or_figure
results/figures/main_6/figure9_plot_data.csv,9345,9984e8210d03be9ca917827161fd8e791a7cf85c8f21b8970a95754de5273819,FROZEN_RESULT,historical_or_figure
results/figures/main_6/figure9_source_manifest.csv,8953,b527de99de6d1c92cbbec3626fea7aebadb7a6c6804752143bbbdf38d6cec255,FROZEN_RESULT,historical_or_figure
results/figures/main_6/source_map.json,6972,5916e019cd2a7baa85bd4914e441919b49f0f7efd73337810ecea6a279cb487f,FROZEN_RESULT,historical_or_figure
results/figures/main_6/statistics.json,416,232487c766c256e32b5d9eb45183813b76f553c0ccf9cbe0979685a4c57aad6e,FROZEN_RESULT,historical_or_figure
results/figures/main_7/data_checks.json,3008,cba8cb561cad884f2bf8de039c43d4d61cc59badab93f705f5488d6734d20115,FROZEN_RESULT,historical_or_figure
results/figures/main_7/figure10_field_sources.csv,8812,a28c2ef9d5bf255a62e47350402365f03952150557bddda87f6e3ab0f2f8da6c,FROZEN_RESULT,historical_or_figure
results/figures/main_7/figure10_plot_data.csv,48511,9f0322f764371508eecf9ac9d0d438f220b06335abc81c4897d5720a1a1b7e54,FROZEN_RESULT,historical_or_figure
results/figures/main_7/figure10_source_manifest.csv,10360,9356e9077775e6723ff2cc39fe6689f3ae39e6285e632597bb60b270643d41db,FROZEN_RESULT,historical_or_figure
results/figures/main_8/FIGURE_QA.json,1436,a2aca87d06ffa89bba57ad5995a858705f9a6d110026942bb6d4cabcff87f5b8,FROZEN_RESULT,historical_or_figure
results/figures/main_8/Figure7_FP32数据.csv,954,f101168c07c92f03b35b6eb264ae04c6257b05e31df347c88f2507061bce7c8b,FROZEN_RESULT,historical_or_figure
results/figures/main_8/INDEPENDENT_QA.json,10578,1aa044a77f4036fb8f51910d28ca521f467ca862095669f02654625ecadf0163,FROZEN_RESULT,historical_or_figure
results/figures/main_8/actual_origin_columns.json,1869,24d2a0ab74659d9ad88d7cca9fdaffeeba980664a01e3803ffd851783dee836d,FROZEN_RESULT,historical_or_figure
results/figures/main_8/authority/EXECUTION_QA.json,4159,c8986460e68f93d3416b1f0dab15c3f9cfdb455cd184ab2601b6089b9dc02c6f,FROZEN_RESULT,historical_or_figure
results/figures/main_8/authority/FIGURE_QA.json,1436,a2aca87d06ffa89bba57ad5995a858705f9a6d110026942bb6d4cabcff87f5b8,FROZEN_RESULT,historical_or_figure
results/figures/main_8/authority/Figure7_FP32数据.csv,954,f101168c07c92f03b35b6eb264ae04c6257b05e31df347c88f2507061bce7c8b,FROZEN_RESULT,historical_or_figure
results/figures/main_8/authority/PROTOCOL.json,10116,3be1cd6aec98dc6f6acf93dd6484bf66ad59e2f649447ba20f36bed139357355,FROZEN_RESULT,historical_or_figure
results/figures/main_8/authority/repeat_metrics.csv,360,65e4da16f0f9f60e8db973fd3fdffc283257c99c5bb0098def112090e74ea4fd,FROZEN_RESULT,historical_or_figure
results/figures/main_8/source_map.json,4458,1f1f7a9348d578e6bcfe2c60a3be120a02bcd56f762d57f2fe14669acc9a56c1,FROZEN_RESULT,historical_or_figure
results/figures/main_9/actual_origin_columns.json,12360,57dd3a473c5d53169b5d5694e4fef1d5c9cda1c7cafee54aa9a4160712fefd76,FROZEN_RESULT,historical_or_figure
results/figures/main_9/authority/CONFIGURATION_IDENTITY.json,2942,12421fd0e902eab685529cadf812705b8932c17e49380175e5ad34ad8595b710,FROZEN_RESULT,historical_or_figure
results/figures/main_9/authority/FINAL_FIG8B_CLOSURE_REPORT.md,5267,3076e4ca710b30f6ddd09516fb59768a29ca67e3ade3345e64ee66ff3af302eb,FROZEN_RESULT,historical_or_figure
results/figures/main_9/authority/FINAL_FIG8B_MATCHED_COST.csv,1079,a03f52d51183824807d142b77447feba2750198e2266d319efce1dd51ee9eca4,FROZEN_RESULT,historical_or_figure
results/figures/main_9/authority/FINAL_FIG8B_PERFORMANCE_COST_SOURCE.csv,2232,f33d4106368e0125a3e53ef0d5018fd773713aaa758218e2c19d8f16d046bac2,FROZEN_RESULT,historical_or_figure
results/figures/main_9/authority/FINAL_QA.json,1006,a1ffc4d9c1abd54cb33b04f6ea5ecf3a4b48e07cf6b7dad4900f3bdcf7d1469f,FROZEN_RESULT,historical_or_figure
results/figures/main_9/authority/TIMING_REPEATS.csv,3148,a5b7da4b48fd6cfc0b13ee0c0f3acc717ec1f8f64161eabc2108d39d00f3afe0,FROZEN_RESULT,historical_or_figure
results/figures/main_9/cost.csv,1079,a03f52d51183824807d142b77447feba2750198e2266d319efce1dd51ee9eca4,FROZEN_RESULT,historical_or_figure
results/figures/main_9/data_checks.json,2,4f53cda18c2baa0c0354bb5f9a3ecbe5ed12ab4d8e11ba873c2f11161202b945,FROZEN_RESULT,historical_or_figure
results/figures/main_9/figure8_field_sources.csv,12630,338dde05cbb7b27ab39b710ae609508e1ee5e3645e989dedc217288d45ddde2d,FROZEN_RESULT,historical_or_figure
results/figures/main_9/figure8_plot_data.csv,3296,8dedaccf4c18eb50df77480cf87a0f8012c5f248b6b29e81742eb7471e051574,FROZEN_RESULT,historical_or_figure
results/figures/main_9/figure8_source_manifest.csv,9135,c306c5ef3b35a379afb5d60538500ed497f0a4d699824a36761dae066514d61b,FROZEN_RESULT,historical_or_figure
results/figures/main_9/performance.csv,2232,f33d4106368e0125a3e53ef0d5018fd773713aaa758218e2c19d8f16d046bac2,FROZEN_RESULT,historical_or_figure
results/figures/main_9/profile.csv,615,0d21183b9c6c2bc019983ef61ecd67da422e13b47eb00db0b870d85f3fe32f15,FROZEN_RESULT,historical_or_figure
results/figures/main_9/profile/FINAL_FIG8A_BETA040_CONFIG.json,3948,a43845045a79ebbc5c28af41440f7b00f4cee4fdf8730c91b4380f07cba7f830,FROZEN_RESULT,historical_or_figure
results/figures/main_9/profile/FINAL_FIG8A_BETA040_REPEAT_TIMINGS.csv,2736,a7f3729f4a3c4bcb198d9357b84bbabd7eb7a738277800aa19054ad9905fa538,FROZEN_RESULT,historical_or_figure
results/figures/main_9/profile/FINAL_FIG8A_BETA040_STEP_SUMMARY.csv,615,0d21183b9c6c2bc019983ef61ecd67da422e13b47eb00db0b870d85f3fe32f15,FROZEN_RESULT,historical_or_figure
results/figures/main_9/profile/QA_CHECKS.json,8882,48c38565f7c81a9c5dce98ffaa220548ea125025ea8557f17a8a017188d6e64d,FROZEN_RESULT,historical_or_figure
results/figures/main_9/source_data_manifest.json,858,4b7a5bd76bd46616f7e8e96ba005a44667d9e13f4d64e0784fa141f86f688427,FROZEN_RESULT,historical_or_figure
results/figures/main_9/source_map.json,6885,3e20bd8128bc98fa708e7e9e52be65c1929b07125169d52fca98d9e6c2605690,FROZEN_RESULT,historical_or_figure
results/historical/additional_samples/EVALUATION_MANIFEST_FROZEN.csv,1152978,df29da2bdfbd503275d7e21adb6b73693046aaa6f5cd6d88aad27fa7fc9c7818,FROZEN_RESULT,historical_or_figure
results/historical/additional_samples/NEW_VALIDATION_PAIRED_CI.csv,3004,2ccb48f03a672e8bae33052d9b17880f5d874e682b811f018f3822a7ec59c161,FROZEN_RESULT,historical_or_figure
results/historical/additional_samples/NEW_VALIDATION_PER_SEED.csv,3115,e585d3f5b7a4bad0005e00a89d5aa17b6f74573ea843a4ea53106ff15c3bec97,FROZEN_RESULT,historical_or_figure
results/historical/additional_samples/NEW_VALIDATION_SUMMARY.csv,803,1cadd74b240ef4f4cb98e5bc129c23daac51d9deef559650baacecb6d2d3d0b0,FROZEN_RESULT,historical_or_figure
results/historical/additional_samples/SCORES_LOCK.json,31020,846a3132086864cdbe52c9fa6c66dec8fa4e0847dcef19442ccdec32e1aa350a,FROZEN_RESULT,historical_or_figure
results/historical/display_transcriptions/R2.csv,790,b1f7480a4c0109a5760591b98276598adedb67511809b285f1b6c77e61d9ee6e,FROZEN_RESULT,historical_or_figure
results/historical/display_transcriptions/R4.csv,712,c81754eb34a92b1b816aa31cd3ee956c3aa1c5d2c92d756c72e5b10384a125dd,FROZEN_RESULT,historical_or_figure
results/historical/display_transcriptions/R5.csv,297,6916f008f4f25ebeee41a3edb418acb960ada8dd4433ab5c379eacec0322555c,FROZEN_RESULT,historical_or_figure
results/historical/display_transcriptions/R6b.csv,846,e6f0a12cc9988b3db13adf7cef15f98a43b6b69747204e67e97f42a913d42155,FROZEN_RESULT,historical_or_figure
results/historical/display_transcriptions/README.md,384,a779776b0883969bdba00345307ee5441685060e9ec87b5e672cb3a6865f9960,FROZEN_RESULT,historical_or_figure
results/historical/main_table5/FINAL_LAYER_ABLATION_DEVELOPMENT_RESULTS.csv,2850,8d18e801bb0874ac824b5500185cd71013234f8fb4cc3e461db39568d66c018b,FROZEN_RESULT,historical_or_figure
results/historical/main_table5/FINAL_LAYER_ABLATION_PUBLICATION_AUTHORITY.md,1778,3b4b5f2f8f7ec1a78fc30109b9f5afdc2521fb908b123064c8e66238aae92ea4,FROZEN_RESULT,historical_or_figure
results/historical/main_table5/FINAL_TABLE4_COMBINED_SOURCE.csv,1171,baddf51876f25ebe75bde95b6fecaa0f771f7ef4fd35012f1ade0918db363adb,FROZEN_RESULT,historical_or_figure
results/historical/main_table5/FINAL_TABLE4_FEATURE_LAYER_SOURCE.csv,97,bc704f37a4f8d91331ae9da75a8e6b67484f1d4a2bd520501eaf3f4a71bc89eb,FROZEN_RESULT,historical_or_figure
results/historical/main_table5/FINAL_TABLE4_VIEW_CONFIGURATION_SOURCE.csv,131,d79476c93201a6b581967cb9f510527a3ba1a196ac09ef13c2e2f004bf321bf8,FROZEN_RESULT,historical_or_figure
results/historical/main_table5/FINAL_VIEW_ABLATION_PUBLICATION_AUTHORITY.md,11482,303b11f99fe24a783ab7420fcb12d41f81445f42a5d1e63e1dbac83e900eb945,FROZEN_RESULT,historical_or_figure
results/historical/main_table5/LAYER_ABLATION_PROTOCOL.json,11488,1980a1ad8d5c176204543c3abd9e2924a4329ff118804a5b9c9e381e492840ec,FROZEN_RESULT,historical_or_figure
results/historical/main_table6/P11_VGG_POSTHOC_ARCHITECTURE_SENSITIVITY.csv,1602,ec60ae82b5b8dcb26e7232256f3aa17565178669d41c538e353ddcf07df43d75,FROZEN_RESULT,historical_or_figure
results/historical/main_table6/P12_A_holdout_per_seed.csv,2064,93f09ff117b4426d7cf48e2abf6dae440e15617c1c9904ee354b92178e9a1f4f,FROZEN_RESULT,historical_or_figure
results/historical/main_table7/P6_B_BOOTSTRAP_SUMMARY.csv,1023,b57a210bde0482f7d8bc58a731644b5e2c363682ed0b4e3a6cb1d18589016120,FROZEN_RESULT,historical_or_figure
results/historical/main_table7/P6_B_CONDITION_LEVEL_RESULTS.csv,102793,8285a9400418a39ed8defbf5440448c47c513afa74c902904d60f315776c3942,FROZEN_RESULT,historical_or_figure
results/historical/main_table7/P6_B_MACRO_SUMMARY.csv,19063,c893897257cfdf39c0709380cbfae3d692d0c541d49917f59d0b2b2f606ec0c4,FROZEN_RESULT,historical_or_figure
results/historical/main_table7/P6_B_R1_CONFIG_MANIFEST.json,6636,f9e3558b621437b6e9abade36aa2ecdd9cbc2fe76df8f173989ff91984465525,FROZEN_RESULT,historical_or_figure
results/historical/main_table7/P6_B_TABLE6_ABSOLUTE_METRICS.csv,714,8a3b84b0852443ce6afcbb304cdd1eea37cd59372d672d563c30b1a6871cd631,FROZEN_RESULT,historical_or_figure
results/historical/main_table8/CODE_PROVENANCE.json,1377,4f6e85e36f8a922cf67a26af0b303f48033761fbf2fc8f8fb53bd002c6a210e7,FROZEN_RESULT,historical_or_figure
results/historical/main_table8/FINAL_EFFICIENCY_QA.json,2202,a04a5b7cc35ce983d453adedd728c98418c2b56d4f128e55eb262fc187d24218,FROZEN_RESULT,historical_or_figure
results/historical/main_table8/FINAL_TABLE7_EFFICIENCY.csv,642,0727fb0988770b7e78f156114b134bb6a67625dc19a452f86f48a6c19bd6da5f,FROZEN_RESULT,historical_or_figure
results/historical/main_table8/PEAK_MEMORY.csv,910,2dc5f3a5210f8983eb425ecf5bd42128d58da2030e0e7ddf50d51026d7b7b371,FROZEN_RESULT,historical_or_figure
results/historical/main_table8/TIMING_PROTOCOL.json,1226,37276d85d0e3eb6f9ac6e626e3539bb28ccfc494abcbae2acb63da5d7652c4a8,FROZEN_RESULT,historical_or_figure
results/historical/main_table8/TIMING_REPEATS.csv,3745,2aaa228692fde9e384da74ec44498e31aee84f63d7490f664094aba586a24642,FROZEN_RESULT,historical_or_figure
results/historical/main_table8/TIMING_SUMMARY.csv,1637,d574ec0bbc1b23d5278713d433f758f28e221ddb366ddaddb68eed5d3019e9eb,FROZEN_RESULT,historical_or_figure
scripts/__init__.py,63,b3be407ce05dc615ea9712527743d9bc612a8dedae49d4415d9f4c9f43087212,SOURCE,confirmatory_or_historical_portable
scripts/confirmatory/__init__.py,36,07e594657ab797da5b5447b369ee5002c824ff2a69dd9d691acd2732d91db12f,SOURCE,confirmatory_or_historical_portable
scripts/confirmatory/analyze_confirmatory.py,9946,1e76af8a298c89c4a054c04d0949c8e66773b1eb7996aafe4186231d2aaa0bf3,SOURCE,confirmatory_or_historical_portable
scripts/confirmatory/bootstrap_kernel.py,2772,af75a44e210dc6ea93dd0d91247bcef946d55b05e8febfff0a66992a206e094d,SOURCE,confirmatory_or_historical_portable
scripts/confirmatory/cedl_views.py,1881,96164a326c2988cd4093acbaa998711979faee8dec50aae37e9b287ca4988f9b,SOURCE,confirmatory_or_historical_portable
scripts/confirmatory/evaluate_confirmatory.py,15434,8850e219adc3610eddf46f2c6abdf9ccfef1ad2441a9b7625f6d03d7f9c4c88c,SOURCE,confirmatory_or_historical_portable
scripts/confirmatory/preflight.py,1505,486f14dd5106da5e7e915e894f2fc8a2c83e1597a7f6d983bdb89b9fed5d50ac,SOURCE,confirmatory_or_historical_portable
scripts/confirmatory/prepare_run.py,1893,90fbe89cf9a54d0ec97d3d28434643daafc5ec55ec78352b059108c5b90f1e97,SOURCE,confirmatory_or_historical_portable
scripts/confirmatory/resume_integrity.py,5258,3b494ade87ae13df666c507bf38903eab1c07d71049d252257b71d5bf4dcc6c5,SOURCE,confirmatory_or_historical_portable
scripts/confirmatory/train_confirmatory.py,6137,bda5274fe4bcf7e5fd16bfb05227882d4c7b7f0c56aa98a954f51e054882b751,SOURCE,confirmatory_or_historical_portable
scripts/confirmatory/train_wrn.py,7642,25dda364097a8533761edf73db25470f50149e2c96715f1195fe3da000803337,SOURCE,confirmatory_or_historical_portable
scripts/historical/__init__.py,73,5f37093a17fd641a8c760e9a0b9f40a718b483c0b24a9a2b772822cd03f1e49b,SOURCE,confirmatory_or_historical_portable
scripts/historical/build_calibration_reference.py,1905,84198341650052b33000abe4f26277277a5cc4f43768dd059617f948ced40460,SOURCE,confirmatory_or_historical_portable
scripts/historical/common.py,2499,2f9284732911f0f05d9f6ed969df97c612b75151f17ce1407ba03bba99c438b1,SOURCE,confirmatory_or_historical_portable
scripts/historical/evaluate_metrics.py,1410,211b039fbdd424ac64138935425964160d96a84c8e39aaecc2306837fa508e20,SOURCE,confirmatory_or_historical_portable
scripts/historical/evaluate_orbit_gop.py,2832,6256b92c303c9e98c781a1391106fbbe746ce79de7b621f9d300aa5d5b73d798,SOURCE,confirmatory_or_historical_portable
scripts/historical/tiny_dataset.py,1804,a607a242026c448806f6bca8e895080dad5c1142d5066cb22be47670fb91e007,SOURCE,confirmatory_or_historical_portable
scripts/historical/train_edl.py,3186,468b6a4c5fd56a5da327d2c35d1682639b7187b84ceab3ab03cf28441f251e0e,SOURCE,confirmatory_or_historical_portable
scripts/reproduce_tables/__init__.py,75,503cf3a9e92714c104b5a7fed87d025e4ccbbb019425d6ab66b7e282c2d9a272,SOURCE,confirmatory_or_historical_portable
scripts/reproduce_tables/show_tables.py,555,422297670219e57063f30cb70f29b834495c04fee8c6b994699f7c7ffefdc1d0,SOURCE,confirmatory_or_historical_portable
splits/confirmatory/calibration_indices.npy,24128,d00adda5ad06546260fe262d02ee5810ff6c5a147524e9c1421ce941a81c9660,SPLIT_IDENTITY,confirmatory
splits/confirmatory/cifar10_confirmatory_split_v1.csv,2015830,3f4b54f85e66aa6b694c020012faa30171a360d83f979da70762cc3afda90e5e,SPLIT_IDENTITY,confirmatory
splits/confirmatory/cifar10_confirmatory_split_v1.json,690933,34573fb268529726eea0ff0cdbe1515a0a918a6ebdb82d2cc4e10bc14672ff22,SPLIT_IDENTITY,confirmatory
splits/confirmatory/cifar10_confirmatory_split_v1.npz,114593,47f6bddfef2e474baea8df9d49fee620168b1bbafebd4af635d77c66cf94fe5e,SPLIT_IDENTITY,confirmatory
splits/confirmatory/train_indices.npy,352128,cb2412e7c6591a5198c023539e53bb2eed1819059fd80a150ae3402f8d713c93,SPLIT_IDENTITY,confirmatory
splits/confirmatory/validation_indices.npy,24128,6b784fbfa3a2056ca28ee172ca44531bb02f15a137a2a349fc6d92395af94950,SPLIT_IDENTITY,confirmatory
splits/historical/cifar100_development_indices.npy,100128,023fd70333e4032412f02c5e520b459570f5c36a7117e7fd0e4501b77a491ae9,SPLIT_IDENTITY,historical
splits/historical/cifar100_p2_v2_holdout_indices.npy,100128,61b05e43f87251a9e34a328b878b5aaaaddecf2b0dfbe17e5be0eae8d93c696e,SPLIT_IDENTITY,historical
splits/historical/cifar10_calibration_indices.npy,24128,9eb11ea177d3a00904440a450a40da3ade3767880aecc5798750bdd9120960c6,SPLIT_IDENTITY,historical
splits/historical/cifar10_id_safety_indices.npy,16128,ad3fd63c36812961aa9ca4b5235926ef6d34cf3bf66cbc4dde3a78559c94fbb4,SPLIT_IDENTITY,historical
splits/historical/split_hashes.json,620,18340344b8dde0bf2f78e46fe4bf73c8269e3f6a9cdab7ca9889486d33f6b57d,SPLIT_IDENTITY,historical
splits/historical/train_indices.npy,360128,09211853556dc294e9a756796d8007dfe5c511713124bdc2920163dcd1765f5c,SPLIT_IDENTITY,historical
splits/historical/validation_indices.npy,40128,adc0b54caf7e75c5cd2deb912e5296bb3b87f0ef5ac1c91b231cb87d20b7c002,SPLIT_IDENTITY,historical
splits/historical/vgg_initialization.json,254,6208d58cee603577a6c5ec57046c7c11fcb97fe2fa0496ea403fa6992bfe5931,SPLIT_IDENTITY,historical
tests/test_core_cpu.py,2220,38cd601be2e7bbe2f4455721470c1764158c39a6c3292d251ad3f11d6f258fbe,SAFETY_TEST,synthetic_only
tests/test_release_safety.py,6343,529ca6c48a402fad355e6ede77ab922060d911312bf94cee173bf15704cd69fc,SAFETY_TEST,synthetic_only
training/__init__.py,0,e3b0c44298fc1c149afbf4c8996fb92427ae41e4649b934ca495991b7852b855,SOURCE,confirmatory_or_historical_portable
training/artifacts.py,1590,54e28e8d48e03c673af82efb8714dca80373c112445075fd67c0c5b0c30abacd,SOURCE,confirmatory_or_historical_portable
training/b0/__init__.py,0,e3b0c44298fc1c149afbf4c8996fb92427ae41e4649b934ca495991b7852b855,SOURCE,confirmatory_or_historical_portable
training/b0/data.py,3302,f4687fe276b90e742b83539fa7565f3c5106cb514f0070f8b340cb6bb15ac72f,SOURCE,confirmatory_or_historical_portable
training/b0/engine.py,1928,806cde8dad4be30d431eabfd8cbce19c06abc68e5ebd1e1f0003caeed8d93515,SOURCE,confirmatory_or_historical_portable
training/b0/loss.py,2229,0266db0a9b788b6a7b7f571e822418dfb0dc24571eae62fe47eb6988e75cbef8,SOURCE,confirmatory_or_historical_portable
training/b0/metrics.py,3776,790431dfb7ca2f34d951fe3c7fb1f5baf5a8132eead8eb1da51f2fb80fbfa9e9,SOURCE,confirmatory_or_historical_portable
training/b0/schedule.py,493,565dbc1313078d46648a864fcff91f1cc74e1cbe5b1fb71b44687f4b6bd31586,SOURCE,confirmatory_or_historical_portable
training/resnet.py,12974,3c8892c0939238a74f14b54c747defb2d9f53a37a32425206459f1eceada9949,SOURCE,confirmatory_or_historical_portable
training/vgg.py,26265,6d87779cef256ad50059ddd3d4a5f6ffd4b2f1ae553be30992a79d13c8b02609,SOURCE,confirmatory_or_historical_portable
training/wrn.py,6473,98f07f18a6578a9301db9b53e182c3e9db77af95b1de23421ed0856cd3c2c519,SOURCE,confirmatory_or_historical_portable
training/wrn_core.py,6510,1c42f696cee2fefddfb642f3f5a6892e2cb2a5b332e8c4f1e569a6fc84275003,SOURCE,confirmatory_or_historical_portable
