figure,file,field,meaning_and_transformation,upstream_field_or_asset,source_hash_index,recovery_script
10,PROJECT\outputs\FINAL_FIGURE_SOURCE_CLOSURE_20260909\current\figure10\figure10_plot_data.csv,case_id,first selected case in each dataset/category from sealed selected_cases.json,P4-E selected_cases/channel_signatures NPZ; Figure9 frozen cases joined to formal per-sample scores,PROJECT\outputs\FINAL_FIGURE_SOURCE_CLOSURE_20260909\manifest\upstream_sources.csv,PROJECT\outputs\FINAL_FIGURE_SOURCE_CLOSURE_20260909\recover_data.py
10,PROJECT\outputs\FINAL_FIGURE_SOURCE_CLOSURE_20260909\current\figure10\figure10_plot_data.csv,dataset,locked cifar100/tin key expanded to publication label,P4-E selected_cases/channel_signatures NPZ; Figure9 frozen cases joined to formal per-sample scores,PROJECT\outputs\FINAL_FIGURE_SOURCE_CLOSURE_20260909\manifest\upstream_sources.csv,PROJECT\outputs\FINAL_FIGURE_SOURCE_CLOSURE_20260909\recover_data.py
10,PROJECT\outputs\FINAL_FIGURE_SOURCE_CLOSURE_20260909\current\figure10\figure10_plot_data.csv,group,locked strong_fix/strong_break expanded to Positive/Negative DeltaR,P4-E selected_cases/channel_signatures NPZ; Figure9 frozen cases joined to formal per-sample scores,PROJECT\outputs\FINAL_FIGURE_SOURCE_CLOSURE_20260909\manifest\upstream_sources.csv,PROJECT\outputs\FINAL_FIGURE_SOURCE_CLOSURE_20260909\recover_data.py
10,PROJECT\outputs\FINAL_FIGURE_SOURCE_CLOSURE_20260909\current\figure10\figure10_plot_data.csv,source_index,"sealed dataset index; [3769,1271,4374,2887]",P4-E selected_cases/channel_signatures NPZ; Figure9 frozen cases joined to formal per-sample scores,PROJECT\outputs\FINAL_FIGURE_SOURCE_CLOSURE_20260909\manifest\upstream_sources.csv,PROJECT\outputs\FINAL_FIGURE_SOURCE_CLOSURE_20260909\recover_data.py
10,PROJECT\outputs\FINAL_FIGURE_SOURCE_CLOSURE_20260909\current\figure10\figure10_plot_data.csv,view,"saved view order original,brightness_0p9,reflect_shift",P4-E selected_cases/channel_signatures NPZ; Figure9 frozen cases joined to formal per-sample scores,PROJECT\outputs\FINAL_FIGURE_SOURCE_CLOSURE_20260909\manifest\upstream_sources.csv,PROJECT\outputs\FINAL_FIGURE_SOURCE_CLOSURE_20260909\recover_data.py
10,PROJECT\outputs\FINAL_FIGURE_SOURCE_CLOSURE_20260909\current\figure10\figure10_plot_data.csv,case_specific_rank,k+1 in frozen descending Top20 order,P4-E selected_cases/channel_signatures NPZ; Figure9 frozen cases joined to formal per-sample scores,PROJECT\outputs\FINAL_FIGURE_SOURCE_CLOSURE_20260909\manifest\upstream_sources.csv,PROJECT\outputs\FINAL_FIGURE_SOURCE_CLOSURE_20260909\recover_data.py
10,PROJECT\outputs\FINAL_FIGURE_SOURCE_CLOSURE_20260909\current\figure10\figure10_plot_data.csv,channel_id,"channel_signatures.npz top_channels[case,seed0,k]; checked stable argsort(mean(signatures across 3 views))[-20:][::-1]",P4-E selected_cases/channel_signatures NPZ; Figure9 frozen cases joined to formal per-sample scores,PROJECT\outputs\FINAL_FIGURE_SOURCE_CLOSURE_20260909\manifest\upstream_sources.csv,PROJECT\outputs\FINAL_FIGURE_SOURCE_CLOSURE_20260909\recover_data.py
10,PROJECT\outputs\FINAL_FIGURE_SOURCE_CLOSURE_20260909\current\figure10\figure10_plot_data.csv,allocation,"top_values[case,seed0,view,k]; exact signatures[case,seed0,view,channel_id]",P4-E selected_cases/channel_signatures NPZ; Figure9 frozen cases joined to formal per-sample scores,PROJECT\outputs\FINAL_FIGURE_SOURCE_CLOSURE_20260909\manifest\upstream_sources.csv,PROJECT\outputs\FINAL_FIGURE_SOURCE_CLOSURE_20260909\recover_data.py
10,PROJECT\outputs\FINAL_FIGURE_SOURCE_CLOSURE_20260909\current\figure10\figure10_plot_data.csv,q_func_mean_3_seeds,arithmetic mean of same-case q_func over seeds0..2 in Figure9 cases,P4-E selected_cases/channel_signatures NPZ; Figure9 frozen cases joined to formal per-sample scores,PROJECT\outputs\FINAL_FIGURE_SOURCE_CLOSURE_20260909\manifest\upstream_sources.csv,PROJECT\outputs\FINAL_FIGURE_SOURCE_CLOSURE_20260909\recover_data.py
10,PROJECT\outputs\FINAL_FIGURE_SOURCE_CLOSURE_20260909\current\figure10\figure10_plot_data.csv,delta_r_mean_3_seeds,arithmetic mean of same-case formal DeltaR over seeds0..2,P4-E selected_cases/channel_signatures NPZ; Figure9 frozen cases joined to formal per-sample scores,PROJECT\outputs\FINAL_FIGURE_SOURCE_CLOSURE_20260909\manifest\upstream_sources.csv,PROJECT\outputs\FINAL_FIGURE_SOURCE_CLOSURE_20260909\recover_data.py
10,PROJECT\outputs\FINAL_FIGURE_SOURCE_CLOSURE_20260909\current\figure10\figure10_plot_data.csv,d_GOP_mean_3_seeds,arithmetic mean of same-case historical d_gop_replay over seeds0..2; provenance metadata,P4-E selected_cases/channel_signatures NPZ; Figure9 frozen cases joined to formal per-sample scores,PROJECT\outputs\FINAL_FIGURE_SOURCE_CLOSURE_20260909\manifest\upstream_sources.csv,PROJECT\outputs\FINAL_FIGURE_SOURCE_CLOSURE_20260909\recover_data.py
10,PROJECT\outputs\FINAL_FIGURE_SOURCE_CLOSURE_20260909\current\figure10\figure10_plot_data.csv,delta_r_seed_0,"formal DeltaR for same locked case, seed 0",P4-E selected_cases/channel_signatures NPZ; Figure9 frozen cases joined to formal per-sample scores,PROJECT\outputs\FINAL_FIGURE_SOURCE_CLOSURE_20260909\manifest\upstream_sources.csv,PROJECT\outputs\FINAL_FIGURE_SOURCE_CLOSURE_20260909\recover_data.py
10,PROJECT\outputs\FINAL_FIGURE_SOURCE_CLOSURE_20260909\current\figure10\figure10_plot_data.csv,delta_r_seed_1,"formal DeltaR for same locked case, seed 1",P4-E selected_cases/channel_signatures NPZ; Figure9 frozen cases joined to formal per-sample scores,PROJECT\outputs\FINAL_FIGURE_SOURCE_CLOSURE_20260909\manifest\upstream_sources.csv,PROJECT\outputs\FINAL_FIGURE_SOURCE_CLOSURE_20260909\recover_data.py
10,PROJECT\outputs\FINAL_FIGURE_SOURCE_CLOSURE_20260909\current\figure10\figure10_plot_data.csv,delta_r_seed_2,"formal DeltaR for same locked case, seed 2",P4-E selected_cases/channel_signatures NPZ; Figure9 frozen cases joined to formal per-sample scores,PROJECT\outputs\FINAL_FIGURE_SOURCE_CLOSURE_20260909\manifest\upstream_sources.csv,PROJECT\outputs\FINAL_FIGURE_SOURCE_CLOSURE_20260909\recover_data.py
10,PROJECT\outputs\FINAL_FIGURE_SOURCE_CLOSURE_20260909\current\figure10\figure10_plot_data.npz,case_ids,four locked case IDs,sealed P4-E SVG/NPZ and Figure9 cases,PROJECT\outputs\FINAL_FIGURE_SOURCE_CLOSURE_20260909\manifest\upstream_sources.csv,PROJECT\outputs\FINAL_FIGURE_SOURCE_CLOSURE_20260909\recover_data.py
10,PROJECT\outputs\FINAL_FIGURE_SOURCE_CLOSURE_20260909\current\figure10\figure10_plot_data.npz,source_index,four locked dataset indices,sealed P4-E SVG/NPZ and Figure9 cases,PROJECT\outputs\FINAL_FIGURE_SOURCE_CLOSURE_20260909\manifest\upstream_sources.csv,PROJECT\outputs\FINAL_FIGURE_SOURCE_CLOSURE_20260909\recover_data.py
10,PROJECT\outputs\FINAL_FIGURE_SOURCE_CLOSURE_20260909\current\figure10\figure10_plot_data.npz,allocation,same 240 source NPZ float cells as CSV,sealed P4-E SVG/NPZ and Figure9 cases,PROJECT\outputs\FINAL_FIGURE_SOURCE_CLOSURE_20260909\manifest\upstream_sources.csv,PROJECT\outputs\FINAL_FIGURE_SOURCE_CLOSURE_20260909\recover_data.py
10,PROJECT\outputs\FINAL_FIGURE_SOURCE_CLOSURE_20260909\current\figure10\figure10_plot_data.npz,channel_ids,same 80 frozen case-specific channel IDs as CSV,sealed P4-E SVG/NPZ and Figure9 cases,PROJECT\outputs\FINAL_FIGURE_SOURCE_CLOSURE_20260909\manifest\upstream_sources.csv,PROJECT\outputs\FINAL_FIGURE_SOURCE_CLOSURE_20260909\recover_data.py
10,PROJECT\outputs\FINAL_FIGURE_SOURCE_CLOSURE_20260909\current\figure10\figure10_plot_data.npz,views_rgb,12 frozen 62x62 RGB arrays decoded from sealed P4-E SVG payload; exact historic array hash; never read scientific numbers from images,sealed P4-E SVG/NPZ and Figure9 cases,PROJECT\outputs\FINAL_FIGURE_SOURCE_CLOSURE_20260909\manifest\upstream_sources.csv,PROJECT\outputs\FINAL_FIGURE_SOURCE_CLOSURE_20260909\recover_data.py
10,PROJECT\outputs\FINAL_FIGURE_SOURCE_CLOSURE_20260909\current\figure10\figure10_plot_data.npz,q_func_mean,three-seed means as CSV,sealed P4-E SVG/NPZ and Figure9 cases,PROJECT\outputs\FINAL_FIGURE_SOURCE_CLOSURE_20260909\manifest\upstream_sources.csv,PROJECT\outputs\FINAL_FIGURE_SOURCE_CLOSURE_20260909\recover_data.py
10,PROJECT\outputs\FINAL_FIGURE_SOURCE_CLOSURE_20260909\current\figure10\figure10_plot_data.npz,delta_r_mean,three-seed means as CSV,sealed P4-E SVG/NPZ and Figure9 cases,PROJECT\outputs\FINAL_FIGURE_SOURCE_CLOSURE_20260909\manifest\upstream_sources.csv,PROJECT\outputs\FINAL_FIGURE_SOURCE_CLOSURE_20260909\recover_data.py
10,PROJECT\outputs\FINAL_FIGURE_SOURCE_CLOSURE_20260909\current\figure10\figure10_plot_data.npz,delta_r_seeds,four cases x three formal DeltaR values,sealed P4-E SVG/NPZ and Figure9 cases,PROJECT\outputs\FINAL_FIGURE_SOURCE_CLOSURE_20260909\manifest\upstream_sources.csv,PROJECT\outputs\FINAL_FIGURE_SOURCE_CLOSURE_20260909\recover_data.py
