method,batch_size,repeat_id,iterations,warmup_calls,elapsed_seconds,latency_ms_per_batch,Reference_ID,Reference_SHA256
brightness_only,64,0,200,50,7.009528100003081,35.047640500015405,V1_sha256_fe0df1c38ab7be97eff45f6eed44a2a1026fe0134f283444a41475ebc2d24d1d,fe0df1c38ab7be97eff45f6eed44a2a1026fe0134f283444a41475ebc2d24d1d
brightness_only,64,1,200,50,6.918865700001334,34.59432850000667,V1_sha256_fe0df1c38ab7be97eff45f6eed44a2a1026fe0134f283444a41475ebc2d24d1d,fe0df1c38ab7be97eff45f6eed44a2a1026fe0134f283444a41475ebc2d24d1d
brightness_only,64,2,200,50,6.78978520000237,33.94892600001185,V1_sha256_fe0df1c38ab7be97eff45f6eed44a2a1026fe0134f283444a41475ebc2d24d1d,fe0df1c38ab7be97eff45f6eed44a2a1026fe0134f283444a41475ebc2d24d1d
brightness_only,64,3,200,50,5.9586056000007375,29.793028000003687,V1_sha256_fe0df1c38ab7be97eff45f6eed44a2a1026fe0134f283444a41475ebc2d24d1d,fe0df1c38ab7be97eff45f6eed44a2a1026fe0134f283444a41475ebc2d24d1d
brightness_only,64,4,200,50,5.767302699998254,28.83651349999127,V1_sha256_fe0df1c38ab7be97eff45f6eed44a2a1026fe0134f283444a41475ebc2d24d1d,fe0df1c38ab7be97eff45f6eed44a2a1026fe0134f283444a41475ebc2d24d1d
shift_only,64,0,200,50,5.758447299998807,28.792236499994033,V2_sha256_55349af5fc71244f3994ea0de104c6fc0d84c0659586786c55acf314728a2b5a,55349af5fc71244f3994ea0de104c6fc0d84c0659586786c55acf314728a2b5a
shift_only,64,1,200,50,5.762163200000941,28.810816000004706,V2_sha256_55349af5fc71244f3994ea0de104c6fc0d84c0659586786c55acf314728a2b5a,55349af5fc71244f3994ea0de104c6fc0d84c0659586786c55acf314728a2b5a
shift_only,64,2,200,50,5.7640349000030255,28.820174500015128,V2_sha256_55349af5fc71244f3994ea0de104c6fc0d84c0659586786c55acf314728a2b5a,55349af5fc71244f3994ea0de104c6fc0d84c0659586786c55acf314728a2b5a
shift_only,64,3,200,50,5.759897600000841,28.799488000004203,V2_sha256_55349af5fc71244f3994ea0de104c6fc0d84c0659586786c55acf314728a2b5a,55349af5fc71244f3994ea0de104c6fc0d84c0659586786c55acf314728a2b5a
shift_only,64,4,200,50,5.7592379999987315,28.796189999993658,V2_sha256_55349af5fc71244f3994ea0de104c6fc0d84c0659586786c55acf314728a2b5a,55349af5fc71244f3994ea0de104c6fc0d84c0659586786c55acf314728a2b5a
orbit_gop,64,0,200,50,9.24715389999983,46.23576949999915,V3_sha256_adc3ead98d9bdc36aeb2731ae662d4cc915ccba3b31b7063b961caadb7ded776,adc3ead98d9bdc36aeb2731ae662d4cc915ccba3b31b7063b961caadb7ded776
orbit_gop,64,1,200,50,8.964291599997523,44.821457999987615,V3_sha256_adc3ead98d9bdc36aeb2731ae662d4cc915ccba3b31b7063b961caadb7ded776,adc3ead98d9bdc36aeb2731ae662d4cc915ccba3b31b7063b961caadb7ded776
orbit_gop,64,2,200,50,8.65581949999978,43.2790974999989,V3_sha256_adc3ead98d9bdc36aeb2731ae662d4cc915ccba3b31b7063b961caadb7ded776,adc3ead98d9bdc36aeb2731ae662d4cc915ccba3b31b7063b961caadb7ded776
orbit_gop,64,3,200,50,8.719822099999874,43.59911049999937,V3_sha256_adc3ead98d9bdc36aeb2731ae662d4cc915ccba3b31b7063b961caadb7ded776,adc3ead98d9bdc36aeb2731ae662d4cc915ccba3b31b7063b961caadb7ded776
orbit_gop,64,4,200,50,8.654041200003121,43.270206000015605,V3_sha256_adc3ead98d9bdc36aeb2731ae662d4cc915ccba3b31b7063b961caadb7ded776,adc3ead98d9bdc36aeb2731ae662d4cc915ccba3b31b7063b961caadb7ded776
