figure,backbone,dataset,comparison,seed,metric,statistic,raw_proportion,scale_factor,display_unit,rounding,source_path,source_sha256,aggregation
Fig4,resnet18,ID,Orbit_GOP - Global_EDL,3.0,AURC,per-seed difference,-0.0001310164328466,1000,10^-3,none,PROJECT\outputs\Orbit-GOP-confirmatory-20260917-stage8\results\confirmatory_pairwise_effects.csv,292de422e51ca847519a60ce28b13b3a0963409b7bcd7d4113e1573761238fa5,
Fig4,resnet18,ID,Orbit_GOP - Global_EDL,4.0,AURC,per-seed difference,-0.0006752180159466,1000,10^-3,none,PROJECT\outputs\Orbit-GOP-confirmatory-20260917-stage8\results\confirmatory_pairwise_effects.csv,292de422e51ca847519a60ce28b13b3a0963409b7bcd7d4113e1573761238fa5,
Fig4,resnet18,ID,Orbit_GOP - Global_EDL,5.0,AURC,per-seed difference,-0.0002650919188016,1000,10^-3,none,PROJECT\outputs\Orbit-GOP-confirmatory-20260917-stage8\results\confirmatory_pairwise_effects.csv,292de422e51ca847519a60ce28b13b3a0963409b7bcd7d4113e1573761238fa5,
Fig4,resnet18,ID,Orbit_GOP - Global_EDL,,AURC,mean,-0.0003571087891983,1000,10^-3,none,PROJECT\outputs\Orbit-GOP-confirmatory-20260917-stage8\SECONDARY_PAIRED_EFFECTS.csv,d8b1b56ba414178e033e94e0bc929bd844521aea604055a6b1134f2115f19476,equal mean S3/S4/S5
Fig4,resnet18,ID,Orbit_GOP - Global_EDL,,AURC,CI_sample_conditional_low,-0.0007926690556423,1000,10^-3,none,PROJECT\outputs\Orbit-GOP-confirmatory-20260917-stage8\SECONDARY_PAIRED_EFFECTS.csv,d8b1b56ba414178e033e94e0bc929bd844521aea604055a6b1134f2115f19476,equal mean S3/S4/S5
Fig4,resnet18,ID,Orbit_GOP - Global_EDL,,AURC,CI_sample_conditional_high,4.452738486484951e-05,1000,10^-3,none,PROJECT\outputs\Orbit-GOP-confirmatory-20260917-stage8\SECONDARY_PAIRED_EFFECTS.csv,d8b1b56ba414178e033e94e0bc929bd844521aea604055a6b1134f2115f19476,equal mean S3/S4/S5
Fig4,resnet18,ID,Orbit_GOP - C_EDL_Default,3.0,AURC,per-seed difference,-0.0003553543583116,1000,10^-3,none,PROJECT\outputs\Orbit-GOP-confirmatory-20260917-stage8\results\confirmatory_pairwise_effects.csv,292de422e51ca847519a60ce28b13b3a0963409b7bcd7d4113e1573761238fa5,
Fig4,resnet18,ID,Orbit_GOP - C_EDL_Default,4.0,AURC,per-seed difference,-0.000653087917997,1000,10^-3,none,PROJECT\outputs\Orbit-GOP-confirmatory-20260917-stage8\results\confirmatory_pairwise_effects.csv,292de422e51ca847519a60ce28b13b3a0963409b7bcd7d4113e1573761238fa5,
Fig4,resnet18,ID,Orbit_GOP - C_EDL_Default,5.0,AURC,per-seed difference,-0.0003700542515383,1000,10^-3,none,PROJECT\outputs\Orbit-GOP-confirmatory-20260917-stage8\results\confirmatory_pairwise_effects.csv,292de422e51ca847519a60ce28b13b3a0963409b7bcd7d4113e1573761238fa5,
Fig4,resnet18,ID,Orbit_GOP - C_EDL_Default,,AURC,mean,-0.0004594988426156,1000,10^-3,none,PROJECT\outputs\Orbit-GOP-confirmatory-20260917-stage8\SECONDARY_PAIRED_EFFECTS.csv,d8b1b56ba414178e033e94e0bc929bd844521aea604055a6b1134f2115f19476,equal mean S3/S4/S5
Fig4,resnet18,ID,Orbit_GOP - C_EDL_Default,,AURC,CI_sample_conditional_low,-0.0009307519330608,1000,10^-3,none,PROJECT\outputs\Orbit-GOP-confirmatory-20260917-stage8\SECONDARY_PAIRED_EFFECTS.csv,d8b1b56ba414178e033e94e0bc929bd844521aea604055a6b1134f2115f19476,equal mean S3/S4/S5
Fig4,resnet18,ID,Orbit_GOP - C_EDL_Default,,AURC,CI_sample_conditional_high,2.1235098345850757e-06,1000,10^-3,none,PROJECT\outputs\Orbit-GOP-confirmatory-20260917-stage8\SECONDARY_PAIRED_EFFECTS.csv,d8b1b56ba414178e033e94e0bc929bd844521aea604055a6b1134f2115f19476,equal mean S3/S4/S5
Fig4,resnet18,ID,Orbit_GOP - C_EDL_Fixed_Dev_Tuned,3.0,AURC,per-seed difference,-0.0003193994127244,1000,10^-3,none,PROJECT\outputs\Orbit-GOP-confirmatory-20260917-stage8\results\confirmatory_pairwise_effects.csv,292de422e51ca847519a60ce28b13b3a0963409b7bcd7d4113e1573761238fa5,
Fig4,resnet18,ID,Orbit_GOP - C_EDL_Fixed_Dev_Tuned,4.0,AURC,per-seed difference,-0.0006287511406123,1000,10^-3,none,PROJECT\outputs\Orbit-GOP-confirmatory-20260917-stage8\results\confirmatory_pairwise_effects.csv,292de422e51ca847519a60ce28b13b3a0963409b7bcd7d4113e1573761238fa5,
Fig4,resnet18,ID,Orbit_GOP - C_EDL_Fixed_Dev_Tuned,5.0,AURC,per-seed difference,-0.0003897229729882,1000,10^-3,none,PROJECT\outputs\Orbit-GOP-confirmatory-20260917-stage8\results\confirmatory_pairwise_effects.csv,292de422e51ca847519a60ce28b13b3a0963409b7bcd7d4113e1573761238fa5,
Fig4,resnet18,ID,Orbit_GOP - C_EDL_Fixed_Dev_Tuned,,AURC,mean,-0.0004459578421083,1000,10^-3,none,PROJECT\outputs\Orbit-GOP-confirmatory-20260917-stage8\SECONDARY_PAIRED_EFFECTS.csv,d8b1b56ba414178e033e94e0bc929bd844521aea604055a6b1134f2115f19476,equal mean S3/S4/S5
Fig4,resnet18,ID,Orbit_GOP - C_EDL_Fixed_Dev_Tuned,,AURC,CI_sample_conditional_low,-0.0008840531149159,1000,10^-3,none,PROJECT\outputs\Orbit-GOP-confirmatory-20260917-stage8\SECONDARY_PAIRED_EFFECTS.csv,d8b1b56ba414178e033e94e0bc929bd844521aea604055a6b1134f2115f19476,equal mean S3/S4/S5
Fig4,resnet18,ID,Orbit_GOP - C_EDL_Fixed_Dev_Tuned,,AURC,CI_sample_conditional_high,-2.7108990661088422e-05,1000,10^-3,none,PROJECT\outputs\Orbit-GOP-confirmatory-20260917-stage8\SECONDARY_PAIRED_EFFECTS.csv,d8b1b56ba414178e033e94e0bc929bd844521aea604055a6b1134f2115f19476,equal mean S3/S4/S5
Fig4,vgg16_bn,ID,Orbit_GOP - Global_EDL,3.0,AURC,per-seed difference,-0.0021059728038735,1000,10^-3,none,PROJECT\outputs\Orbit-GOP-confirmatory-20260917-stage8\results\confirmatory_pairwise_effects.csv,292de422e51ca847519a60ce28b13b3a0963409b7bcd7d4113e1573761238fa5,
Fig4,vgg16_bn,ID,Orbit_GOP - Global_EDL,4.0,AURC,per-seed difference,-0.0030059846806281,1000,10^-3,none,PROJECT\outputs\Orbit-GOP-confirmatory-20260917-stage8\results\confirmatory_pairwise_effects.csv,292de422e51ca847519a60ce28b13b3a0963409b7bcd7d4113e1573761238fa5,
Fig4,vgg16_bn,ID,Orbit_GOP - Global_EDL,5.0,AURC,per-seed difference,-0.0028496924372563,1000,10^-3,none,PROJECT\outputs\Orbit-GOP-confirmatory-20260917-stage8\results\confirmatory_pairwise_effects.csv,292de422e51ca847519a60ce28b13b3a0963409b7bcd7d4113e1573761238fa5,
Fig4,vgg16_bn,ID,Orbit_GOP - Global_EDL,,AURC,mean,-0.0026538833072526,1000,10^-3,none,PROJECT\outputs\Orbit-GOP-confirmatory-20260917-stage8\SECONDARY_PAIRED_EFFECTS.csv,d8b1b56ba414178e033e94e0bc929bd844521aea604055a6b1134f2115f19476,equal mean S3/S4/S5
Fig4,vgg16_bn,ID,Orbit_GOP - Global_EDL,,AURC,CI_sample_conditional_low,-0.0039326682031249,1000,10^-3,none,PROJECT\outputs\Orbit-GOP-confirmatory-20260917-stage8\SECONDARY_PAIRED_EFFECTS.csv,d8b1b56ba414178e033e94e0bc929bd844521aea604055a6b1134f2115f19476,equal mean S3/S4/S5
Fig4,vgg16_bn,ID,Orbit_GOP - Global_EDL,,AURC,CI_sample_conditional_high,-0.0015792338450013,1000,10^-3,none,PROJECT\outputs\Orbit-GOP-confirmatory-20260917-stage8\SECONDARY_PAIRED_EFFECTS.csv,d8b1b56ba414178e033e94e0bc929bd844521aea604055a6b1134f2115f19476,equal mean S3/S4/S5
Fig4,vgg16_bn,ID,Orbit_GOP - C_EDL_Default,3.0,AURC,per-seed difference,0.0005939428520538,1000,10^-3,none,PROJECT\outputs\Orbit-GOP-confirmatory-20260917-stage8\results\confirmatory_pairwise_effects.csv,292de422e51ca847519a60ce28b13b3a0963409b7bcd7d4113e1573761238fa5,
Fig4,vgg16_bn,ID,Orbit_GOP - C_EDL_Default,4.0,AURC,per-seed difference,-0.0003412081313187,1000,10^-3,none,PROJECT\outputs\Orbit-GOP-confirmatory-20260917-stage8\results\confirmatory_pairwise_effects.csv,292de422e51ca847519a60ce28b13b3a0963409b7bcd7d4113e1573761238fa5,
Fig4,vgg16_bn,ID,Orbit_GOP - C_EDL_Default,5.0,AURC,per-seed difference,-0.0009420757398138,1000,10^-3,none,PROJECT\outputs\Orbit-GOP-confirmatory-20260917-stage8\results\confirmatory_pairwise_effects.csv,292de422e51ca847519a60ce28b13b3a0963409b7bcd7d4113e1573761238fa5,
Fig4,vgg16_bn,ID,Orbit_GOP - C_EDL_Default,,AURC,mean,-0.0002297803396929,1000,10^-3,none,PROJECT\outputs\Orbit-GOP-confirmatory-20260917-stage8\SECONDARY_PAIRED_EFFECTS.csv,d8b1b56ba414178e033e94e0bc929bd844521aea604055a6b1134f2115f19476,equal mean S3/S4/S5
Fig4,vgg16_bn,ID,Orbit_GOP - C_EDL_Default,,AURC,CI_sample_conditional_low,-0.0008055933302564,1000,10^-3,none,PROJECT\outputs\Orbit-GOP-confirmatory-20260917-stage8\SECONDARY_PAIRED_EFFECTS.csv,d8b1b56ba414178e033e94e0bc929bd844521aea604055a6b1134f2115f19476,equal mean S3/S4/S5
Fig4,vgg16_bn,ID,Orbit_GOP - C_EDL_Default,,AURC,CI_sample_conditional_high,0.0003557996685069,1000,10^-3,none,PROJECT\outputs\Orbit-GOP-confirmatory-20260917-stage8\SECONDARY_PAIRED_EFFECTS.csv,d8b1b56ba414178e033e94e0bc929bd844521aea604055a6b1134f2115f19476,equal mean S3/S4/S5
Fig4,vgg16_bn,ID,Orbit_GOP - C_EDL_Fixed_Dev_Tuned,3.0,AURC,per-seed difference,0.0004456629078241,1000,10^-3,none,PROJECT\outputs\Orbit-GOP-confirmatory-20260917-stage8\results\confirmatory_pairwise_effects.csv,292de422e51ca847519a60ce28b13b3a0963409b7bcd7d4113e1573761238fa5,
Fig4,vgg16_bn,ID,Orbit_GOP - C_EDL_Fixed_Dev_Tuned,4.0,AURC,per-seed difference,-0.0005762710656583,1000,10^-3,none,PROJECT\outputs\Orbit-GOP-confirmatory-20260917-stage8\results\confirmatory_pairwise_effects.csv,292de422e51ca847519a60ce28b13b3a0963409b7bcd7d4113e1573761238fa5,
Fig4,vgg16_bn,ID,Orbit_GOP - C_EDL_Fixed_Dev_Tuned,5.0,AURC,per-seed difference,-0.0011414082760437,1000,10^-3,none,PROJECT\outputs\Orbit-GOP-confirmatory-20260917-stage8\results\confirmatory_pairwise_effects.csv,292de422e51ca847519a60ce28b13b3a0963409b7bcd7d4113e1573761238fa5,
Fig4,vgg16_bn,ID,Orbit_GOP - C_EDL_Fixed_Dev_Tuned,,AURC,mean,-0.0004240054779593,1000,10^-3,none,PROJECT\outputs\Orbit-GOP-confirmatory-20260917-stage8\SECONDARY_PAIRED_EFFECTS.csv,d8b1b56ba414178e033e94e0bc929bd844521aea604055a6b1134f2115f19476,equal mean S3/S4/S5
Fig4,vgg16_bn,ID,Orbit_GOP - C_EDL_Fixed_Dev_Tuned,,AURC,CI_sample_conditional_low,-0.0009546494901681,1000,10^-3,none,PROJECT\outputs\Orbit-GOP-confirmatory-20260917-stage8\SECONDARY_PAIRED_EFFECTS.csv,d8b1b56ba414178e033e94e0bc929bd844521aea604055a6b1134f2115f19476,equal mean S3/S4/S5
Fig4,vgg16_bn,ID,Orbit_GOP - C_EDL_Fixed_Dev_Tuned,,AURC,CI_sample_conditional_high,0.0001039477288696,1000,10^-3,none,PROJECT\outputs\Orbit-GOP-confirmatory-20260917-stage8\SECONDARY_PAIRED_EFFECTS.csv,d8b1b56ba414178e033e94e0bc929bd844521aea604055a6b1134f2115f19476,equal mean S3/S4/S5
Fig4,wrn28_10,ID,Orbit_GOP - Global_EDL,3.0,AURC,per-seed difference,5.1958601412563366e-06,1000,10^-3,none,PROJECT\outputs\Orbit-GOP-confirmatory-20260917-stage8\results\confirmatory_pairwise_effects.csv,292de422e51ca847519a60ce28b13b3a0963409b7bcd7d4113e1573761238fa5,
Fig4,wrn28_10,ID,Orbit_GOP - Global_EDL,4.0,AURC,per-seed difference,4.201415596644456e-05,1000,10^-3,none,PROJECT\outputs\Orbit-GOP-confirmatory-20260917-stage8\results\confirmatory_pairwise_effects.csv,292de422e51ca847519a60ce28b13b3a0963409b7bcd7d4113e1573761238fa5,
Fig4,wrn28_10,ID,Orbit_GOP - Global_EDL,5.0,AURC,per-seed difference,0.0001732786643329,1000,10^-3,none,PROJECT\outputs\Orbit-GOP-confirmatory-20260917-stage8\results\confirmatory_pairwise_effects.csv,292de422e51ca847519a60ce28b13b3a0963409b7bcd7d4113e1573761238fa5,
Fig4,wrn28_10,ID,Orbit_GOP - Global_EDL,,AURC,mean,7.349622681355622e-05,1000,10^-3,none,PROJECT\outputs\Orbit-GOP-confirmatory-20260917-stage8\SECONDARY_PAIRED_EFFECTS.csv,d8b1b56ba414178e033e94e0bc929bd844521aea604055a6b1134f2115f19476,equal mean S3/S4/S5
Fig4,wrn28_10,ID,Orbit_GOP - Global_EDL,,AURC,CI_sample_conditional_low,-0.0003636626935719,1000,10^-3,none,PROJECT\outputs\Orbit-GOP-confirmatory-20260917-stage8\SECONDARY_PAIRED_EFFECTS.csv,d8b1b56ba414178e033e94e0bc929bd844521aea604055a6b1134f2115f19476,equal mean S3/S4/S5
Fig4,wrn28_10,ID,Orbit_GOP - Global_EDL,,AURC,CI_sample_conditional_high,0.0005274372942483,1000,10^-3,none,PROJECT\outputs\Orbit-GOP-confirmatory-20260917-stage8\SECONDARY_PAIRED_EFFECTS.csv,d8b1b56ba414178e033e94e0bc929bd844521aea604055a6b1134f2115f19476,equal mean S3/S4/S5
Fig4,wrn28_10,ID,Orbit_GOP - C_EDL_Default,3.0,AURC,per-seed difference,0.0004350408317373,1000,10^-3,none,PROJECT\outputs\Orbit-GOP-confirmatory-20260917-stage8\results\confirmatory_pairwise_effects.csv,292de422e51ca847519a60ce28b13b3a0963409b7bcd7d4113e1573761238fa5,
Fig4,wrn28_10,ID,Orbit_GOP - C_EDL_Default,4.0,AURC,per-seed difference,0.0010188354736436,1000,10^-3,none,PROJECT\outputs\Orbit-GOP-confirmatory-20260917-stage8\results\confirmatory_pairwise_effects.csv,292de422e51ca847519a60ce28b13b3a0963409b7bcd7d4113e1573761238fa5,
Fig4,wrn28_10,ID,Orbit_GOP - C_EDL_Default,5.0,AURC,per-seed difference,0.0014739937679938,1000,10^-3,none,PROJECT\outputs\Orbit-GOP-confirmatory-20260917-stage8\results\confirmatory_pairwise_effects.csv,292de422e51ca847519a60ce28b13b3a0963409b7bcd7d4113e1573761238fa5,
Fig4,wrn28_10,ID,Orbit_GOP - C_EDL_Default,,AURC,mean,0.0009759566911249,1000,10^-3,none,PROJECT\outputs\Orbit-GOP-confirmatory-20260917-stage8\SECONDARY_PAIRED_EFFECTS.csv,d8b1b56ba414178e033e94e0bc929bd844521aea604055a6b1134f2115f19476,equal mean S3/S4/S5
Fig4,wrn28_10,ID,Orbit_GOP - C_EDL_Default,,AURC,CI_sample_conditional_low,5.085461621171478e-05,1000,10^-3,none,PROJECT\outputs\Orbit-GOP-confirmatory-20260917-stage8\SECONDARY_PAIRED_EFFECTS.csv,d8b1b56ba414178e033e94e0bc929bd844521aea604055a6b1134f2115f19476,equal mean S3/S4/S5
Fig4,wrn28_10,ID,Orbit_GOP - C_EDL_Default,,AURC,CI_sample_conditional_high,0.002036810477889,1000,10^-3,none,PROJECT\outputs\Orbit-GOP-confirmatory-20260917-stage8\SECONDARY_PAIRED_EFFECTS.csv,d8b1b56ba414178e033e94e0bc929bd844521aea604055a6b1134f2115f19476,equal mean S3/S4/S5
Fig4,wrn28_10,ID,Orbit_GOP - C_EDL_Fixed_Dev_Tuned,3.0,AURC,per-seed difference,0.0002783709242211,1000,10^-3,none,PROJECT\outputs\Orbit-GOP-confirmatory-20260917-stage8\results\confirmatory_pairwise_effects.csv,292de422e51ca847519a60ce28b13b3a0963409b7bcd7d4113e1573761238fa5,
Fig4,wrn28_10,ID,Orbit_GOP - C_EDL_Fixed_Dev_Tuned,4.0,AURC,per-seed difference,0.0009122825489091,1000,10^-3,none,PROJECT\outputs\Orbit-GOP-confirmatory-20260917-stage8\results\confirmatory_pairwise_effects.csv,292de422e51ca847519a60ce28b13b3a0963409b7bcd7d4113e1573761238fa5,
Fig4,wrn28_10,ID,Orbit_GOP - C_EDL_Fixed_Dev_Tuned,5.0,AURC,per-seed difference,0.0012301532741714,1000,10^-3,none,PROJECT\outputs\Orbit-GOP-confirmatory-20260917-stage8\results\confirmatory_pairwise_effects.csv,292de422e51ca847519a60ce28b13b3a0963409b7bcd7d4113e1573761238fa5,
Fig4,wrn28_10,ID,Orbit_GOP - C_EDL_Fixed_Dev_Tuned,,AURC,mean,0.0008069355824339,1000,10^-3,none,PROJECT\outputs\Orbit-GOP-confirmatory-20260917-stage8\SECONDARY_PAIRED_EFFECTS.csv,d8b1b56ba414178e033e94e0bc929bd844521aea604055a6b1134f2115f19476,equal mean S3/S4/S5
Fig4,wrn28_10,ID,Orbit_GOP - C_EDL_Fixed_Dev_Tuned,,AURC,CI_sample_conditional_low,-5.630401803823584e-05,1000,10^-3,none,PROJECT\outputs\Orbit-GOP-confirmatory-20260917-stage8\SECONDARY_PAIRED_EFFECTS.csv,d8b1b56ba414178e033e94e0bc929bd844521aea604055a6b1134f2115f19476,equal mean S3/S4/S5
Fig4,wrn28_10,ID,Orbit_GOP - C_EDL_Fixed_Dev_Tuned,,AURC,CI_sample_conditional_high,0.0017771628236628,1000,10^-3,none,PROJECT\outputs\Orbit-GOP-confirmatory-20260917-stage8\SECONDARY_PAIRED_EFFECTS.csv,d8b1b56ba414178e033e94e0bc929bd844521aea604055a6b1134f2115f19476,equal mean S3/S4/S5
