backbone,seed,training_commit,config_hash,split_hash,checkpoint_hash,checkpoint,best_val_epoch,fixed_epoch,val_metric,val_role,train_end_time,test_admission,status
resnet18,3,NO_ROOT_GIT_COMMIT,a58e437b6891b703435e7d949e884cdb8744a56cf43b8a9a008d8064ae80c510,47f6bddfef2e474baea8df9d49fee620168b1bbafebd4af635d77c66cf94fe5e,c707a65928b33be27fe181768c8c354999530bb193e8ab404b8b8b513adfedac,PROJECT\outputs\confirmatory_study_20260917\checkpoints\resnet18\seed_3\best.pt,198,NOT_APPLICABLE,0.929,checkpoint_selection,2026-09-17T11:23:43.162205+00:00,False,FROZEN
resnet18,4,NO_ROOT_GIT_COMMIT,a58e437b6891b703435e7d949e884cdb8744a56cf43b8a9a008d8064ae80c510,47f6bddfef2e474baea8df9d49fee620168b1bbafebd4af635d77c66cf94fe5e,2bed15e869ed32c85114925a9b1f599c2b403f8ac8933cdf39649b99d3f328af,PROJECT\outputs\confirmatory_study_20260917\checkpoints\resnet18\seed_4\best.pt,200,NOT_APPLICABLE,0.933,checkpoint_selection,2026-09-17T12:12:34.753741+00:00,False,FROZEN
resnet18,5,NO_ROOT_GIT_COMMIT,a58e437b6891b703435e7d949e884cdb8744a56cf43b8a9a008d8064ae80c510,47f6bddfef2e474baea8df9d49fee620168b1bbafebd4af635d77c66cf94fe5e,debc09a31e8f3e09da508898d0c18827a6dab87a673b840fbff66a5733f6a3e3,PROJECT\outputs\confirmatory_study_20260917\checkpoints\resnet18\seed_5\best.pt,200,NOT_APPLICABLE,0.9316666666666666,checkpoint_selection,2026-09-17T13:00:03.461281+00:00,False,FROZEN
vgg16_bn,3,NO_ROOT_GIT_COMMIT,a58e437b6891b703435e7d949e884cdb8744a56cf43b8a9a008d8064ae80c510,47f6bddfef2e474baea8df9d49fee620168b1bbafebd4af635d77c66cf94fe5e,0841c476da89d3a88a825904b3fb7263168696540773f4c4772382011363dfab,PROJECT\outputs\confirmatory_study_20260917\checkpoints\vgg16_bn\seed_3\best.pt,184,NOT_APPLICABLE,0.9193333333333333,checkpoint_selection,2026-09-17T13:44:29.266561+00:00,False,FROZEN
vgg16_bn,4,NO_ROOT_GIT_COMMIT,a58e437b6891b703435e7d949e884cdb8744a56cf43b8a9a008d8064ae80c510,47f6bddfef2e474baea8df9d49fee620168b1bbafebd4af635d77c66cf94fe5e,517c3bda9fe52d9d7bbd17a950345c214fb1bb1470beecc633061edafe7cd590,PROJECT\outputs\confirmatory_study_20260917\checkpoints\vgg16_bn\seed_4\best.pt,200,NOT_APPLICABLE,0.923,checkpoint_selection,2026-09-17T14:28:42.357029+00:00,False,FROZEN
vgg16_bn,5,NO_ROOT_GIT_COMMIT,a58e437b6891b703435e7d949e884cdb8744a56cf43b8a9a008d8064ae80c510,47f6bddfef2e474baea8df9d49fee620168b1bbafebd4af635d77c66cf94fe5e,d57d30a1f0e56b80c968dc837066fe612feb1407a47079798f72ca12bbf0238d,PROJECT\outputs\confirmatory_study_20260917\checkpoints\vgg16_bn\seed_5\best.pt,191,NOT_APPLICABLE,0.9193333333333333,checkpoint_selection,2026-09-17T15:13:06.678120+00:00,False,FROZEN
wrn28_10,3,NO_ROOT_GIT_COMMIT,a58e437b6891b703435e7d949e884cdb8744a56cf43b8a9a008d8064ae80c510,47f6bddfef2e474baea8df9d49fee620168b1bbafebd4af635d77c66cf94fe5e,1ce9c955c27d5f308397a95f1ce1aff387123f61f45a40862b8ca2cca847d226,PROJECT\outputs\confirmatory_study_20260917\checkpoints\wrn28_10\seed_3\best.pt,NOT_APPLICABLE,200,0.9293333333333333,diagnostic_only,2026-09-17T18:41:01.581135+00:00,False,FROZEN
wrn28_10,4,NO_ROOT_GIT_COMMIT,a58e437b6891b703435e7d949e884cdb8744a56cf43b8a9a008d8064ae80c510,47f6bddfef2e474baea8df9d49fee620168b1bbafebd4af635d77c66cf94fe5e,03f2207f47987418de4b5654ff924b35f703b67c022e75116a1ce2b7456f7302,PROJECT\outputs\confirmatory_study_20260917\checkpoints\wrn28_10\seed_4\best.pt,NOT_APPLICABLE,200,0.931,diagnostic_only,2026-09-17T22:08:44.067773+00:00,False,FROZEN
wrn28_10,5,NO_ROOT_GIT_COMMIT,ad2e3ac11db83dbf253835aa692ec4b7efb7ff3fd6b4565a7103956ffffea347,47f6bddfef2e474baea8df9d49fee620168b1bbafebd4af635d77c66cf94fe5e,69e633563080635eba1b608902c26ab99c606ef8f0152d173eb5143ad48a3556,PROJECT\outputs\Orbit-GOP-confirmatory-20260917-v2\checkpoints\wrn28_10\seed_5\best.pt,NOT_APPLICABLE,200,0.929,diagnostic_only,2026-09-18T12:31:45.712811+00:00,False,FROZEN
