case_id,dataset,category,selection_order,sample_index,source_label,seed,source_index,q_func,d_GOP,delta_r
cifar100_strong_break_1,cifar100,strong_break,1,1271,13,0,1271,0.100334448160535,0.0022612224006756,-0.223
cifar100_strong_break_1,cifar100,strong_break,1,1271,13,1,1271,0.112211221122112,0.0023533328243422,-0.2407
cifar100_strong_break_1,cifar100,strong_break,1,1271,13,2,1271,0.13915857605178,0.0030829448187682,-0.121
cifar100_strong_break_2,cifar100,strong_break,2,1969,36,0,1969,0.0443686006825939,0.0021855871817062,-0.2771
cifar100_strong_break_2,cifar100,strong_break,2,1969,36,1,1969,0,0.0012841014412455,-0.3125
cifar100_strong_break_2,cifar100,strong_break,2,1969,36,2,1969,0.434343434343434,0.0059886052884216,-0.0694
cifar100_strong_fix_1,cifar100,strong_fix,1,3769,81,0,3769,0.899665551839465,0.0165893300426265,0.3667
cifar100_strong_fix_1,cifar100,strong_fix,1,3769,81,1,3769,0.838283828382838,0.0148166242233823,0.3188
cifar100_strong_fix_1,cifar100,strong_fix,1,3769,81,2,3769,0.870550161812298,0.016552759627412,0.3011
cifar100_strong_fix_2,cifar100,strong_fix,2,2320,12,0,2320,0.911262798634812,0.0155366093517136,0.297
cifar100_strong_fix_2,cifar100,strong_fix,2,2320,12,1,2320,0.986928104575163,0.0399336103628127,0.3879
cifar100_strong_fix_2,cifar100,strong_fix,2,2320,12,2,2320,0.88628762541806,0.0127294723812257,0.2929
tin_strong_break_1,tin,strong_break,1,2887,36,0,2887,0.282539682539682,0.0039055393623137,-0.125
tin_strong_break_1,tin,strong_break,1,2887,36,1,2887,0.0897435897435903,0.0017821233996301,-0.203
tin_strong_break_1,tin,strong_break,1,2887,36,2,2887,0.0412698412698398,0.0013763905088891,-0.2857
tin_strong_break_2,tin,strong_break,2,2946,96,0,2946,0.0564784053156145,0.0021710528609738,-0.2371
tin_strong_break_2,tin,strong_break,2,2946,96,1,2946,0.130584192439863,0.0038576687713647,-0.1696
tin_strong_break_2,tin,strong_break,2,2946,96,2,2946,0.027027027027025,0.0017850552866395,-0.2622
tin_strong_fix_1,tin,strong_fix,1,4374,85,0,4374,0.946488294314382,0.0205947457180969,0.3195
tin_strong_fix_1,tin,strong_fix,1,4374,85,1,4374,0.953795379537955,0.0239291192287949,0.3736
tin_strong_fix_1,tin,strong_fix,1,4374,85,2,4374,0.841423948220064,0.0144321394551568,0.33
tin_strong_fix_2,tin,strong_fix,2,7779,175,0,7779,0.965079365079366,0.0317343259908428,0.3449
tin_strong_fix_2,tin,strong_fix,2,7779,175,1,7779,0.762820512820514,0.0109301541100018,0.2667
tin_strong_fix_2,tin,strong_fix,2,7779,175,2,7779,0.942857142857142,0.0341882928241929,0.3885
