dataset,q_func_bin,q_func_left,q_func_right,q_func_interval,baseline_uncertainty_bin,baseline_percentile_left,baseline_percentile_right,baseline_uncertainty_interval,n,support_seed0,support_seed1,support_seed2,low_support,low_support_rule,mean_delta_r,median_delta_r,positive_delta_r_magnitude,negative_delta_r_magnitude,delta_r_definition
cifar100,0,0,0.2,0–0.2,0,0,0.2,0–0.2,38,14,5,19,True,hatch when any seed support < 30,-0.0420447368421053,-0.03345,0,1.5977,ranking_orbit_beta040 - ranking_global
cifar100,0,0,0.2,0–0.2,1,0.2,0.4,0.2–0.4,31,10,11,10,True,hatch when any seed support < 30,-0.179929032258064,-0.1659,0,5.5778,ranking_orbit_beta040 - ranking_global
cifar100,0,0,0.2,0–0.2,2,0.4,0.6,0.4–0.6,57,25,12,20,True,hatch when any seed support < 30,-0.25659298245614,-0.254,0,14.6258,ranking_orbit_beta040 - ranking_global
cifar100,0,0,0.2,0–0.2,3,0.6,0.8,0.6–0.8,196,63,68,65,False,hatch when any seed support < 30,-0.122770408163265,-0.11585,0,24.063,ranking_orbit_beta040 - ranking_global
cifar100,0,0,0.2,0–0.2,4,0.8,1,0.8–1.0,1950,698,594,658,False,hatch when any seed support < 30,-0.0100746153846154,-0.0064999999999999,0,19.6454999999999,ranking_orbit_beta040 - ranking_global
cifar100,1,0.2,0.4,0.2–0.4,0,0,0.2,0–0.2,53,17,21,15,True,hatch when any seed support < 30,0.00982641509433962,0.01,0.963,0.4422,ranking_orbit_beta040 - ranking_global
cifar100,1,0.2,0.4,0.2–0.4,1,0.2,0.4,0.2–0.4,50,17,15,18,True,hatch when any seed support < 30,-0.075562,-0.0664,0.0173,3.7954,ranking_orbit_beta040 - ranking_global
cifar100,1,0.2,0.4,0.2–0.4,2,0.4,0.6,0.4–0.6,97,28,34,35,True,hatch when any seed support < 30,-0.137361855670103,-0.1325,0,13.3241,ranking_orbit_beta040 - ranking_global
cifar100,1,0.2,0.4,0.2–0.4,3,0.6,0.8,0.6–0.8,419,160,107,152,False,hatch when any seed support < 30,-0.070154415274463,-0.0613,0,29.3947,ranking_orbit_beta040 - ranking_global
cifar100,1,0.2,0.4,0.2–0.4,4,0.8,1,0.8–1.0,3190,1122,952,1116,False,hatch when any seed support < 30,-0.00566347962382441,-0.0037,0,18.0664999999999,ranking_orbit_beta040 - ranking_global
cifar100,2,0.4,0.6,0.4–0.6,0,0,0.2,0–0.2,68,22,29,17,True,hatch when any seed support < 30,0.105776470588235,0.1088,7.1928,0,ranking_orbit_beta040 - ranking_global
cifar100,2,0.4,0.6,0.4–0.6,1,0.2,0.4,0.2–0.4,91,29,33,29,True,hatch when any seed support < 30,0.0373901098901099,0.0382,3.75,0.3475,ranking_orbit_beta040 - ranking_global
cifar100,2,0.4,0.6,0.4–0.6,2,0.4,0.6,0.4–0.6,152,53,56,43,False,hatch when any seed support < 30,-0.0208690789473684,-0.0221,0.872299999999999,4.0444,ranking_orbit_beta040 - ranking_global
cifar100,2,0.4,0.6,0.4–0.6,3,0.6,0.8,0.6–0.8,657,205,231,221,False,hatch when any seed support < 30,-0.0212951293759513,-0.0167999999999999,0.000199999999999978,13.9911,ranking_orbit_beta040 - ranking_global
cifar100,2,0.4,0.6,0.4–0.6,4,0.8,1,0.8–1.0,4268,1292,1430,1546,False,hatch when any seed support < 30,-0.00171794751640109,-0.0013999999999999,0.253299999999985,7.58549999999983,ranking_orbit_beta040 - ranking_global
cifar100,3,0.6,0.8,0.6–0.8,0,0,0.2,0–0.2,98,28,46,24,True,hatch when any seed support < 30,0.222136734693878,0.22075,21.7694,0,ranking_orbit_beta040 - ranking_global
cifar100,3,0.6,0.8,0.6–0.8,1,0.2,0.4,0.2–0.4,126,40,44,42,False,hatch when any seed support < 30,0.157983333333333,0.1567,19.9059,0,ranking_orbit_beta040 - ranking_global
cifar100,3,0.6,0.8,0.6–0.8,2,0.4,0.6,0.4–0.6,256,76,93,87,False,hatch when any seed support < 30,0.07422890625,0.0725,19.0026,0,ranking_orbit_beta040 - ranking_global
cifar100,3,0.6,0.8,0.6–0.8,3,0.6,0.8,0.6–0.8,983,321,323,339,False,hatch when any seed support < 30,0.013770498474059,0.0106999999999999,13.7616,0.225199999999995,ranking_orbit_beta040 - ranking_global
cifar100,3,0.6,0.8,0.6–0.8,4,0.8,1,0.8–1.0,5594,1899,1832,1863,False,hatch when any seed support < 30,0.00164211655345011,0.0006,9.98649999999983,0.800499999999937,ranking_orbit_beta040 - ranking_global
cifar100,4,0.8,1,0.8–1.0,0,0,0.2,0–0.2,128,42,41,45,False,hatch when any seed support < 30,0.34676484375,0.346,44.3859,0,ranking_orbit_beta040 - ranking_global
cifar100,4,0.8,1,0.8–1.0,1,0.2,0.4,0.2–0.4,198,74,59,65,False,hatch when any seed support < 30,0.255829292929293,0.25335,50.6542,0,ranking_orbit_beta040 - ranking_global
cifar100,4,0.8,1,0.8–1.0,2,0.4,0.6,0.4–0.6,382,132,129,121,False,hatch when any seed support < 30,0.141488481675393,0.13625,54.0486,0,ranking_orbit_beta040 - ranking_global
cifar100,4,0.8,1,0.8–1.0,3,0.6,0.8,0.6–0.8,1196,385,408,403,False,hatch when any seed support < 30,0.0406781772575251,0.03285,48.6511,0,ranking_orbit_beta040 - ranking_global
cifar100,4,0.8,1,0.8–1.0,4,0.8,1,0.8–1.0,9722,3248,3427,3047,False,hatch when any seed support < 30,0.00363555338407731,0.0019,35.3559499999996,0.0110999999999977,ranking_orbit_beta040 - ranking_global
tin,0,0,0.2,0–0.2,0,0,0.2,0–0.2,6,1,2,3,True,hatch when any seed support < 30,-0.0782833333333333,-0.0843,0,0.4697,ranking_orbit_beta040 - ranking_global
tin,0,0,0.2,0–0.2,1,0.2,0.4,0.2–0.4,16,10,4,2,True,hatch when any seed support < 30,-0.19330625,-0.2017,0,3.0929,ranking_orbit_beta040 - ranking_global
tin,0,0,0.2,0–0.2,2,0.4,0.6,0.4–0.6,21,7,7,7,True,hatch when any seed support < 30,-0.241747619047619,-0.2392,0,5.0767,ranking_orbit_beta040 - ranking_global
tin,0,0,0.2,0–0.2,3,0.6,0.8,0.6–0.8,113,35,39,39,False,hatch when any seed support < 30,-0.121267256637168,-0.1128,0,13.7032,ranking_orbit_beta040 - ranking_global
tin,0,0,0.2,0–0.2,4,0.8,1,0.8–1.0,1448,561,428,459,False,hatch when any seed support < 30,-0.00957030386740328,-0.0060999999999999,0,13.8578,ranking_orbit_beta040 - ranking_global
tin,1,0.2,0.4,0.2–0.4,0,0,0.2,0–0.2,14,2,4,8,True,hatch when any seed support < 30,0.00845,0.0164,0.2516,0.1333,ranking_orbit_beta040 - ranking_global
tin,1,0.2,0.4,0.2–0.4,1,0.2,0.4,0.2–0.4,35,14,15,6,True,hatch when any seed support < 30,-0.0798914285714286,-0.0811,0.0107,2.8069,ranking_orbit_beta040 - ranking_global
tin,1,0.2,0.4,0.2–0.4,2,0.4,0.6,0.4–0.6,63,13,23,27,True,hatch when any seed support < 30,-0.135885714285714,-0.133,0,8.5608,ranking_orbit_beta040 - ranking_global
tin,1,0.2,0.4,0.2–0.4,3,0.6,0.8,0.6–0.8,249,83,68,98,False,hatch when any seed support < 30,-0.0690847389558233,-0.0613,0,17.2021,ranking_orbit_beta040 - ranking_global
tin,1,0.2,0.4,0.2–0.4,4,0.8,1,0.8–1.0,2634,913,735,986,False,hatch when any seed support < 30,-0.00516769172361424,-0.0035,0,13.6116999999999,ranking_orbit_beta040 - ranking_global
tin,2,0.4,0.6,0.4–0.6,0,0,0.2,0–0.2,24,6,10,8,True,hatch when any seed support < 30,0.0980666666666667,0.0946,2.3536,0,ranking_orbit_beta040 - ranking_global
tin,2,0.4,0.6,0.4–0.6,1,0.2,0.4,0.2–0.4,39,9,22,8,True,hatch when any seed support < 30,0.0384179487179487,0.044,1.591,0.0927,ranking_orbit_beta040 - ranking_global
tin,2,0.4,0.6,0.4–0.6,2,0.4,0.6,0.4–0.6,118,33,43,42,False,hatch when any seed support < 30,-0.0222389830508475,-0.0167499999999999,0.6122,3.2364,ranking_orbit_beta040 - ranking_global
tin,2,0.4,0.6,0.4–0.6,3,0.6,0.8,0.6–0.8,394,118,133,143,False,hatch when any seed support < 30,-0.0230593908629442,-0.01785,0.0027999999999999,9.0882,ranking_orbit_beta040 - ranking_global
tin,2,0.4,0.6,0.4–0.6,4,0.8,1,0.8–1.0,3465,1096,1121,1248,False,hatch when any seed support < 30,-0.00172135642135639,-0.0013999999999999,0.197099999999988,6.16159999999986,ranking_orbit_beta040 - ranking_global
tin,3,0.6,0.8,0.6–0.8,0,0,0.2,0–0.2,57,17,21,19,True,hatch when any seed support < 30,0.235587719298246,0.2432,13.4285,0,ranking_orbit_beta040 - ranking_global
tin,3,0.6,0.8,0.6–0.8,1,0.2,0.4,0.2–0.4,76,20,26,30,True,hatch when any seed support < 30,0.152696052631579,0.1507,11.6049,0,ranking_orbit_beta040 - ranking_global
tin,3,0.6,0.8,0.6–0.8,2,0.4,0.6,0.4–0.6,138,40,49,49,False,hatch when any seed support < 30,0.0704898550724638,0.0666,9.7276,0,ranking_orbit_beta040 - ranking_global
tin,3,0.6,0.8,0.6–0.8,3,0.6,0.8,0.6–0.8,559,184,192,183,False,hatch when any seed support < 30,0.0141168157423971,0.0113,8.03089999999999,0.139599999999996,ranking_orbit_beta040 - ranking_global
tin,3,0.6,0.8,0.6–0.8,4,0.8,1,0.8–1.0,4590,1588,1511,1491,False,hatch when any seed support < 30,0.00149784313725488,0.0005999999999999,7.55969999999985,0.684599999999941,ranking_orbit_beta040 - ranking_global
tin,4,0.8,1,0.8–1.0,0,0,0.2,0–0.2,76,18,30,28,True,hatch when any seed support < 30,0.354993421052632,0.3578,26.9795,0,ranking_orbit_beta040 - ranking_global
tin,4,0.8,1,0.8–1.0,1,0.2,0.4,0.2–0.4,96,30,38,28,True,hatch when any seed support < 30,0.260503125,0.26095,25.0083,0,ranking_orbit_beta040 - ranking_global
tin,4,0.8,1,0.8–1.0,2,0.4,0.6,0.4–0.6,206,62,79,65,False,hatch when any seed support < 30,0.145288349514563,0.1415,29.9294,0,ranking_orbit_beta040 - ranking_global
tin,4,0.8,1,0.8–1.0,3,0.6,0.8,0.6–0.8,811,263,290,258,False,hatch when any seed support < 30,0.0414257706535142,0.0335,33.5963,0,ranking_orbit_beta040 - ranking_global
tin,4,0.8,1,0.8–1.0,4,0.8,1,0.8–1.0,8131,2670,2903,2558,False,hatch when any seed support < 30,0.0033350018447915,0.0018,27.1266999999997,0.0097999999999981,ranking_orbit_beta040 - ranking_global
