method,batch_size,baseline_allocated_bytes,peak_allocated_bytes,peak_reserved_bytes,peak_allocated_MiB,peak_reserved_MiB
global_edl,1,62838272,103134720,159383552,98.35693359375,152.0
global_edl,64,62838272,232183296,394264576,221.42724609375,376.0
react_energy,1,62838272,103134720,159383552,98.35693359375,152.0
react_energy,64,62838272,232183296,394264576,221.42724609375,376.0
gaia_z,1,62838272,131543552,167772160,125.44970703125,160.0
gaia_z,64,62838272,440506880,566231040,420.10009765625,540.0
orbit_gop,1,62838272,112061952,167772160,106.87060546875,160.0
orbit_gop,64,62838272,698533376,811597824,666.17333984375,774.0
brightness_only,1,62838272,112046592,167772160,106.85595703125,160.0
brightness_only,64,62838272,697580032,809500672,665.26416015625,772.0
shift_only,1,62838272,112048640,167772160,106.85791015625,160.0
shift_only,64,62838272,697681408,809500672,665.36083984375,772.0
