method,batch_size,repeats,mean_ms,sample_sd_ms,median_ms,min_ms,max_ms,throughput_img_s
global_edl,1,5,2.3507385799988696,0.04852326996497162,2.334746999997151,2.31953959999737,2.436660999999731,425.398216759807
global_edl,64,5,10.664409199998772,0.004861759609631566,10.665201499996328,10.6575944999895,10.670190500004537,6001.270093800167
react_energy,1,5,2.4180347599991365,0.04167894998736984,2.4015567999995255,2.392859399998997,2.4922679999981483,413.55898456991457
react_energy,64,5,10.740186499995616,0.004481143063019994,10.740500499996415,10.73428599998806,10.745661500004644,5958.928180625739
gaia_z,1,5,6.453395479999744,0.2772711931099594,6.585472499999014,6.129954500000167,6.687237599999207,154.95718542264817
gaia_z,64,5,29.292448599997442,0.06616461309974933,29.279000000005908,29.234925000000658,29.404372999997577,2184.863439514769
orbit_gop,1,5,12.781648359999963,0.418551883055524,12.966399799999635,12.232642200000555,13.180265200000576,78.23717034255846
orbit_gop,64,5,42.180642599996645,0.18970935500648692,42.18898700000864,41.992687999991176,42.418010999990656,1517.2836650906095
brightness_only,1,5,8.715005759999622,0.2645134480051967,8.774907600000006,8.42273589999968,9.042856699998083,114.74461721985637
brightness_only,64,5,28.152069500003563,0.01016404307100584,28.151588500004436,28.139467000000877,28.166610499993112,2273.36750500676
shift_only,1,5,8.441559340000094,0.23765955906098823,8.49468010000055,8.078983299998072,8.732644300001994,118.46152585358583
shift_only,64,5,28.178097599997272,0.07962053163801487,28.148221499995998,28.133824500000628,28.32011299999067,2271.2675961490813
