method,batch_size,repeat_id,iterations,warmup_calls,elapsed_seconds,latency_ms_per_batch
global_edl,1,0,1000,50,2.436660999999731,2.436660999999731
global_edl,1,1,1000,50,2.334746999997151,2.334746999997151
global_edl,1,2,1000,50,2.31953959999737,2.31953959999737
global_edl,1,3,1000,50,2.3260725000000093,2.3260725000000093
global_edl,1,4,1000,50,2.3366728000000876,2.3366728000000876
global_edl,64,0,200,50,2.1340381000009074,10.670190500004537
global_edl,64,1,200,50,2.1334356000006665,10.667178000003332
global_edl,64,2,200,50,2.1315188999979,10.6575944999895
global_edl,64,3,200,50,2.1330402999992657,10.665201499996328
global_edl,64,4,200,50,2.1323763000000326,10.661881500000163
react_energy,1,0,1000,50,2.4922679999981483,2.4922679999981483
react_energy,1,1,1000,50,2.392859399998997,2.392859399998997
react_energy,1,2,1000,50,2.4027241000003414,2.4027241000003414
react_energy,1,3,1000,50,2.40076549999867,2.40076549999867
react_energy,1,4,1000,50,2.4015567999995255,2.4015567999995255
react_energy,64,0,200,50,2.149132300000929,10.745661500004644
react_energy,64,1,200,50,2.147493000000395,10.737465000001976
react_energy,64,2,200,50,2.146857199997612,10.73428599998806
react_energy,64,3,200,50,2.148603899997397,10.743019499986985
react_energy,64,4,200,50,2.148100099999283,10.740500499996415
gaia_z,1,0,1000,50,6.1773285000017495,6.1773285000017495
gaia_z,1,1,1000,50,6.129954500000167,6.129954500000167
gaia_z,1,2,1000,50,6.687237599999207,6.687237599999207
gaia_z,1,3,1000,50,6.686984299998585,6.686984299998585
gaia_z,1,4,1000,50,6.585472499999014,6.585472499999014
gaia_z,64,0,200,50,5.850773499998468,29.25386749999234
gaia_z,64,1,200,50,5.8469850000001315,29.234925000000658
gaia_z,64,2,200,50,5.880874599999515,29.404372999997577
gaia_z,64,3,200,50,5.855800000001182,29.279000000005908
gaia_z,64,4,200,50,5.858015499998146,29.29007749999073
orbit_gop,1,0,1000,50,12.966399799999635,12.966399799999635
orbit_gop,1,1,1000,50,12.232642200000555,12.232642200000555
orbit_gop,1,2,1000,50,13.08518219999678,13.08518219999678
orbit_gop,1,3,1000,50,12.443752400002268,12.443752400002268
orbit_gop,1,4,1000,50,13.180265200000576,13.180265200000576
orbit_gop,64,0,200,50,8.483602199998131,42.418010999990656
orbit_gop,64,1,200,50,8.462148999999044,42.31074499999522
orbit_gop,64,2,200,50,8.398537599998235,41.992687999991176
orbit_gop,64,3,200,50,8.398556399999507,41.99278199999753
orbit_gop,64,4,200,50,8.437797400001728,42.18898700000864
brightness_only,1,0,1000,50,8.774907600000006,8.774907600000006
brightness_only,1,1,1000,50,9.042856699998083,9.042856699998083
brightness_only,1,2,1000,50,8.42273589999968,8.42273589999968
brightness_only,1,3,1000,50,8.468751299998985,8.468751299998985
brightness_only,1,4,1000,50,8.865777300001355,8.865777300001355
brightness_only,64,0,200,50,5.630317700000887,28.151588500004436
brightness_only,64,1,200,50,5.633322099998622,28.166610499993112
brightness_only,64,2,200,50,5.631181100001413,28.155905500007066
brightness_only,64,3,200,50,5.6278934000001755,28.139467000000877
brightness_only,64,4,200,50,5.629355200002465,28.146776000012323
shift_only,1,0,1000,50,8.732644300001994,8.732644300001994
shift_only,1,1,1000,50,8.392667500000243,8.392667500000243
shift_only,1,2,1000,50,8.078983299998072,8.078983299998072
shift_only,1,3,1000,50,8.508821499999613,8.508821499999613
shift_only,1,4,1000,50,8.49468010000055,8.49468010000055
shift_only,64,0,200,50,5.6296442999992,28.148221499995998
shift_only,64,1,200,50,5.626764900000126,28.133824500000628
shift_only,64,2,200,50,5.664022599998134,28.32011299999067
shift_only,64,3,200,50,5.629654399999708,28.148271999998542
shift_only,64,4,200,50,5.628011400000105,28.140057000000525
