source,destination,sha256,copy_exact
PROJECT\outputs\Orbit-GOP-public\models\registry.py,code\vendor\models\registry.py,7d6aa13a44130b9d9a313df32eddbc9e424cfcdb15e41f13313cfea3abab719b,True
PROJECT\outputs\Orbit-GOP-public\models\resnet18.py,code\vendor\models\resnet18.py,7267d210e54c68428f0b0dc4831360ca84ef5685fb9ef33c2dcd6fe51ba65d8f,True
PROJECT\outputs\Orbit-GOP-public\models\vgg16_bn.py,code\vendor\models\vgg16_bn.py,c90cc9618a62fee4e46e18c9225a8bb62709220a7ca34940b6414f69a10c655f,True
PROJECT\outputs\Orbit-GOP-public\models\wrn28_10.py,code\vendor\models\wrn28_10.py,4a34cfdf6a52c5953e909987e6571f18ba94a867f6d81befccd021129f5621cc,True
PROJECT\outputs\Orbit-GOP-public\models\__init__.py,code\vendor\models\__init__.py,e3b0c44298fc1c149afbf4c8996fb92427ae41e4649b934ca495991b7852b855,True
PROJECT\outputs\Orbit-GOP-public\training\artifacts.py,code\vendor\training\artifacts.py,54e28e8d48e03c673af82efb8714dca80373c112445075fd67c0c5b0c30abacd,True
PROJECT\outputs\Orbit-GOP-public\training\resnet.py,code\vendor\training\resnet.py,08936753c7469bc8e24a8dd361f259842aa665d63e29952537a142bf0be07bc4,True
PROJECT\outputs\Orbit-GOP-public\training\vgg.py,code\vendor\training\vgg.py,86211dac3564bddb091c8654a08931091fa4fc33de01b3439bb1ac8c29ba5b64,True
PROJECT\outputs\Orbit-GOP-public\training\wrn.py,code\vendor\training\wrn.py,0136ef3ca74c43cc33dc5ae6cf682a28b91e8b7d0e384d7459d6fdd5e14cc97f,True
PROJECT\outputs\Orbit-GOP-public\training\wrn_core.py,code\vendor\training\wrn_core.py,1c42f696cee2fefddfb642f3f5a6892e2cb2a5b332e8c4f1e569a6fc84275003,True
PROJECT\outputs\Orbit-GOP-public\training\__init__.py,code\vendor\training\__init__.py,e3b0c44298fc1c149afbf4c8996fb92427ae41e4649b934ca495991b7852b855,True
PROJECT\outputs\Orbit-GOP-public\training\b0\data.py,code\vendor\training\b0\data.py,36b89c9b139ec3c05b34f3c7728241e88b57541a1422e7203b0ba1a050c630b0,True
PROJECT\outputs\Orbit-GOP-public\training\b0\engine.py,code\vendor\training\b0\engine.py,5c68ef0842a135aff5ed6b38bb823baec3927370d275b1f51bab61c17ef410ad,True
PROJECT\outputs\Orbit-GOP-public\training\b0\loss.py,code\vendor\training\b0\loss.py,6f079b44c0d6d68cc43482b141b736478bfc119430e0bbb4f406b562372ef38e,True
PROJECT\outputs\Orbit-GOP-public\training\b0\metrics.py,code\vendor\training\b0\metrics.py,7b26b68e51f52249c7dc780f47caef4acfac6822b7dfb551167c5eb5f0064a87,True
PROJECT\outputs\Orbit-GOP-public\training\b0\schedule.py,code\vendor\training\b0\schedule.py,e01ceeb2f7a6a6481e164c275b1bb61ea0a627e9dc7df17ae1c81f716d7d31d9,True
PROJECT\outputs\Orbit-GOP-public\training\b0\__init__.py,code\vendor\training\b0\__init__.py,e3b0c44298fc1c149afbf4c8996fb92427ae41e4649b934ca495991b7852b855,True
PROJECT\outputs\Orbit-GOP-public\orbit_gop\calibration.py,code\vendor\orbit_gop\calibration.py,bf55cad26c3a1fe79124694428bff9a16f111379777e64d5f9bbb4c1b8a03869,True
PROJECT\outputs\Orbit-GOP-public\orbit_gop\evidence.py,code\vendor\orbit_gop\evidence.py,2a0c27f4a38b60f38e3d467194c3eb7082f0a6d60a18ebfb93e7833a79391ce1,True
PROJECT\outputs\Orbit-GOP-public\orbit_gop\functional_risk.py,code\vendor\orbit_gop\functional_risk.py,6dbe913e348f533fc64c2da9a580e5714d4f0f01aff26d2aaf408ad825a8536b,True
PROJECT\outputs\Orbit-GOP-public\orbit_gop\functional_signature.py,code\vendor\orbit_gop\functional_signature.py,a6b64e426e09a8a02842668d3457c9562b5b2663d48d49b9cd6ee50df436b7aa,True
PROJECT\outputs\Orbit-GOP-public\orbit_gop\inference.py,code\vendor\orbit_gop\inference.py,987a7b420ef72c663b8437b11892abfd11da3368eedb0f3df6c785f7f61e305a,True
PROJECT\outputs\Orbit-GOP-public\orbit_gop\metrics.py,code\vendor\orbit_gop\metrics.py,d47c401835630a8ca8565441852e5b2ea89697112f11d4661c3584dab0bd1eab,True
PROJECT\outputs\Orbit-GOP-public\orbit_gop\views.py,code\vendor\orbit_gop\views.py,ccd4e0781d5d78ccdbfa7792e11e947a2014e54478a38298ddf6dc37a28e3fd5,True
PROJECT\outputs\Orbit-GOP-public\orbit_gop\_resnet_signature.py,code\vendor\orbit_gop\_resnet_signature.py,e4d39b0a01582a44b37ab00bc4ad3261f0c2b50bfdd9a4637bd575561288afbc,True
PROJECT\outputs\Orbit-GOP-public\orbit_gop\_scores.py,code\vendor\orbit_gop\_scores.py,d3955a9c226a5c97f326925cc64c83d56e4e21811e7a241661f7c96d2790a286,True
PROJECT\outputs\Orbit-GOP-public\orbit_gop\_wrn_source.py,code\vendor\orbit_gop\_wrn_source.py,bb842f56072cea8795a796aba0715e524925398f5a9bac127ade20c2a8a8e0c9,True
PROJECT\outputs\Orbit-GOP-public\orbit_gop\__init__.py,code\vendor\orbit_gop\__init__.py,e3b0c44298fc1c149afbf4c8996fb92427ae41e4649b934ca495991b7852b855,True
PROJECT\outputs\Orbit-GOP-public\baselines\cedl_offline.py,code\vendor\baselines\cedl_offline.py,ce9ea9551cfb0d979192423c60422d796258718bebb37bf365c85738bb9c835b,True
PROJECT\outputs\Orbit-GOP-public\baselines\gradnorm.py,code\vendor\baselines\gradnorm.py,2ea7712b44f6fcece9d72c374b2b62903e8bafc121f687ba03a57d5c4869d45b,True
PROJECT\outputs\Orbit-GOP-public\baselines\knn.py,code\vendor\baselines\knn.py,8cd2710f170c25dec9d24eb43b00225de7d85b35f8412b8b953c260549b5d891,True
PROJECT\outputs\Orbit-GOP-public\baselines\output_scores.py,code\vendor\baselines\output_scores.py,c4d09736b751c02ed8de5afda1f71f216db92af0fbb11bf87538d56aa6a5e25b,True
PROJECT\outputs\Orbit-GOP-public\baselines\__init__.py,code\vendor\baselines\__init__.py,e3b0c44298fc1c149afbf4c8996fb92427ae41e4649b934ca495991b7852b855,True
PROJECT\outputs\cedl_novelty_check\code\run_inference.py,code\cedl_views.py,c93c0b4940a03931484fe42cda9b215238103604e4c49ffbfb980f3faa98b898,function_AST_exact
PROJECT\outputs\P6_C_WRN28_10_TRANSFER_20260906_170857\code\core.py,code\bootstrap_kernel.py,45ea61492902ffbc4e6f644aa1063f46916f54f29fe5f78f16c460093234be09,function_AST_exact
