figure,backbone,dataset,metric,seed,statistic,raw_proportion,scale_factor,display_unit,rounding,source_path,source_sha256,aggregation
Fig3,resnet18,CIFAR100,AUROC,3.0,per-seed difference,0.0068857500000001,100,percentage points,none,PROJECT\outputs\Orbit-GOP-confirmatory-20260917-stage8\results\confirmatory_pairwise_effects.csv,292de422e51ca847519a60ce28b13b3a0963409b7bcd7d4113e1573761238fa5,
Fig3,resnet18,CIFAR100,AUROC,4.0,per-seed difference,0.00498154,100,percentage points,none,PROJECT\outputs\Orbit-GOP-confirmatory-20260917-stage8\results\confirmatory_pairwise_effects.csv,292de422e51ca847519a60ce28b13b3a0963409b7bcd7d4113e1573761238fa5,
Fig3,resnet18,CIFAR100,AUROC,5.0,per-seed difference,0.00617358,100,percentage points,none,PROJECT\outputs\Orbit-GOP-confirmatory-20260917-stage8\results\confirmatory_pairwise_effects.csv,292de422e51ca847519a60ce28b13b3a0963409b7bcd7d4113e1573761238fa5,
Fig3,resnet18,CIFAR100,AUROC,,mean,0.0060136233333334,100,percentage points,none,PROJECT\outputs\Orbit-GOP-confirmatory-20260917-stage8\PRIMARY_PAIRED_EFFECTS.csv,ed0669acb5e1edd01fb32e279c88d0eae44dea0b4e5f8839fc7faf6e2f070768,S3/S4/S5 equal mean
Fig3,resnet18,CIFAR100,AUROC,,CI_sample_conditional_low,0.005294876,100,percentage points,none,PROJECT\outputs\Orbit-GOP-confirmatory-20260917-stage8\PRIMARY_PAIRED_EFFECTS.csv,ed0669acb5e1edd01fb32e279c88d0eae44dea0b4e5f8839fc7faf6e2f070768,S3/S4/S5 equal mean
Fig3,resnet18,CIFAR100,AUROC,,CI_sample_conditional_high,0.00671860525,100,percentage points,none,PROJECT\outputs\Orbit-GOP-confirmatory-20260917-stage8\PRIMARY_PAIRED_EFFECTS.csv,ed0669acb5e1edd01fb32e279c88d0eae44dea0b4e5f8839fc7faf6e2f070768,S3/S4/S5 equal mean
Fig3,resnet18,Tiny,AUROC,3.0,per-seed difference,0.004716720133453,100,percentage points,none,PROJECT\outputs\Orbit-GOP-confirmatory-20260917-stage8\results\confirmatory_pairwise_effects.csv,292de422e51ca847519a60ce28b13b3a0963409b7bcd7d4113e1573761238fa5,
Fig3,resnet18,Tiny,AUROC,4.0,per-seed difference,0.0039012447067882,100,percentage points,none,PROJECT\outputs\Orbit-GOP-confirmatory-20260917-stage8\results\confirmatory_pairwise_effects.csv,292de422e51ca847519a60ce28b13b3a0963409b7bcd7d4113e1573761238fa5,
Fig3,resnet18,Tiny,AUROC,5.0,per-seed difference,0.0047233029641986,100,percentage points,none,PROJECT\outputs\Orbit-GOP-confirmatory-20260917-stage8\results\confirmatory_pairwise_effects.csv,292de422e51ca847519a60ce28b13b3a0963409b7bcd7d4113e1573761238fa5,
Fig3,resnet18,Tiny,AUROC,,mean,0.0044470892681466,100,percentage points,none,PROJECT\outputs\Orbit-GOP-confirmatory-20260917-stage8\PRIMARY_PAIRED_EFFECTS.csv,ed0669acb5e1edd01fb32e279c88d0eae44dea0b4e5f8839fc7faf6e2f070768,S3/S4/S5 equal mean
Fig3,resnet18,Tiny,AUROC,,CI_sample_conditional_low,0.0037676610419607,100,percentage points,none,PROJECT\outputs\Orbit-GOP-confirmatory-20260917-stage8\PRIMARY_PAIRED_EFFECTS.csv,ed0669acb5e1edd01fb32e279c88d0eae44dea0b4e5f8839fc7faf6e2f070768,S3/S4/S5 equal mean
Fig3,resnet18,Tiny,AUROC,,CI_sample_conditional_high,0.0051397880576585,100,percentage points,none,PROJECT\outputs\Orbit-GOP-confirmatory-20260917-stage8\PRIMARY_PAIRED_EFFECTS.csv,ed0669acb5e1edd01fb32e279c88d0eae44dea0b4e5f8839fc7faf6e2f070768,S3/S4/S5 equal mean
Fig3,vgg16_bn,CIFAR100,AUROC,3.0,per-seed difference,0.0176042299999998,100,percentage points,none,PROJECT\outputs\Orbit-GOP-confirmatory-20260917-stage8\results\confirmatory_pairwise_effects.csv,292de422e51ca847519a60ce28b13b3a0963409b7bcd7d4113e1573761238fa5,
Fig3,vgg16_bn,CIFAR100,AUROC,4.0,per-seed difference,0.0203401700000001,100,percentage points,none,PROJECT\outputs\Orbit-GOP-confirmatory-20260917-stage8\results\confirmatory_pairwise_effects.csv,292de422e51ca847519a60ce28b13b3a0963409b7bcd7d4113e1573761238fa5,
Fig3,vgg16_bn,CIFAR100,AUROC,5.0,per-seed difference,0.0193083799999999,100,percentage points,none,PROJECT\outputs\Orbit-GOP-confirmatory-20260917-stage8\results\confirmatory_pairwise_effects.csv,292de422e51ca847519a60ce28b13b3a0963409b7bcd7d4113e1573761238fa5,
Fig3,vgg16_bn,CIFAR100,AUROC,,mean,0.0190842599999999,100,percentage points,none,PROJECT\outputs\Orbit-GOP-confirmatory-20260917-stage8\PRIMARY_PAIRED_EFFECTS.csv,ed0669acb5e1edd01fb32e279c88d0eae44dea0b4e5f8839fc7faf6e2f070768,S3/S4/S5 equal mean
Fig3,vgg16_bn,CIFAR100,AUROC,,CI_sample_conditional_low,0.01784517475,100,percentage points,none,PROJECT\outputs\Orbit-GOP-confirmatory-20260917-stage8\PRIMARY_PAIRED_EFFECTS.csv,ed0669acb5e1edd01fb32e279c88d0eae44dea0b4e5f8839fc7faf6e2f070768,S3/S4/S5 equal mean
Fig3,vgg16_bn,CIFAR100,AUROC,,CI_sample_conditional_high,0.0203470986666666,100,percentage points,none,PROJECT\outputs\Orbit-GOP-confirmatory-20260917-stage8\PRIMARY_PAIRED_EFFECTS.csv,ed0669acb5e1edd01fb32e279c88d0eae44dea0b4e5f8839fc7faf6e2f070768,S3/S4/S5 equal mean
Fig3,vgg16_bn,Tiny,AUROC,3.0,per-seed difference,0.0142440010265624,100,percentage points,none,PROJECT\outputs\Orbit-GOP-confirmatory-20260917-stage8\results\confirmatory_pairwise_effects.csv,292de422e51ca847519a60ce28b13b3a0963409b7bcd7d4113e1573761238fa5,
Fig3,vgg16_bn,Tiny,AUROC,4.0,per-seed difference,0.0173853329911458,100,percentage points,none,PROJECT\outputs\Orbit-GOP-confirmatory-20260917-stage8\results\confirmatory_pairwise_effects.csv,292de422e51ca847519a60ce28b13b3a0963409b7bcd7d4113e1573761238fa5,
Fig3,vgg16_bn,Tiny,AUROC,5.0,per-seed difference,0.0162308738611575,100,percentage points,none,PROJECT\outputs\Orbit-GOP-confirmatory-20260917-stage8\results\confirmatory_pairwise_effects.csv,292de422e51ca847519a60ce28b13b3a0963409b7bcd7d4113e1573761238fa5,
Fig3,vgg16_bn,Tiny,AUROC,,mean,0.0159534026262886,100,percentage points,none,PROJECT\outputs\Orbit-GOP-confirmatory-20260917-stage8\PRIMARY_PAIRED_EFFECTS.csv,ed0669acb5e1edd01fb32e279c88d0eae44dea0b4e5f8839fc7faf6e2f070768,S3/S4/S5 equal mean
Fig3,vgg16_bn,Tiny,AUROC,,CI_sample_conditional_low,0.0146960058171863,100,percentage points,none,PROJECT\outputs\Orbit-GOP-confirmatory-20260917-stage8\PRIMARY_PAIRED_EFFECTS.csv,ed0669acb5e1edd01fb32e279c88d0eae44dea0b4e5f8839fc7faf6e2f070768,S3/S4/S5 equal mean
Fig3,vgg16_bn,Tiny,AUROC,,CI_sample_conditional_high,0.0172302274477094,100,percentage points,none,PROJECT\outputs\Orbit-GOP-confirmatory-20260917-stage8\PRIMARY_PAIRED_EFFECTS.csv,ed0669acb5e1edd01fb32e279c88d0eae44dea0b4e5f8839fc7faf6e2f070768,S3/S4/S5 equal mean
Fig3,wrn28_10,CIFAR100,AUROC,3.0,per-seed difference,0.0018440800000001,100,percentage points,none,PROJECT\outputs\Orbit-GOP-confirmatory-20260917-stage8\results\confirmatory_pairwise_effects.csv,292de422e51ca847519a60ce28b13b3a0963409b7bcd7d4113e1573761238fa5,
Fig3,wrn28_10,CIFAR100,AUROC,4.0,per-seed difference,0.0034221599999998,100,percentage points,none,PROJECT\outputs\Orbit-GOP-confirmatory-20260917-stage8\results\confirmatory_pairwise_effects.csv,292de422e51ca847519a60ce28b13b3a0963409b7bcd7d4113e1573761238fa5,
Fig3,wrn28_10,CIFAR100,AUROC,5.0,per-seed difference,0.00491249,100,percentage points,none,PROJECT\outputs\Orbit-GOP-confirmatory-20260917-stage8\results\confirmatory_pairwise_effects.csv,292de422e51ca847519a60ce28b13b3a0963409b7bcd7d4113e1573761238fa5,
Fig3,wrn28_10,CIFAR100,AUROC,,mean,0.00339291,100,percentage points,none,PROJECT\outputs\Orbit-GOP-confirmatory-20260917-stage8\PRIMARY_PAIRED_EFFECTS.csv,ed0669acb5e1edd01fb32e279c88d0eae44dea0b4e5f8839fc7faf6e2f070768,S3/S4/S5 equal mean
Fig3,wrn28_10,CIFAR100,AUROC,,CI_sample_conditional_low,0.0026907845,100,percentage points,none,PROJECT\outputs\Orbit-GOP-confirmatory-20260917-stage8\PRIMARY_PAIRED_EFFECTS.csv,ed0669acb5e1edd01fb32e279c88d0eae44dea0b4e5f8839fc7faf6e2f070768,S3/S4/S5 equal mean
Fig3,wrn28_10,CIFAR100,AUROC,,CI_sample_conditional_high,0.0041177375833333,100,percentage points,none,PROJECT\outputs\Orbit-GOP-confirmatory-20260917-stage8\PRIMARY_PAIRED_EFFECTS.csv,ed0669acb5e1edd01fb32e279c88d0eae44dea0b4e5f8839fc7faf6e2f070768,S3/S4/S5 equal mean
Fig3,wrn28_10,Tiny,AUROC,3.0,per-seed difference,0.0020928397279609,100,percentage points,none,PROJECT\outputs\Orbit-GOP-confirmatory-20260917-stage8\results\confirmatory_pairwise_effects.csv,292de422e51ca847519a60ce28b13b3a0963409b7bcd7d4113e1573761238fa5,
Fig3,wrn28_10,Tiny,AUROC,4.0,per-seed difference,0.0022209675349672,100,percentage points,none,PROJECT\outputs\Orbit-GOP-confirmatory-20260917-stage8\results\confirmatory_pairwise_effects.csv,292de422e51ca847519a60ce28b13b3a0963409b7bcd7d4113e1573761238fa5,
Fig3,wrn28_10,Tiny,AUROC,5.0,per-seed difference,0.003645117413063,100,percentage points,none,PROJECT\outputs\Orbit-GOP-confirmatory-20260917-stage8\results\confirmatory_pairwise_effects.csv,292de422e51ca847519a60ce28b13b3a0963409b7bcd7d4113e1573761238fa5,
Fig3,wrn28_10,Tiny,AUROC,,mean,0.002652974891997,100,percentage points,none,PROJECT\outputs\Orbit-GOP-confirmatory-20260917-stage8\PRIMARY_PAIRED_EFFECTS.csv,ed0669acb5e1edd01fb32e279c88d0eae44dea0b4e5f8839fc7faf6e2f070768,S3/S4/S5 equal mean
Fig3,wrn28_10,Tiny,AUROC,,CI_sample_conditional_low,0.0019724541254972,100,percentage points,none,PROJECT\outputs\Orbit-GOP-confirmatory-20260917-stage8\PRIMARY_PAIRED_EFFECTS.csv,ed0669acb5e1edd01fb32e279c88d0eae44dea0b4e5f8839fc7faf6e2f070768,S3/S4/S5 equal mean
Fig3,wrn28_10,Tiny,AUROC,,CI_sample_conditional_high,0.0033604486932717,100,percentage points,none,PROJECT\outputs\Orbit-GOP-confirmatory-20260917-stage8\PRIMARY_PAIRED_EFFECTS.csv,ed0669acb5e1edd01fb32e279c88d0eae44dea0b4e5f8839fc7faf6e2f070768,S3/S4/S5 equal mean
Fig3,resnet18,CIFAR100,FPR95,3.0,per-seed difference,-0.0697999999999999,100,percentage points,none,PROJECT\outputs\Orbit-GOP-confirmatory-20260917-stage8\results\confirmatory_pairwise_effects.csv,292de422e51ca847519a60ce28b13b3a0963409b7bcd7d4113e1573761238fa5,
Fig3,resnet18,CIFAR100,FPR95,4.0,per-seed difference,-0.0539,100,percentage points,none,PROJECT\outputs\Orbit-GOP-confirmatory-20260917-stage8\results\confirmatory_pairwise_effects.csv,292de422e51ca847519a60ce28b13b3a0963409b7bcd7d4113e1573761238fa5,
Fig3,resnet18,CIFAR100,FPR95,5.0,per-seed difference,-0.0595999999999999,100,percentage points,none,PROJECT\outputs\Orbit-GOP-confirmatory-20260917-stage8\results\confirmatory_pairwise_effects.csv,292de422e51ca847519a60ce28b13b3a0963409b7bcd7d4113e1573761238fa5,
Fig3,resnet18,CIFAR100,FPR95,,mean,-0.0610999999999999,100,percentage points,none,PROJECT\outputs\Orbit-GOP-confirmatory-20260917-stage8\PRIMARY_PAIRED_EFFECTS.csv,ed0669acb5e1edd01fb32e279c88d0eae44dea0b4e5f8839fc7faf6e2f070768,S3/S4/S5 equal mean
Fig3,resnet18,CIFAR100,FPR95,,CI_sample_conditional_low,-0.0718341666666666,100,percentage points,none,PROJECT\outputs\Orbit-GOP-confirmatory-20260917-stage8\PRIMARY_PAIRED_EFFECTS.csv,ed0669acb5e1edd01fb32e279c88d0eae44dea0b4e5f8839fc7faf6e2f070768,S3/S4/S5 equal mean
Fig3,resnet18,CIFAR100,FPR95,,CI_sample_conditional_high,-0.0486,100,percentage points,none,PROJECT\outputs\Orbit-GOP-confirmatory-20260917-stage8\PRIMARY_PAIRED_EFFECTS.csv,ed0669acb5e1edd01fb32e279c88d0eae44dea0b4e5f8839fc7faf6e2f070768,S3/S4/S5 equal mean
Fig3,resnet18,Tiny,FPR95,3.0,per-seed difference,-0.0337,100,percentage points,none,PROJECT\outputs\Orbit-GOP-confirmatory-20260917-stage8\results\confirmatory_pairwise_effects.csv,292de422e51ca847519a60ce28b13b3a0963409b7bcd7d4113e1573761238fa5,
Fig3,resnet18,Tiny,FPR95,4.0,per-seed difference,-0.0226999999999999,100,percentage points,none,PROJECT\outputs\Orbit-GOP-confirmatory-20260917-stage8\results\confirmatory_pairwise_effects.csv,292de422e51ca847519a60ce28b13b3a0963409b7bcd7d4113e1573761238fa5,
Fig3,resnet18,Tiny,FPR95,5.0,per-seed difference,-0.0312999999999999,100,percentage points,none,PROJECT\outputs\Orbit-GOP-confirmatory-20260917-stage8\results\confirmatory_pairwise_effects.csv,292de422e51ca847519a60ce28b13b3a0963409b7bcd7d4113e1573761238fa5,
Fig3,resnet18,Tiny,FPR95,,mean,-0.0292333333333333,100,percentage points,none,PROJECT\outputs\Orbit-GOP-confirmatory-20260917-stage8\PRIMARY_PAIRED_EFFECTS.csv,ed0669acb5e1edd01fb32e279c88d0eae44dea0b4e5f8839fc7faf6e2f070768,S3/S4/S5 equal mean
Fig3,resnet18,Tiny,FPR95,,CI_sample_conditional_low,-0.0368675,100,percentage points,none,PROJECT\outputs\Orbit-GOP-confirmatory-20260917-stage8\PRIMARY_PAIRED_EFFECTS.csv,ed0669acb5e1edd01fb32e279c88d0eae44dea0b4e5f8839fc7faf6e2f070768,S3/S4/S5 equal mean
Fig3,resnet18,Tiny,FPR95,,CI_sample_conditional_high,-0.0220999999999999,100,percentage points,none,PROJECT\outputs\Orbit-GOP-confirmatory-20260917-stage8\PRIMARY_PAIRED_EFFECTS.csv,ed0669acb5e1edd01fb32e279c88d0eae44dea0b4e5f8839fc7faf6e2f070768,S3/S4/S5 equal mean
Fig3,vgg16_bn,CIFAR100,FPR95,3.0,per-seed difference,-0.1903,100,percentage points,none,PROJECT\outputs\Orbit-GOP-confirmatory-20260917-stage8\results\confirmatory_pairwise_effects.csv,292de422e51ca847519a60ce28b13b3a0963409b7bcd7d4113e1573761238fa5,
Fig3,vgg16_bn,CIFAR100,FPR95,4.0,per-seed difference,-0.2180999999999999,100,percentage points,none,PROJECT\outputs\Orbit-GOP-confirmatory-20260917-stage8\results\confirmatory_pairwise_effects.csv,292de422e51ca847519a60ce28b13b3a0963409b7bcd7d4113e1573761238fa5,
Fig3,vgg16_bn,CIFAR100,FPR95,5.0,per-seed difference,-0.2026,100,percentage points,none,PROJECT\outputs\Orbit-GOP-confirmatory-20260917-stage8\results\confirmatory_pairwise_effects.csv,292de422e51ca847519a60ce28b13b3a0963409b7bcd7d4113e1573761238fa5,
Fig3,vgg16_bn,CIFAR100,FPR95,,mean,-0.2036666666666666,100,percentage points,none,PROJECT\outputs\Orbit-GOP-confirmatory-20260917-stage8\PRIMARY_PAIRED_EFFECTS.csv,ed0669acb5e1edd01fb32e279c88d0eae44dea0b4e5f8839fc7faf6e2f070768,S3/S4/S5 equal mean
Fig3,vgg16_bn,CIFAR100,FPR95,,CI_sample_conditional_low,-0.2176675,100,percentage points,none,PROJECT\outputs\Orbit-GOP-confirmatory-20260917-stage8\PRIMARY_PAIRED_EFFECTS.csv,ed0669acb5e1edd01fb32e279c88d0eae44dea0b4e5f8839fc7faf6e2f070768,S3/S4/S5 equal mean
Fig3,vgg16_bn,CIFAR100,FPR95,,CI_sample_conditional_high,-0.1879991666666666,100,percentage points,none,PROJECT\outputs\Orbit-GOP-confirmatory-20260917-stage8\PRIMARY_PAIRED_EFFECTS.csv,ed0669acb5e1edd01fb32e279c88d0eae44dea0b4e5f8839fc7faf6e2f070768,S3/S4/S5 equal mean
Fig3,vgg16_bn,Tiny,FPR95,3.0,per-seed difference,-0.1504999999999999,100,percentage points,none,PROJECT\outputs\Orbit-GOP-confirmatory-20260917-stage8\results\confirmatory_pairwise_effects.csv,292de422e51ca847519a60ce28b13b3a0963409b7bcd7d4113e1573761238fa5,
Fig3,vgg16_bn,Tiny,FPR95,4.0,per-seed difference,-0.2028999999999999,100,percentage points,none,PROJECT\outputs\Orbit-GOP-confirmatory-20260917-stage8\results\confirmatory_pairwise_effects.csv,292de422e51ca847519a60ce28b13b3a0963409b7bcd7d4113e1573761238fa5,
Fig3,vgg16_bn,Tiny,FPR95,5.0,per-seed difference,-0.163,100,percentage points,none,PROJECT\outputs\Orbit-GOP-confirmatory-20260917-stage8\results\confirmatory_pairwise_effects.csv,292de422e51ca847519a60ce28b13b3a0963409b7bcd7d4113e1573761238fa5,
Fig3,vgg16_bn,Tiny,FPR95,,mean,-0.1721333333333333,100,percentage points,none,PROJECT\outputs\Orbit-GOP-confirmatory-20260917-stage8\PRIMARY_PAIRED_EFFECTS.csv,ed0669acb5e1edd01fb32e279c88d0eae44dea0b4e5f8839fc7faf6e2f070768,S3/S4/S5 equal mean
Fig3,vgg16_bn,Tiny,FPR95,,CI_sample_conditional_low,-0.1866333333333333,100,percentage points,none,PROJECT\outputs\Orbit-GOP-confirmatory-20260917-stage8\PRIMARY_PAIRED_EFFECTS.csv,ed0669acb5e1edd01fb32e279c88d0eae44dea0b4e5f8839fc7faf6e2f070768,S3/S4/S5 equal mean
Fig3,vgg16_bn,Tiny,FPR95,,CI_sample_conditional_high,-0.1512666666666667,100,percentage points,none,PROJECT\outputs\Orbit-GOP-confirmatory-20260917-stage8\PRIMARY_PAIRED_EFFECTS.csv,ed0669acb5e1edd01fb32e279c88d0eae44dea0b4e5f8839fc7faf6e2f070768,S3/S4/S5 equal mean
Fig3,wrn28_10,CIFAR100,FPR95,3.0,per-seed difference,-0.0005,100,percentage points,none,PROJECT\outputs\Orbit-GOP-confirmatory-20260917-stage8\results\confirmatory_pairwise_effects.csv,292de422e51ca847519a60ce28b13b3a0963409b7bcd7d4113e1573761238fa5,
Fig3,wrn28_10,CIFAR100,FPR95,4.0,per-seed difference,-0.0088,100,percentage points,none,PROJECT\outputs\Orbit-GOP-confirmatory-20260917-stage8\results\confirmatory_pairwise_effects.csv,292de422e51ca847519a60ce28b13b3a0963409b7bcd7d4113e1573761238fa5,
Fig3,wrn28_10,CIFAR100,FPR95,5.0,per-seed difference,-0.0443999999999999,100,percentage points,none,PROJECT\outputs\Orbit-GOP-confirmatory-20260917-stage8\results\confirmatory_pairwise_effects.csv,292de422e51ca847519a60ce28b13b3a0963409b7bcd7d4113e1573761238fa5,
Fig3,wrn28_10,CIFAR100,FPR95,,mean,-0.0179,100,percentage points,none,PROJECT\outputs\Orbit-GOP-confirmatory-20260917-stage8\PRIMARY_PAIRED_EFFECTS.csv,ed0669acb5e1edd01fb32e279c88d0eae44dea0b4e5f8839fc7faf6e2f070768,S3/S4/S5 equal mean
Fig3,wrn28_10,CIFAR100,FPR95,,CI_sample_conditional_low,-0.0318675,100,percentage points,none,PROJECT\outputs\Orbit-GOP-confirmatory-20260917-stage8\PRIMARY_PAIRED_EFFECTS.csv,ed0669acb5e1edd01fb32e279c88d0eae44dea0b4e5f8839fc7faf6e2f070768,S3/S4/S5 equal mean
Fig3,wrn28_10,CIFAR100,FPR95,,CI_sample_conditional_high,-0.0057658333333333,100,percentage points,none,PROJECT\outputs\Orbit-GOP-confirmatory-20260917-stage8\PRIMARY_PAIRED_EFFECTS.csv,ed0669acb5e1edd01fb32e279c88d0eae44dea0b4e5f8839fc7faf6e2f070768,S3/S4/S5 equal mean
Fig3,wrn28_10,Tiny,FPR95,3.0,per-seed difference,-0.0212999999999999,100,percentage points,none,PROJECT\outputs\Orbit-GOP-confirmatory-20260917-stage8\results\confirmatory_pairwise_effects.csv,292de422e51ca847519a60ce28b13b3a0963409b7bcd7d4113e1573761238fa5,
Fig3,wrn28_10,Tiny,FPR95,4.0,per-seed difference,-0.0211,100,percentage points,none,PROJECT\outputs\Orbit-GOP-confirmatory-20260917-stage8\results\confirmatory_pairwise_effects.csv,292de422e51ca847519a60ce28b13b3a0963409b7bcd7d4113e1573761238fa5,
Fig3,wrn28_10,Tiny,FPR95,5.0,per-seed difference,0.0050999999999999,100,percentage points,none,PROJECT\outputs\Orbit-GOP-confirmatory-20260917-stage8\results\confirmatory_pairwise_effects.csv,292de422e51ca847519a60ce28b13b3a0963409b7bcd7d4113e1573761238fa5,
Fig3,wrn28_10,Tiny,FPR95,,mean,-0.0124333333333333,100,percentage points,none,PROJECT\outputs\Orbit-GOP-confirmatory-20260917-stage8\PRIMARY_PAIRED_EFFECTS.csv,ed0669acb5e1edd01fb32e279c88d0eae44dea0b4e5f8839fc7faf6e2f070768,S3/S4/S5 equal mean
Fig3,wrn28_10,Tiny,FPR95,,CI_sample_conditional_low,-0.0238008333333333,100,percentage points,none,PROJECT\outputs\Orbit-GOP-confirmatory-20260917-stage8\PRIMARY_PAIRED_EFFECTS.csv,ed0669acb5e1edd01fb32e279c88d0eae44dea0b4e5f8839fc7faf6e2f070768,S3/S4/S5 equal mean
Fig3,wrn28_10,Tiny,FPR95,,CI_sample_conditional_high,-0.0005333333333333,100,percentage points,none,PROJECT\outputs\Orbit-GOP-confirmatory-20260917-stage8\PRIMARY_PAIRED_EFFECTS.csv,ed0669acb5e1edd01fb32e279c88d0eae44dea0b4e5f8839fc7faf6e2f070768,S3/S4/S5 equal mean
