path,category,source,source_sha256,license_basis,sha256,decision
baselines/__init__.py,A,PROJECT/outputs/confirmatory_study_20260917/code/vendor/baselines/__init__.py,e3b0c44298fc1c149afbf4c8996fb92427ae41e4649b934ca495991b7852b855,ORBIT_GOP_RESEARCH_USE_NOTICE,e3b0c44298fc1c149afbf4c8996fb92427ae41e4649b934ca495991b7852b855,INCLUDE_CANDIDATE; original contributions: source-available research-use notice
baselines/cedl_offline.py,C,PROJECT/outputs/confirmatory_study_20260917/code/vendor/baselines/cedl_offline.py,ce9ea9551cfb0d979192423c60422d796258718bebb37bf365c85738bb9c835b,CEDL_MIT + original adapter: project usage notice,e2f43e9cc6d3aca2c29de90f66070be73ef205ee9fca2a87096f938acb1f891a,INCLUDE_CANDIDATE; original contributions: source-available research-use notice
baselines/gradnorm.py,C,PROJECT/outputs/confirmatory_study_20260917/code/vendor/baselines/gradnorm.py,2ea7712b44f6fcece9d72c374b2b62903e8bafc121f687ba03a57d5c4869d45b,OPENOOD_MIT,65d6975ead8c5dc2c143cca7bd484e938d9f534a13dae1278fb3e66554ad272a,INCLUDE_CANDIDATE; original contributions: source-available research-use notice; candidate stage-2 safety or documentation change
baselines/knn.py,A,PROJECT/outputs/confirmatory_study_20260917/code/vendor/baselines/knn.py,8cd2710f170c25dec9d24eb43b00225de7d85b35f8412b8b953c260549b5d891,ORBIT_GOP_RESEARCH_USE_NOTICE,ddbdf9edbff31b086a7e3e594c2fdbeb3ad7b80a8f988781e81cfe917d6f9099,INCLUDE_CANDIDATE; original contributions: source-available research-use notice
baselines/output_scores.py,A,PROJECT/outputs/confirmatory_study_20260917/code/vendor/baselines/output_scores.py,c4d09736b751c02ed8de5afda1f71f216db92af0fbb11bf87538d56aa6a5e25b,ORBIT_GOP_RESEARCH_USE_NOTICE,c4d09736b751c02ed8de5afda1f71f216db92af0fbb11bf87538d56aa6a5e25b,INCLUDE_CANDIDATE; original contributions: source-available research-use notice
models/__init__.py,A,PROJECT/outputs/confirmatory_study_20260917/code/vendor/models/__init__.py,e3b0c44298fc1c149afbf4c8996fb92427ae41e4649b934ca495991b7852b855,ORBIT_GOP_RESEARCH_USE_NOTICE,e3b0c44298fc1c149afbf4c8996fb92427ae41e4649b934ca495991b7852b855,INCLUDE_CANDIDATE; original contributions: source-available research-use notice
models/registry.py,A,PROJECT/outputs/confirmatory_study_20260917/code/vendor/models/registry.py,7d6aa13a44130b9d9a313df32eddbc9e424cfcdb15e41f13313cfea3abab719b,ORBIT_GOP_RESEARCH_USE_NOTICE,3b5349eb2fd1238e365f8a663ea4dc17000024fcb0325e7599814ec1b50c8eaa,INCLUDE_CANDIDATE; original contributions: source-available research-use notice
models/resnet18.py,C,PROJECT/outputs/confirmatory_study_20260917/code/vendor/models/resnet18.py,7267d210e54c68428f0b0dc4831360ca84ef5685fb9ef33c2dcd6fe51ba65d8f,TORCHVISION_BSD + original head: project usage notice,5f3784026fae0298534179f23977cbfbc4b11ab87a1e8d03927b0fcebbcd6306,INCLUDE_CANDIDATE; original contributions: source-available research-use notice
models/vgg16_bn.py,C,PROJECT/outputs/confirmatory_study_20260917/code/vendor/models/vgg16_bn.py,c90cc9618a62fee4e46e18c9225a8bb62709220a7ca34940b6414f69a10c655f,TORCHVISION_BSD + original head: project usage notice,2ab0208d9891651573d23c33294476785a865538fb7794aeefb31c1cea0e972e,INCLUDE_CANDIDATE; original contributions: source-available research-use notice
models/wrn28_10.py,C,PROJECT/outputs/confirmatory_study_20260917/code/vendor/models/wrn28_10.py,4a34cfdf6a52c5953e909987e6571f18ba94a867f6d81befccd021129f5621cc,OPENOOD_MIT,5420787d8b4667ec1f7765c0f046753ab400954c0cb2e68829064354ef2eb895,INCLUDE_CANDIDATE; original contributions: source-available research-use notice
orbit_gop/__init__.py,A,PROJECT/outputs/confirmatory_study_20260917/code/vendor/orbit_gop/__init__.py,e3b0c44298fc1c149afbf4c8996fb92427ae41e4649b934ca495991b7852b855,ORBIT_GOP_RESEARCH_USE_NOTICE,e3b0c44298fc1c149afbf4c8996fb92427ae41e4649b934ca495991b7852b855,INCLUDE_CANDIDATE; original contributions: source-available research-use notice
orbit_gop/_resnet_signature.py,A,PROJECT/outputs/confirmatory_study_20260917/code/vendor/orbit_gop/_resnet_signature.py,e4d39b0a01582a44b37ab00bc4ad3261f0c2b50bfdd9a4637bd575561288afbc,ORBIT_GOP_RESEARCH_USE_NOTICE,e4d39b0a01582a44b37ab00bc4ad3261f0c2b50bfdd9a4637bd575561288afbc,INCLUDE_CANDIDATE; original contributions: source-available research-use notice
orbit_gop/_scores.py,A,PROJECT/outputs/confirmatory_study_20260917/code/vendor/orbit_gop/_scores.py,d3955a9c226a5c97f326925cc64c83d56e4e21811e7a241661f7c96d2790a286,ORBIT_GOP_RESEARCH_USE_NOTICE,d3955a9c226a5c97f326925cc64c83d56e4e21811e7a241661f7c96d2790a286,INCLUDE_CANDIDATE; original contributions: source-available research-use notice
orbit_gop/_wrn_source.py,A,PROJECT/outputs/confirmatory_study_20260917/code/vendor/orbit_gop/_wrn_source.py,bb842f56072cea8795a796aba0715e524925398f5a9bac127ade20c2a8a8e0c9,ORBIT_GOP_RESEARCH_USE_NOTICE,bb842f56072cea8795a796aba0715e524925398f5a9bac127ade20c2a8a8e0c9,INCLUDE_CANDIDATE; original contributions: source-available research-use notice
orbit_gop/calibration.py,A,PROJECT/outputs/confirmatory_study_20260917/code/vendor/orbit_gop/calibration.py,bf55cad26c3a1fe79124694428bff9a16f111379777e64d5f9bbb4c1b8a03869,ORBIT_GOP_RESEARCH_USE_NOTICE,bf55cad26c3a1fe79124694428bff9a16f111379777e64d5f9bbb4c1b8a03869,INCLUDE_CANDIDATE; original contributions: source-available research-use notice
orbit_gop/evidence.py,A,PROJECT/outputs/confirmatory_study_20260917/code/vendor/orbit_gop/evidence.py,2a0c27f4a38b60f38e3d467194c3eb7082f0a6d60a18ebfb93e7833a79391ce1,ORBIT_GOP_RESEARCH_USE_NOTICE,1ec2f9367cc64df2a0e64aaedd54fc57bc4f39b08a5ede299162fe3ff67ee8c6,INCLUDE_CANDIDATE; original contributions: source-available research-use notice
orbit_gop/functional_risk.py,A,PROJECT/outputs/confirmatory_study_20260917/code/vendor/orbit_gop/functional_risk.py,6dbe913e348f533fc64c2da9a580e5714d4f0f01aff26d2aaf408ad825a8536b,ORBIT_GOP_RESEARCH_USE_NOTICE,6dbe913e348f533fc64c2da9a580e5714d4f0f01aff26d2aaf408ad825a8536b,INCLUDE_CANDIDATE; original contributions: source-available research-use notice
orbit_gop/functional_signature.py,A,PROJECT/outputs/confirmatory_study_20260917/code/vendor/orbit_gop/functional_signature.py,a6b64e426e09a8a02842668d3457c9562b5b2663d48d49b9cd6ee50df436b7aa,ORBIT_GOP_RESEARCH_USE_NOTICE,4b596e962ad40820b9044498a9e80f46f73dc67b8f6d93cd108d24c61dd3511e,INCLUDE_CANDIDATE; original contributions: source-available research-use notice
orbit_gop/inference.py,A,PROJECT/outputs/confirmatory_study_20260917/code/vendor/orbit_gop/inference.py,987a7b420ef72c663b8437b11892abfd11da3368eedb0f3df6c785f7f61e305a,ORBIT_GOP_RESEARCH_USE_NOTICE,7eeecc2409824f7ccf120c831f07dfdfa9cbdf4dbc3b016e4d3f87869e084f13,INCLUDE_CANDIDATE; original contributions: source-available research-use notice
orbit_gop/metrics.py,A,PROJECT/outputs/confirmatory_study_20260917/code/vendor/orbit_gop/metrics.py,d47c401835630a8ca8565441852e5b2ea89697112f11d4661c3584dab0bd1eab,ORBIT_GOP_RESEARCH_USE_NOTICE,d47c401835630a8ca8565441852e5b2ea89697112f11d4661c3584dab0bd1eab,INCLUDE_CANDIDATE; original contributions: source-available research-use notice
orbit_gop/views.py,A,PROJECT/outputs/confirmatory_study_20260917/code/vendor/orbit_gop/views.py,ccd4e0781d5d78ccdbfa7792e11e947a2014e54478a38298ddf6dc37a28e3fd5,ORBIT_GOP_RESEARCH_USE_NOTICE,ccd4e0781d5d78ccdbfa7792e11e947a2014e54478a38298ddf6dc37a28e3fd5,INCLUDE_CANDIDATE; original contributions: source-available research-use notice
scripts/__init__.py,A,"New release glue, no experimental result generation in this task",,ORBIT_GOP_RESEARCH_USE_NOTICE,b3be407ce05dc615ea9712527743d9bc612a8dedae49d4415d9f4c9f43087212,INCLUDE_CANDIDATE; original contributions: source-available research-use notice
scripts/confirmatory/__init__.py,A,"New release glue, no experimental result generation in this task",,ORBIT_GOP_RESEARCH_USE_NOTICE,07e594657ab797da5b5447b369ee5002c824ff2a69dd9d691acd2732d91db12f,INCLUDE_CANDIDATE; original contributions: source-available research-use notice
scripts/confirmatory/analyze_confirmatory.py,A,PROJECT/outputs/confirmatory_study_20260917/code/analyze_confirmatory.py,90e543254b0e69d532e150c5b7220975eb9f4937990a7bfef9be2471eb575a87,ORBIT_GOP_RESEARCH_USE_NOTICE,1e76af8a298c89c4a054c04d0949c8e66773b1eb7996aafe4186231d2aaa0bf3,INCLUDE_CANDIDATE; original contributions: source-available research-use notice; candidate stage-2 safety or documentation change
scripts/confirmatory/bootstrap_kernel.py,A,PROJECT/outputs/confirmatory_study_20260917/code/bootstrap_kernel.py,af75a44e210dc6ea93dd0d91247bcef946d55b05e8febfff0a66992a206e094d,ORBIT_GOP_RESEARCH_USE_NOTICE,af75a44e210dc6ea93dd0d91247bcef946d55b05e8febfff0a66992a206e094d,INCLUDE_CANDIDATE; original contributions: source-available research-use notice
scripts/confirmatory/cedl_views.py,C,PROJECT/outputs/confirmatory_study_20260917/code/cedl_views.py,96164a326c2988cd4093acbaa998711979faee8dec50aae37e9b287ca4988f9b,CEDL_MIT + original adapter: project usage notice,96164a326c2988cd4093acbaa998711979faee8dec50aae37e9b287ca4988f9b,INCLUDE_CANDIDATE; original contributions: source-available research-use notice
scripts/confirmatory/evaluate_confirmatory.py,A,PROJECT/outputs/confirmatory_study_20260917/code/evaluate_confirmatory.py,5a76fccba30e09505d87740192b6cda045924a32da796c1964a1b5c90b2cc73f,ORBIT_GOP_RESEARCH_USE_NOTICE,8850e219adc3610eddf46f2c6abdf9ccfef1ad2441a9b7625f6d03d7f9c4c88c,INCLUDE_CANDIDATE; original contributions: source-available research-use notice; candidate stage-2 safety or documentation change
scripts/confirmatory/preflight.py,A,"New release glue, no experimental result generation in this task",,ORBIT_GOP_RESEARCH_USE_NOTICE,486f14dd5106da5e7e915e894f2fc8a2c83e1597a7f6d983bdb89b9fed5d50ac,INCLUDE_CANDIDATE; original contributions: source-available research-use notice
scripts/confirmatory/prepare_run.py,A,"New release glue, no experimental result generation in this task",,ORBIT_GOP_RESEARCH_USE_NOTICE,90fbe89cf9a54d0ec97d3d28434643daafc5ec55ec78352b059108c5b90f1e97,INCLUDE_CANDIDATE; original contributions: source-available research-use notice
scripts/confirmatory/train_confirmatory.py,A,PROJECT/outputs/confirmatory_study_20260917/code/train_confirmatory.py,9dbb71d42ac71a078e7237dd674b0dab0dc2afe8952ab861f8499bbf9f3012ef,ORBIT_GOP_RESEARCH_USE_NOTICE,bda5274fe4bcf7e5fd16bfb05227882d4c7b7f0c56aa98a954f51e054882b751,INCLUDE_CANDIDATE; original contributions: source-available research-use notice; publication wording normalized; original source digest retained
scripts/confirmatory/train_wrn.py,A,PROJECT/outputs/Orbit-GOP-confirmatory-20260917-v2/code/train_wrn.py,25dda364097a8533761edf73db25470f50149e2c96715f1195fe3da000803337,ORBIT_GOP_RESEARCH_USE_NOTICE,25dda364097a8533761edf73db25470f50149e2c96715f1195fe3da000803337,INCLUDE_CANDIDATE; original contributions: source-available research-use notice
scripts/historical/__init__.py,A,"New release glue, no experimental result generation in this task",,ORBIT_GOP_RESEARCH_USE_NOTICE,5f37093a17fd641a8c760e9a0b9f40a718b483c0b24a9a2b772822cd03f1e49b,INCLUDE_CANDIDATE; original contributions: source-available research-use notice
scripts/historical/build_calibration_reference.py,A,PROJECT/outputs/Orbit-GOP-public/scripts/build_calibration_reference.py,d90764833182ce4977979adb427ff79d6238eeecc5c51ac8aabf9e65b02e966a,ORBIT_GOP_RESEARCH_USE_NOTICE,84198341650052b33000abe4f26277277a5cc4f43768dd059617f948ced40460,INCLUDE_CANDIDATE; original contributions: source-available research-use notice
scripts/historical/common.py,A,PROJECT/outputs/Orbit-GOP-public/scripts/common.py,fe26f85a6ed2b05f1d734001f2b5a7fa15d22ed6c9ea03f9143b7156361b4238,ORBIT_GOP_RESEARCH_USE_NOTICE,2f9284732911f0f05d9f6ed969df97c612b75151f17ce1407ba03bba99c438b1,INCLUDE_CANDIDATE; original contributions: source-available research-use notice
scripts/historical/evaluate_metrics.py,A,PROJECT/outputs/Orbit-GOP-public/scripts/evaluate_metrics.py,f8128b10c3add93075c30d10e81c5c9d7321e138b9ef1a8bfc0aff02d3a0288b,ORBIT_GOP_RESEARCH_USE_NOTICE,211b039fbdd424ac64138935425964160d96a84c8e39aaecc2306837fa508e20,INCLUDE_CANDIDATE; original contributions: source-available research-use notice
scripts/historical/evaluate_orbit_gop.py,A,PROJECT/outputs/Orbit-GOP-public/scripts/evaluate_orbit_gop.py,7b12893cd6a3840cfb9c1e03aa025262b4acd33907a42e30020b70bc6f57ccda,ORBIT_GOP_RESEARCH_USE_NOTICE,6256b92c303c9e98c781a1391106fbbe746ce79de7b621f9d300aa5d5b73d798,INCLUDE_CANDIDATE; original contributions: source-available research-use notice
scripts/historical/tiny_dataset.py,D,PROJECT/outputs/Orbit-GOP-public/scripts/tiny_dataset.py,a607a242026c448806f6bca8e895080dad5c1142d5066cb22be47670fb91e007,ORBIT_GOP_RESEARCH_USE_NOTICE,a607a242026c448806f6bca8e895080dad5c1142d5066cb22be47670fb91e007,INCLUDE_CANDIDATE; original contributions: source-available research-use notice
scripts/historical/train_edl.py,A,PROJECT/outputs/Orbit-GOP-public/scripts/train_edl.py,9c7b278fa35d9ec05a733ee2b9e8b00d27579b87f73eb687202f589b89c18805,ORBIT_GOP_RESEARCH_USE_NOTICE,468b6a4c5fd56a5da327d2c35d1682639b7187b84ceab3ab03cf28441f251e0e,INCLUDE_CANDIDATE; original contributions: source-available research-use notice
scripts/reproduce_tables/__init__.py,A,"New release glue, no experimental result generation in this task",,ORBIT_GOP_RESEARCH_USE_NOTICE,503cf3a9e92714c104b5a7fed87d025e4ccbbb019425d6ab66b7e282c2d9a272,INCLUDE_CANDIDATE; original contributions: source-available research-use notice
scripts/reproduce_tables/show_tables.py,A,"New release glue, no experimental result generation in this task",,ORBIT_GOP_RESEARCH_USE_NOTICE,422297670219e57063f30cb70f29b834495c04fee8c6b994699f7c7ffefdc1d0,INCLUDE_CANDIDATE; original contributions: source-available research-use notice
training/__init__.py,A,PROJECT/outputs/confirmatory_study_20260917/code/vendor/training/__init__.py,e3b0c44298fc1c149afbf4c8996fb92427ae41e4649b934ca495991b7852b855,ORBIT_GOP_RESEARCH_USE_NOTICE,e3b0c44298fc1c149afbf4c8996fb92427ae41e4649b934ca495991b7852b855,INCLUDE_CANDIDATE; original contributions: source-available research-use notice
training/artifacts.py,A,PROJECT/outputs/confirmatory_study_20260917/code/vendor/training/artifacts.py,54e28e8d48e03c673af82efb8714dca80373c112445075fd67c0c5b0c30abacd,ORBIT_GOP_RESEARCH_USE_NOTICE,54e28e8d48e03c673af82efb8714dca80373c112445075fd67c0c5b0c30abacd,INCLUDE_CANDIDATE; original contributions: source-available research-use notice
training/b0/__init__.py,A,PROJECT/outputs/confirmatory_study_20260917/code/vendor/training/b0/__init__.py,e3b0c44298fc1c149afbf4c8996fb92427ae41e4649b934ca495991b7852b855,ORBIT_GOP_RESEARCH_USE_NOTICE,e3b0c44298fc1c149afbf4c8996fb92427ae41e4649b934ca495991b7852b855,INCLUDE_CANDIDATE; original contributions: source-available research-use notice
training/b0/data.py,D,PROJECT/outputs/confirmatory_study_20260917/code/vendor/training/b0/data.py,36b89c9b139ec3c05b34f3c7728241e88b57541a1422e7203b0ba1a050c630b0,ORBIT_GOP_RESEARCH_USE_NOTICE,f4687fe276b90e742b83539fa7565f3c5106cb514f0070f8b340cb6bb15ac72f,INCLUDE_CANDIDATE; original contributions: source-available research-use notice
training/b0/engine.py,A,PROJECT/outputs/confirmatory_study_20260917/code/vendor/training/b0/engine.py,5c68ef0842a135aff5ed6b38bb823baec3927370d275b1f51bab61c17ef410ad,ORBIT_GOP_RESEARCH_USE_NOTICE,806cde8dad4be30d431eabfd8cbce19c06abc68e5ebd1e1f0003caeed8d93515,INCLUDE_CANDIDATE; original contributions: source-available research-use notice
training/b0/loss.py,A,PROJECT/outputs/confirmatory_study_20260917/code/vendor/training/b0/loss.py,6f079b44c0d6d68cc43482b141b736478bfc119430e0bbb4f406b562372ef38e,ORBIT_GOP_RESEARCH_USE_NOTICE,0266db0a9b788b6a7b7f571e822418dfb0dc24571eae62fe47eb6988e75cbef8,INCLUDE_CANDIDATE; original contributions: source-available research-use notice
training/b0/metrics.py,A,PROJECT/outputs/confirmatory_study_20260917/code/vendor/training/b0/metrics.py,7b26b68e51f52249c7dc780f47caef4acfac6822b7dfb551167c5eb5f0064a87,ORBIT_GOP_RESEARCH_USE_NOTICE,790431dfb7ca2f34d951fe3c7fb1f5baf5a8132eead8eb1da51f2fb80fbfa9e9,INCLUDE_CANDIDATE; original contributions: source-available research-use notice
training/b0/schedule.py,A,PROJECT/outputs/confirmatory_study_20260917/code/vendor/training/b0/schedule.py,e01ceeb2f7a6a6481e164c275b1bb61ea0a627e9dc7df17ae1c81f716d7d31d9,ORBIT_GOP_RESEARCH_USE_NOTICE,565dbc1313078d46648a864fcff91f1cc74e1cbe5b1fb71b44687f4b6bd31586,INCLUDE_CANDIDATE; original contributions: source-available research-use notice
training/resnet.py,A,PROJECT/outputs/confirmatory_study_20260917/code/vendor/training/resnet.py,08936753c7469bc8e24a8dd361f259842aa665d63e29952537a142bf0be07bc4,ORBIT_GOP_RESEARCH_USE_NOTICE,3c8892c0939238a74f14b54c747defb2d9f53a37a32425206459f1eceada9949,INCLUDE_CANDIDATE; original contributions: source-available research-use notice
training/vgg.py,A,PROJECT/outputs/confirmatory_study_20260917/code/vendor/training/vgg.py,86211dac3564bddb091c8654a08931091fa4fc33de01b3439bb1ac8c29ba5b64,ORBIT_GOP_RESEARCH_USE_NOTICE,6d87779cef256ad50059ddd3d4a5f6ffd4b2f1ae553be30992a79d13c8b02609,INCLUDE_CANDIDATE; original contributions: source-available research-use notice
training/wrn.py,A,PROJECT/outputs/confirmatory_study_20260917/code/vendor/training/wrn.py,0136ef3ca74c43cc33dc5ae6cf682a28b91e8b7d0e384d7459d6fdd5e14cc97f,ORBIT_GOP_RESEARCH_USE_NOTICE,98f07f18a6578a9301db9b53e182c3e9db77af95b1de23421ed0856cd3c2c519,INCLUDE_CANDIDATE; original contributions: source-available research-use notice
training/wrn_core.py,A,PROJECT/outputs/confirmatory_study_20260917/code/vendor/training/wrn_core.py,1c42f696cee2fefddfb642f3f5a6892e2cb2a5b332e8c4f1e569a6fc84275003,ORBIT_GOP_RESEARCH_USE_NOTICE,1c42f696cee2fefddfb642f3f5a6892e2cb2a5b332e8c4f1e569a6fc84275003,INCLUDE_CANDIDATE; original contributions: source-available research-use notice
scripts/confirmatory/resume_integrity.py,A,NEW_PUBLIC_CANDIDATE_RESUME_VALIDATION,,ORBIT_GOP_RESEARCH_USE_NOTICE,3b494ade87ae13df666c507bf38903eab1c07d71049d252257b71d5bf4dcc6c5,INCLUDE_CANDIDATE; original contributions: source-available research-use notice; resume validation
tests/test_release_safety.py,A,NEW_PUBLIC_CANDIDATE_RELEASE_SAFETY_REGRESSION,,ORBIT_GOP_RESEARCH_USE_NOTICE,529ca6c48a402fad355e6ede77ab922060d911312bf94cee173bf15704cd69fc,INCLUDE_CANDIDATE; original contributions: source-available research-use notice; release safety regression
tests/test_core_cpu.py,A,NEW_PUBLIC_CANDIDATE_SYNTHETIC_CORE_SMOKE,,ORBIT_GOP_RESEARCH_USE_NOTICE,38cd601be2e7bbe2f4455721470c1764158c39a6c3292d251ad3f11d6f258fbe,INCLUDE_CANDIDATE; original contributions: source-available research-use notice; synthetic core smoke
