source,destination,category,source_sha256,candidate_sha256,treatment
PREVIOUS_OUTPUTS/Orbit_GOP_Repository_Ready_20260921_163311/docs/all_methods.tex,docs/all_methods.tex,E,65f95f5256325efb7a21b046bbd6a6e6ffcfe516743f1060693a811db536c90a,65f95f5256325efb7a21b046bbd6a6e6ffcfe516743f1060693a811db536c90a,byte copy
PREVIOUS_OUTPUTS/Orbit_GOP_Repository_Ready_20260921_163311/docs/environment.md,docs/environment.md,E,56661500490146bc55b9e04f8dcdca9e4b0cb71ed0e4c72255d4bd479c14d7cf,56661500490146bc55b9e04f8dcdca9e4b0cb71ed0e4c72255d4bd479c14d7cf,byte copy
PREVIOUS_OUTPUTS/Orbit_GOP_Repository_Ready_20260921_163311/docs/evidence_scope.md,docs/evidence_scope.md,E,82d1566198b8fcd5fe2ebf1a2cd7a1917b78edd8523642d616d0afd756acf39f,82d1566198b8fcd5fe2ebf1a2cd7a1917b78edd8523642d616d0afd756acf39f,byte copy
PREVIOUS_OUTPUTS/Orbit_GOP_Repository_Ready_20260921_163311/docs/extended_appendix.pdf,docs/extended_appendix.pdf,E,3f1da8abe76aa0f0cd2e1b0717ca9412f31eb79594055343bc956b9501eeb2e8,c5fb84359a644a95bf07ee1245c8da8bf22bb4ca1dfbc704c66defd94261d1b4,byte copy; publication wording normalized; original source digest retained
PREVIOUS_OUTPUTS/Orbit_GOP_Repository_Ready_20260921_163311/docs/extended_appendix.tex,docs/extended_appendix.tex,E,fbd7b19d12f1252b00fee0a37308091cfc8348017d393b152f0afae6ec930ad7,5bfe6052cde24841ebde3e23364ad5856e1dfeddf167deaff5a1628ca290d7c3,"byte copy; path aliases, not original byte-identical record; current packaging audit synchronized release metadata without changing experiment numbers; publication wording normalized; original source digest retained"
PREVIOUS_OUTPUTS/Orbit_GOP_Repository_Ready_20260921_163311/docs/FigS1.png,docs/FigS1.png,E,2a1f0afcb3ba8ee70e974b170c9f5c179d9470ac96170dca9b7a5945533d20fb,2a1f0afcb3ba8ee70e974b170c9f5c179d9470ac96170dca9b7a5945533d20fb,byte copy
PREVIOUS_OUTPUTS/Orbit_GOP_Repository_Ready_20260921_163311/docs/fit_provenance.tex,docs/fit_provenance.tex,E,9493d734cc20f78e7c0deab65f7d9c16fabdbd5f5313833e48b97d24e1bfafcb,9493d734cc20f78e7c0deab65f7d9c16fabdbd5f5313833e48b97d24e1bfafcb,byte copy
PREVIOUS_OUTPUTS/Orbit_GOP_Repository_Ready_20260921_163311/docs/reproducibility.md,docs/reproducibility.md,E,eec0a80fdeefdc61520b1940a14090d1427b4d9b876538555a218f1b2d0bdb5b,5767c584ca1a4978615a5ce53926743cebfbf53b032302da7b68dcd08a212008,"byte copy; path aliases, not original byte-identical record; current packaging audit synchronized release metadata without changing experiment numbers; publication wording normalized; original source digest retained; public candidate stage-2 documentation or safety edit"
PREVIOUS_OUTPUTS/Orbit_GOP_Repository_Ready_20260921_163311/docs/s1a.tex,docs/s1a.tex,E,637e9b9ffb8df949187063606134f560742312a596958a88e47ae0e49b91c34d,637e9b9ffb8df949187063606134f560742312a596958a88e47ae0e49b91c34d,byte copy
PREVIOUS_OUTPUTS/Orbit_GOP_Repository_Ready_20260921_163311/docs/s1b.tex,docs/s1b.tex,E,0bfa964809906d305c967801042cffd5a22acc7139557483b42f1aced93c5492,0bfa964809906d305c967801042cffd5a22acc7139557483b42f1aced93c5492,byte copy
PREVIOUS_OUTPUTS/Orbit_GOP_Repository_Ready_20260921_163311/docs/s1c.tex,docs/s1c.tex,E,c6625c4ada93c1e25b35c1089dcb7f330829b1955caf5f4974a666c3f00c7739,c6625c4ada93c1e25b35c1089dcb7f330829b1955caf5f4974a666c3f00c7739,byte copy
PREVIOUS_OUTPUTS/Orbit_GOP_Repository_Ready_20260921_163311/provenance/NUMBERING_AND_REFERENCE_MAP.csv,provenance/NUMBERING_AND_REFERENCE_MAP.csv,E,19d1233cf78cb307b81a0fe798bb11960edd2e2b10164c1464720328bfe542b6,eb499cbea3df3496ced0edde1c694a6a3c2e384ba3bdcf4c9ca6dbaa2cc31eab,byte copy
PREVIOUS_OUTPUTS/Orbit_GOP_Repository_Ready_20260921_163311/provenance/SOURCE_COPY_MANIFEST.csv,provenance/SOURCE_COPY_MANIFEST.csv,E,688311175dacf2ee211fadf44b0e07bc5aaacc4a13d5112274d53ba211267995,441cb3102060a9f39899037c7f19b9f2a5df21feb1c69fabaf2e6878aa28d80e,"byte copy; path aliases, not original byte-identical record; current packaging audit synchronized release metadata without changing experiment numbers"
PREVIOUS_OUTPUTS/Orbit_GOP_Repository_Ready_20260921_163311/provenance/confirmatory/ARGMAX_DIAGNOSTIC_NOTE.md,provenance/confirmatory/ARGMAX_DIAGNOSTIC_NOTE.md,E,5bfc130cad6e4d9ba1e922ef49d2b96400814c7cfbb2cae76c1e560b44e8a8da,29186b47f84828980c0a69cd4e882f54fd1d6baeb37875ce84e53869f0fc82c3,"byte copy; path aliases, not original byte-identical record"
PREVIOUS_OUTPUTS/Orbit_GOP_Repository_Ready_20260921_163311/provenance/confirmatory/LOCKED_PROTOCOL.md,provenance/confirmatory/LOCKED_PROTOCOL.md,E,bfc10b5079bf659ac5d20648ef48c77fd3c467e13517c106520d0c4ac0b32006,c1ed5edbf8e9d1fe3ce9ab4e4fb9954215315fce5dbd5fdc16423a4b0701b298,byte copy; publication wording normalized; original source digest retained
PREVIOUS_OUTPUTS/Orbit_GOP_Repository_Ready_20260921_163311/provenance/confirmatory/RESULT_SOURCE_REGISTRY.json,provenance/confirmatory/RESULT_SOURCE_REGISTRY.json,E,dcbad3deee89e6bf397008f94cae4ca1c8d890d2f98a71a79a01fc648ed31711,e8adf38c06e82bc53e186c75b29fce9175e75a66bf7f913647f6cb4ac26cfdf1,"byte copy; path aliases, not original byte-identical record"
PREVIOUS_OUTPUTS/Orbit_GOP_Repository_Ready_20260921_163311/provenance/confirmatory/STAGE8_ANALYSIS_MANIFEST.json,provenance/confirmatory/STAGE8_ANALYSIS_MANIFEST.json,E,313b3bdc46c4e5191a8c70a3708c13a37569382da8791e8d7adb175805dd94b2,30bf12c96e71c3a117ba7d35d1a4cabb006a2d075cc03d147d9bb07c9ce0a0a1,"byte copy; path aliases, not original byte-identical record"
PREVIOUS_OUTPUTS/Orbit_GOP_Repository_Ready_20260921_163311/provenance/confirmatory/STATISTICS_QA_REPORT.md,provenance/confirmatory/STATISTICS_QA_REPORT.md,E,ce12044a22c91995b18025dc69e8f0a99eff8c1a0e231aa37562eb8fe72142d7,ce12044a22c91995b18025dc69e8f0a99eff8c1a0e231aa37562eb8fe72142d7,byte copy
PREVIOUS_OUTPUTS/Orbit_GOP_Repository_Ready_20260921_163311/provenance/confirmatory/config/cedl_default_locked.yaml,configs/confirmatory/cedl_default_locked.yaml,E,b4e33f3c2e7b4b11c0f4332aa206a5ea9233102fd7437841fff0ddc4698840f8,b4e33f3c2e7b4b11c0f4332aa206a5ea9233102fd7437841fff0ddc4698840f8,byte copy
PREVIOUS_OUTPUTS/Orbit_GOP_Repository_Ready_20260921_163311/provenance/confirmatory/config/cedl_devtuned_locked.yaml,configs/confirmatory/cedl_devtuned_locked.yaml,E,c20591c3a5d7b80f84f1a83ea09b10766a6935cb06c5735015dd02d1aa57a4a2,c20591c3a5d7b80f84f1a83ea09b10766a6935cb06c5735015dd02d1aa57a4a2,byte copy
PREVIOUS_OUTPUTS/Orbit_GOP_Repository_Ready_20260921_163311/provenance/confirmatory/config/confirmatory_locked.yaml,configs/confirmatory/confirmatory_locked.yaml,E,a58e437b6891b703435e7d949e884cdb8744a56cf43b8a9a008d8064ae80c510,4929fb9853af2dd35f9a979ca1c7619f0158e52910551686ef91b526aabe1009,"byte copy; path aliases, not original byte-identical record"
PREVIOUS_OUTPUTS/Orbit_GOP_Repository_Ready_20260921_163311/provenance/confirmatory/config/resnet_training_locked.json,configs/confirmatory/resnet_training_locked.json,E,0a853e341db99d1be338fe1c3cf344d976222e61a59b6e1d7d6b3e053fe3a9b3,ae00dde41659a366cf95172a6b9834fcf88688fe18b45dad5c36a1ad99166b4d,"byte copy; path aliases, not original byte-identical record"
PREVIOUS_OUTPUTS/Orbit_GOP_Repository_Ready_20260921_163311/provenance/confirmatory/manifests/EVALUATION_MANIFEST.json,provenance/confirmatory/manifests/EVALUATION_MANIFEST.json,E,b004a7765dee6c56ff9a0714d6139c35dc35e703ef58067313e80bbed3264735,3ac159ecdf61ea7b2ca4958323d12179152ceedb4cd542687e3d7a70282e3011,"byte copy; path aliases, not original byte-identical record"
PREVIOUS_OUTPUTS/Orbit_GOP_Repository_Ready_20260921_163311/provenance/confirmatory/manifests/EVALUATION_SAMPLE_HASHES.csv,provenance/confirmatory/manifests/EVALUATION_SAMPLE_HASHES.csv,E,db52c13e1a62ffbdd0b0d770c714534d9b3ba3afe092ba66d29c9eea4cf1acc7,ac78e143b35c294b5968c9f977155c84e3ca3a668c103298f12de1f2832dec96,byte copy
PROJECT/outputs/Orbit-GOP-confirmatory-20260917-stage7/CHECKPOINT_INPUT_MAP.json,provenance/confirmatory/manifests/MODEL_MANIFEST.csv,E,1d5c31de735acff4325ba612a582a1088a325ae183f61937a9cc56772b663485,ad49f63c8b64cff4b03bd7ca12f985adde8abbfaf4c0be80fb26caa3e74d1b8d,Nine original manifests extracted from actual inference checkpoint input map; root aliases only
PREVIOUS_OUTPUTS/Orbit_GOP_Repository_Ready_20260921_163311/provenance/confirmatory/manifests/resnet18_S3.json,provenance/confirmatory/manifests/resnet18_S3.json,E,0fdff6a6c1bfc3b659bfdb426d8cf6fa3ac08696dc622c72e83d1d10d0cdc300,2eb48c280d78eccc45efd945601279d1de5ecb5f814277734fe15670e8141f3d,"byte copy; path aliases, not original byte-identical record"
PREVIOUS_OUTPUTS/Orbit_GOP_Repository_Ready_20260921_163311/provenance/confirmatory/manifests/resnet18_S4.json,provenance/confirmatory/manifests/resnet18_S4.json,E,4b052ed31bd9ff5c786ac02b106da04f61ea47269586778ed9ae0b3d8170cf68,48c65f83d80f3ecf8741c8c2e90e5b8b1804b002d5b721b2389964e2d2cdce26,"byte copy; path aliases, not original byte-identical record"
PREVIOUS_OUTPUTS/Orbit_GOP_Repository_Ready_20260921_163311/provenance/confirmatory/manifests/resnet18_S5.json,provenance/confirmatory/manifests/resnet18_S5.json,E,1ad6f5f423fa401e8ae30af5e6a23e735532911f2ca5eb7035d32535c0fbd594,82ea78934860e2a50702362fcbc60c63e8091cb090e84b288a1106e13922fb25,"byte copy; path aliases, not original byte-identical record"
PREVIOUS_OUTPUTS/Orbit_GOP_Repository_Ready_20260921_163311/provenance/confirmatory/manifests/vgg16_bn_S3.json,provenance/confirmatory/manifests/vgg16_bn_S3.json,E,9894e4d0c97fe9f4655770e10b6b5a672c195f34b4eb0e9a8569fc01041f40b6,a6e33f3d494e7949012af748e85ac5ca8bcd1f9cb05f0ad1db4c4ce1f3c2a8b7,"byte copy; path aliases, not original byte-identical record"
PREVIOUS_OUTPUTS/Orbit_GOP_Repository_Ready_20260921_163311/provenance/confirmatory/manifests/vgg16_bn_S4.json,provenance/confirmatory/manifests/vgg16_bn_S4.json,E,4670a6f681747ad144f1123c3f9d090303047ae228595a964c3cc29db59cec13,9d6c41de7a2eb4cbd5a25388392c2244ac645ad2022b64c6240bf77bd0d5b3ae,"byte copy; path aliases, not original byte-identical record"
PREVIOUS_OUTPUTS/Orbit_GOP_Repository_Ready_20260921_163311/provenance/confirmatory/manifests/vgg16_bn_S5.json,provenance/confirmatory/manifests/vgg16_bn_S5.json,E,054943fed2bda3d2c3be2f5d9c92f018a1f3bd37733336d7c14fdb1bad191eb7,8229f8f7a3437f74bd249a57df732b5d92c9a94d3f9f955ee2978af808bb0127,"byte copy; path aliases, not original byte-identical record"
PREVIOUS_OUTPUTS/Orbit_GOP_Repository_Ready_20260921_163311/provenance/confirmatory/manifests/wrn28_10_S3.json,provenance/confirmatory/manifests/wrn28_10_S3.json,E,0afa7f8a89a83582942f1c7efc2fc12b54769a7073d35ac34f489b3c4677c5c5,af5047c69147ab316f14bdbfbaab8bc502300f2f49123213a2d52d15161f91c3,"byte copy; path aliases, not original byte-identical record"
PREVIOUS_OUTPUTS/Orbit_GOP_Repository_Ready_20260921_163311/provenance/confirmatory/manifests/wrn28_10_S4.json,provenance/confirmatory/manifests/wrn28_10_S4.json,E,9f457e1ffd73fce8008c30edc84b6454a6662179c9930c5cf0bc3889edc6a5a3,1b14ff2f6817e59d6974b773397c98eac01d3d08c3e4f26f03842c436732603e,"byte copy; path aliases, not original byte-identical record"
PREVIOUS_OUTPUTS/Orbit_GOP_Repository_Ready_20260921_163311/provenance/confirmatory/splits/calibration_indices.npy,splits/confirmatory/calibration_indices.npy,E,d00adda5ad06546260fe262d02ee5810ff6c5a147524e9c1421ce941a81c9660,d00adda5ad06546260fe262d02ee5810ff6c5a147524e9c1421ce941a81c9660,byte copy
PREVIOUS_OUTPUTS/Orbit_GOP_Repository_Ready_20260921_163311/provenance/confirmatory/splits/cifar10_confirmatory_split_v1.csv,splits/confirmatory/cifar10_confirmatory_split_v1.csv,E,c5b6412dea60ff1efe694b8d4814e38a24586cf772a306002a42008f188e8fbc,3f4b54f85e66aa6b694c020012faa30171a360d83f979da70762cc3afda90e5e,byte copy
PREVIOUS_OUTPUTS/Orbit_GOP_Repository_Ready_20260921_163311/provenance/confirmatory/splits/cifar10_confirmatory_split_v1.json,splits/confirmatory/cifar10_confirmatory_split_v1.json,E,b73b3964381023d00ca53f64b0e21ec4b63d9c072b3ade50f3c99968985cc883,34573fb268529726eea0ff0cdbe1515a0a918a6ebdb82d2cc4e10bc14672ff22,"byte copy; path aliases, not original byte-identical record"
PREVIOUS_OUTPUTS/Orbit_GOP_Repository_Ready_20260921_163311/provenance/confirmatory/splits/cifar10_confirmatory_split_v1.npz,splits/confirmatory/cifar10_confirmatory_split_v1.npz,E,47f6bddfef2e474baea8df9d49fee620168b1bbafebd4af635d77c66cf94fe5e,47f6bddfef2e474baea8df9d49fee620168b1bbafebd4af635d77c66cf94fe5e,byte copy
PREVIOUS_OUTPUTS/Orbit_GOP_Repository_Ready_20260921_163311/provenance/confirmatory/splits/train_indices.npy,splits/confirmatory/train_indices.npy,E,cb2412e7c6591a5198c023539e53bb2eed1819059fd80a150ae3402f8d713c93,cb2412e7c6591a5198c023539e53bb2eed1819059fd80a150ae3402f8d713c93,byte copy
PREVIOUS_OUTPUTS/Orbit_GOP_Repository_Ready_20260921_163311/provenance/confirmatory/splits/validation_indices.npy,splits/confirmatory/validation_indices.npy,E,6b784fbfa3a2056ca28ee172ca44531bb02f15a137a2a349fc6d92395af94950,6b784fbfa3a2056ca28ee172ca44531bb02f15a137a2a349fc6d92395af94950,byte copy
PREVIOUS_OUTPUTS/Orbit_GOP_Repository_Ready_20260921_163311/provenance/historical/RUN_FREEZE.json,provenance/historical/RUN_FREEZE.json,E,e06eb780318bed22da8b55a2c70ffb6abee17822183660d2be668db0fd79df4b,c900924a147fa590a5a46fd49fbdf74cb778f386d350a2501b1a2383a30dbe2d,"byte copy; path aliases, not original byte-identical record; publication wording normalized; original source digest retained"
PREVIOUS_OUTPUTS/Orbit_GOP_Repository_Ready_20260921_163311/provenance/historical/RUN_PROVENANCE.json,provenance/historical/RUN_PROVENANCE.json,E,670c4a285cb9152be026ccf6d77188cc4fcc0ea98d8902ae1d8cf53cfc608b2c,0477725599b2bf15ed994e8d840dd2d5fcc06d289208142c39672a52485d1acb,"byte copy; path aliases, not original byte-identical record; publication wording normalized; original source digest retained"
PREVIOUS_OUTPUTS/Orbit_GOP_Repository_Ready_20260921_163311/provenance/historical/RUN_QA_REPORT.md,provenance/historical/RUN_QA_REPORT.md,E,da85aac3c5cbcb69735569703ee7943a149d6643107432aeb824af9a0dbf038b,da85aac3c5cbcb69735569703ee7943a149d6643107432aeb824af9a0dbf038b,byte copy
PREVIOUS_OUTPUTS/Orbit_GOP_Repository_Ready_20260921_163311/provenance/historical/VALIDATION_PROTOCOL_APPROVED.md,provenance/historical/VALIDATION_PROTOCOL_APPROVED.md,E,890c4acfb0b6aa080d7907922a9c78c16e567cf0fce6ffa3f3fff3302aa40804,73bdc3ccce36103b204d30b860a789f8462dccf1ff59b8d4f213eeb189ea25bb,"byte copy; path aliases, not original byte-identical record; publication wording normalized; original source digest retained"
PREVIOUS_OUTPUTS/Orbit_GOP_Repository_Ready_20260921_163311/results/confirmatory/ACROSS_SEED_SUMMARY.csv,results/confirmatory/ACROSS_SEED_SUMMARY.csv,E,46f0cac4e23860eef6f54d841b85d429e5c9340979ce9c502793aeeafb4598c8,43459dd460ce786b9175c206353baa9e4921fbb4e0ff8d5ff9c2022e71cda879,byte copy
PREVIOUS_OUTPUTS/Orbit_GOP_Repository_Ready_20260921_163311/results/confirmatory/CALIBRATION_SUMMARY.json,results/confirmatory/CALIBRATION_SUMMARY.json,E,755ab9a831741d20f709e1f479f5619fb8e59cbd03ebb7674cfcacc63b09731f,41eeee6b0f5adea6b1097bddb2668d127c2622dc2f17052130b55e269370bd9e,"byte copy; path aliases, not original byte-identical record"
PREVIOUS_OUTPUTS/Orbit_GOP_Repository_Ready_20260921_163311/results/confirmatory/HIERARCHICAL_EFFECTS.csv,results/confirmatory/HIERARCHICAL_EFFECTS.csv,E,fd6f999dad00ef43ebf4840add9f63f57cd3980cd3484818ee7654af3da34f7f,41834397b2fbdecffa3970e679e1d6df13ca4f62423f293d7ecce8bd95915754,byte copy
PREVIOUS_OUTPUTS/Orbit_GOP_Repository_Ready_20260921_163311/results/confirmatory/PER_SEED_METRICS.csv,results/confirmatory/PER_SEED_METRICS.csv,E,3c2a3bfa46dcb53d69e12fada4e08f4882db001a34b33e6be9a0b2a3a40b5cd0,40fe6f41a90c2104bb156b8a5d871abadfb160b6f52b843af9a3f5143a83c0fb,byte copy
PREVIOUS_OUTPUTS/Orbit_GOP_Repository_Ready_20260921_163311/results/confirmatory/PREDICTION_PRESERVATION.csv,results/confirmatory/PREDICTION_PRESERVATION.csv,E,0dea5b708db1e6a2857179faa4d4242668d3e9fd0ae1b42e1d43f58fc578fb3c,0915f36a05f6663ee455e70267c4e4a6e46eed516ffe4e788fb6ec22eb49afb4,byte copy
PREVIOUS_OUTPUTS/Orbit_GOP_Repository_Ready_20260921_163311/results/confirmatory/PRIMARY_PAIRED_EFFECTS.csv,results/confirmatory/PRIMARY_PAIRED_EFFECTS.csv,E,ed0669acb5e1edd01fb32e279c88d0eae44dea0b4e5f8839fc7faf6e2f070768,08d6d121167612b36f847838df2f9019bc806ba0635bd767f5f7109bfba3c826,byte copy
PREVIOUS_OUTPUTS/Orbit_GOP_Repository_Ready_20260921_163311/results/confirmatory/SECONDARY_PAIRED_EFFECTS.csv,results/confirmatory/SECONDARY_PAIRED_EFFECTS.csv,E,d8b1b56ba414178e033e94e0bc929bd844521aea604055a6b1134f2115f19476,241ae71a8fcb069f60b38f72ea6865c5d6016ea6bad02b5b1d31daeb0e554515,byte copy
PREVIOUS_OUTPUTS/Orbit_GOP_Repository_Ready_20260921_163311/results/historical/additional_samples/EVALUATION_MANIFEST_FROZEN.csv,results/historical/additional_samples/EVALUATION_MANIFEST_FROZEN.csv,E,d19fad4372cbbb17fa6718e1ecdbc1cb07d5a3f728bce2740c1a673ca1e6eafa,df29da2bdfbd503275d7e21adb6b73693046aaa6f5cd6d88aad27fa7fc9c7818,"byte copy; path aliases, not original byte-identical record; publication wording normalized; original source digest retained"
PREVIOUS_OUTPUTS/Orbit_GOP_Repository_Ready_20260921_163311/results/historical/additional_samples/NEW_VALIDATION_PAIRED_CI.csv,results/historical/additional_samples/NEW_VALIDATION_PAIRED_CI.csv,E,fe5e2a71f617a8c4eeeeb8509637c4984daa110239b3faf7ca301a79d6ea2ca7,2ccb48f03a672e8bae33052d9b17880f5d874e682b811f018f3822a7ec59c161,byte copy
PREVIOUS_OUTPUTS/Orbit_GOP_Repository_Ready_20260921_163311/results/historical/additional_samples/NEW_VALIDATION_PER_SEED.csv,results/historical/additional_samples/NEW_VALIDATION_PER_SEED.csv,E,abdea823019b22ffb1cdf70f8d2f082f2d89e6b1af8da3aa481f6c8fe36d1615,e585d3f5b7a4bad0005e00a89d5aa17b6f74573ea843a4ea53106ff15c3bec97,byte copy
PREVIOUS_OUTPUTS/Orbit_GOP_Repository_Ready_20260921_163311/results/historical/additional_samples/NEW_VALIDATION_SUMMARY.csv,results/historical/additional_samples/NEW_VALIDATION_SUMMARY.csv,E,ae7a5ecfafc09c5b120d7393f594a90104c41df8031130269c80b55e4c8f99e2,1cadd74b240ef4f4cb98e5bc129c23daac51d9deef559650baacecb6d2d3d0b0,byte copy
PREVIOUS_OUTPUTS/Orbit_GOP_Repository_Ready_20260921_163311/results/historical/additional_samples/SCORES_LOCK.json,results/historical/additional_samples/SCORES_LOCK.json,E,ed415deaf2b42c643dde8f904507dd9dd3b322533124712689c98c6665776097,846a3132086864cdbe52c9fa6c66dec8fa4e0847dcef19442ccdec32e1aa350a,byte copy
PREVIOUS_OUTPUTS/Orbit_GOP_Repository_Ready_20260921_163311/results/historical/display_transcriptions/R2.csv,results/historical/display_transcriptions/R2.csv,E,651b5d26c9e80c636b8629e34fc719d6e57e88b7bcd792f72ae43acda790751f,b1f7480a4c0109a5760591b98276598adedb67511809b285f1b6c77e61d9ee6e,byte copy
PREVIOUS_OUTPUTS/Orbit_GOP_Repository_Ready_20260921_163311/results/historical/display_transcriptions/R4.csv,results/historical/display_transcriptions/R4.csv,E,64e8b501ed72b2fdb50b20d4641f1abe55e63112d0e5e0f63a783a29934fd85a,c81754eb34a92b1b816aa31cd3ee956c3aa1c5d2c92d756c72e5b10384a125dd,byte copy
PREVIOUS_OUTPUTS/Orbit_GOP_Repository_Ready_20260921_163311/results/historical/display_transcriptions/R5.csv,results/historical/display_transcriptions/R5.csv,E,9df22545dad6e2f5a84fd3aa6d8b91b3aa6bdfb3d3eb30e4fa4b2662db331243,6916f008f4f25ebeee41a3edb418acb960ada8dd4433ab5c379eacec0322555c,byte copy
PREVIOUS_OUTPUTS/Orbit_GOP_Repository_Ready_20260921_163311/results/historical/display_transcriptions/R6b.csv,results/historical/display_transcriptions/R6b.csv,E,0825bb51bb2686cd673ebf7783d4337a01f0efe27854b0a1ba879650ff734da7,e6f0a12cc9988b3db13adf7cef15f98a43b6b69747204e67e97f42a913d42155,byte copy
PREVIOUS_OUTPUTS/Orbit_GOP_Repository_Ready_20260921_163311/results/historical/display_transcriptions/README.md,results/historical/display_transcriptions/README.md,E,a779776b0883969bdba00345307ee5441685060e9ec87b5e672cb3a6865f9960,a779776b0883969bdba00345307ee5441685060e9ec87b5e672cb3a6865f9960,byte copy
PROJECT/outputs/confirmatory_study_20260917/code/vendor/baselines/cedl_offline.py,baselines/cedl_offline.py,C,ce9ea9551cfb0d979192423c60422d796258718bebb37bf365c85738bb9c835b,e2f43e9cc6d3aca2c29de90f66070be73ef205ee9fca2a87096f938acb1f891a,project kernel from actual confirmatory dependency tree; C includes conservative torchvision-derived attribution
PROJECT/outputs/confirmatory_study_20260917/code/vendor/baselines/gradnorm.py,baselines/gradnorm.py,C,2ea7712b44f6fcece9d72c374b2b62903e8bafc121f687ba03a57d5c4869d45b,65d6975ead8c5dc2c143cca7bd484e938d9f534a13dae1278fb3e66554ad272a,project kernel from actual confirmatory dependency tree; C includes conservative torchvision-derived attribution; public candidate stage-2 documentation or safety edit
PROJECT/outputs/confirmatory_study_20260917/code/vendor/baselines/knn.py,baselines/knn.py,A,8cd2710f170c25dec9d24eb43b00225de7d85b35f8412b8b953c260549b5d891,ddbdf9edbff31b086a7e3e594c2fdbeb3ad7b80a8f988781e81cfe917d6f9099,project kernel from actual confirmatory dependency tree; C includes conservative torchvision-derived attribution
PROJECT/outputs/confirmatory_study_20260917/code/vendor/baselines/output_scores.py,baselines/output_scores.py,A,c4d09736b751c02ed8de5afda1f71f216db92af0fbb11bf87538d56aa6a5e25b,c4d09736b751c02ed8de5afda1f71f216db92af0fbb11bf87538d56aa6a5e25b,project kernel from actual confirmatory dependency tree; C includes conservative torchvision-derived attribution
PROJECT/outputs/confirmatory_study_20260917/code/vendor/baselines/__init__.py,baselines/__init__.py,A,e3b0c44298fc1c149afbf4c8996fb92427ae41e4649b934ca495991b7852b855,e3b0c44298fc1c149afbf4c8996fb92427ae41e4649b934ca495991b7852b855,project kernel from actual confirmatory dependency tree; C includes conservative torchvision-derived attribution
PROJECT/outputs/confirmatory_study_20260917/code/vendor/models/registry.py,models/registry.py,A,7d6aa13a44130b9d9a313df32eddbc9e424cfcdb15e41f13313cfea3abab719b,3b5349eb2fd1238e365f8a663ea4dc17000024fcb0325e7599814ec1b50c8eaa,project kernel from actual confirmatory dependency tree; C includes conservative torchvision-derived attribution
PROJECT/outputs/confirmatory_study_20260917/code/vendor/models/resnet18.py,models/resnet18.py,C,7267d210e54c68428f0b0dc4831360ca84ef5685fb9ef33c2dcd6fe51ba65d8f,5f3784026fae0298534179f23977cbfbc4b11ab87a1e8d03927b0fcebbcd6306,project kernel from actual confirmatory dependency tree; C includes conservative torchvision-derived attribution
PROJECT/outputs/confirmatory_study_20260917/code/vendor/models/vgg16_bn.py,models/vgg16_bn.py,C,c90cc9618a62fee4e46e18c9225a8bb62709220a7ca34940b6414f69a10c655f,2ab0208d9891651573d23c33294476785a865538fb7794aeefb31c1cea0e972e,project kernel from actual confirmatory dependency tree; C includes conservative torchvision-derived attribution
PROJECT/outputs/confirmatory_study_20260917/code/vendor/models/wrn28_10.py,models/wrn28_10.py,C,4a34cfdf6a52c5953e909987e6571f18ba94a867f6d81befccd021129f5621cc,5420787d8b4667ec1f7765c0f046753ab400954c0cb2e68829064354ef2eb895,project kernel from actual confirmatory dependency tree; C includes conservative torchvision-derived attribution
PROJECT/outputs/confirmatory_study_20260917/code/vendor/models/__init__.py,models/__init__.py,A,e3b0c44298fc1c149afbf4c8996fb92427ae41e4649b934ca495991b7852b855,e3b0c44298fc1c149afbf4c8996fb92427ae41e4649b934ca495991b7852b855,project kernel from actual confirmatory dependency tree; C includes conservative torchvision-derived attribution
PROJECT/outputs/confirmatory_study_20260917/code/vendor/orbit_gop/calibration.py,orbit_gop/calibration.py,A,bf55cad26c3a1fe79124694428bff9a16f111379777e64d5f9bbb4c1b8a03869,bf55cad26c3a1fe79124694428bff9a16f111379777e64d5f9bbb4c1b8a03869,project kernel from actual confirmatory dependency tree; C includes conservative torchvision-derived attribution
PROJECT/outputs/confirmatory_study_20260917/code/vendor/orbit_gop/evidence.py,orbit_gop/evidence.py,A,2a0c27f4a38b60f38e3d467194c3eb7082f0a6d60a18ebfb93e7833a79391ce1,1ec2f9367cc64df2a0e64aaedd54fc57bc4f39b08a5ede299162fe3ff67ee8c6,project kernel from actual confirmatory dependency tree; C includes conservative torchvision-derived attribution
PROJECT/outputs/confirmatory_study_20260917/code/vendor/orbit_gop/functional_risk.py,orbit_gop/functional_risk.py,A,6dbe913e348f533fc64c2da9a580e5714d4f0f01aff26d2aaf408ad825a8536b,6dbe913e348f533fc64c2da9a580e5714d4f0f01aff26d2aaf408ad825a8536b,project kernel from actual confirmatory dependency tree; C includes conservative torchvision-derived attribution
PROJECT/outputs/confirmatory_study_20260917/code/vendor/orbit_gop/functional_signature.py,orbit_gop/functional_signature.py,A,a6b64e426e09a8a02842668d3457c9562b5b2663d48d49b9cd6ee50df436b7aa,4b596e962ad40820b9044498a9e80f46f73dc67b8f6d93cd108d24c61dd3511e,project kernel from actual confirmatory dependency tree; C includes conservative torchvision-derived attribution
PROJECT/outputs/confirmatory_study_20260917/code/vendor/orbit_gop/inference.py,orbit_gop/inference.py,A,987a7b420ef72c663b8437b11892abfd11da3368eedb0f3df6c785f7f61e305a,7eeecc2409824f7ccf120c831f07dfdfa9cbdf4dbc3b016e4d3f87869e084f13,project kernel from actual confirmatory dependency tree; C includes conservative torchvision-derived attribution
PROJECT/outputs/confirmatory_study_20260917/code/vendor/orbit_gop/metrics.py,orbit_gop/metrics.py,A,d47c401835630a8ca8565441852e5b2ea89697112f11d4661c3584dab0bd1eab,d47c401835630a8ca8565441852e5b2ea89697112f11d4661c3584dab0bd1eab,project kernel from actual confirmatory dependency tree; C includes conservative torchvision-derived attribution
PROJECT/outputs/confirmatory_study_20260917/code/vendor/orbit_gop/views.py,orbit_gop/views.py,A,ccd4e0781d5d78ccdbfa7792e11e947a2014e54478a38298ddf6dc37a28e3fd5,ccd4e0781d5d78ccdbfa7792e11e947a2014e54478a38298ddf6dc37a28e3fd5,project kernel from actual confirmatory dependency tree; C includes conservative torchvision-derived attribution
PROJECT/outputs/confirmatory_study_20260917/code/vendor/orbit_gop/_resnet_signature.py,orbit_gop/_resnet_signature.py,A,e4d39b0a01582a44b37ab00bc4ad3261f0c2b50bfdd9a4637bd575561288afbc,e4d39b0a01582a44b37ab00bc4ad3261f0c2b50bfdd9a4637bd575561288afbc,project kernel from actual confirmatory dependency tree; C includes conservative torchvision-derived attribution
PROJECT/outputs/confirmatory_study_20260917/code/vendor/orbit_gop/_scores.py,orbit_gop/_scores.py,A,d3955a9c226a5c97f326925cc64c83d56e4e21811e7a241661f7c96d2790a286,d3955a9c226a5c97f326925cc64c83d56e4e21811e7a241661f7c96d2790a286,project kernel from actual confirmatory dependency tree; C includes conservative torchvision-derived attribution
PROJECT/outputs/confirmatory_study_20260917/code/vendor/orbit_gop/_wrn_source.py,orbit_gop/_wrn_source.py,A,bb842f56072cea8795a796aba0715e524925398f5a9bac127ade20c2a8a8e0c9,bb842f56072cea8795a796aba0715e524925398f5a9bac127ade20c2a8a8e0c9,project kernel from actual confirmatory dependency tree; C includes conservative torchvision-derived attribution
PROJECT/outputs/confirmatory_study_20260917/code/vendor/orbit_gop/__init__.py,orbit_gop/__init__.py,A,e3b0c44298fc1c149afbf4c8996fb92427ae41e4649b934ca495991b7852b855,e3b0c44298fc1c149afbf4c8996fb92427ae41e4649b934ca495991b7852b855,project kernel from actual confirmatory dependency tree; C includes conservative torchvision-derived attribution
PROJECT/outputs/confirmatory_study_20260917/code/vendor/training/artifacts.py,training/artifacts.py,A,54e28e8d48e03c673af82efb8714dca80373c112445075fd67c0c5b0c30abacd,54e28e8d48e03c673af82efb8714dca80373c112445075fd67c0c5b0c30abacd,project kernel from actual confirmatory dependency tree; C includes conservative torchvision-derived attribution
PROJECT/outputs/confirmatory_study_20260917/code/vendor/training/resnet.py,training/resnet.py,A,08936753c7469bc8e24a8dd361f259842aa665d63e29952537a142bf0be07bc4,3c8892c0939238a74f14b54c747defb2d9f53a37a32425206459f1eceada9949,project kernel from actual confirmatory dependency tree; C includes conservative torchvision-derived attribution
PROJECT/outputs/confirmatory_study_20260917/code/vendor/training/vgg.py,training/vgg.py,A,86211dac3564bddb091c8654a08931091fa4fc33de01b3439bb1ac8c29ba5b64,6d87779cef256ad50059ddd3d4a5f6ffd4b2f1ae553be30992a79d13c8b02609,project kernel from actual confirmatory dependency tree; C includes conservative torchvision-derived attribution
PROJECT/outputs/confirmatory_study_20260917/code/vendor/training/wrn.py,training/wrn.py,A,0136ef3ca74c43cc33dc5ae6cf682a28b91e8b7d0e384d7459d6fdd5e14cc97f,98f07f18a6578a9301db9b53e182c3e9db77af95b1de23421ed0856cd3c2c519,project kernel from actual confirmatory dependency tree; C includes conservative torchvision-derived attribution
PROJECT/outputs/confirmatory_study_20260917/code/vendor/training/wrn_core.py,training/wrn_core.py,A,1c42f696cee2fefddfb642f3f5a6892e2cb2a5b332e8c4f1e569a6fc84275003,1c42f696cee2fefddfb642f3f5a6892e2cb2a5b332e8c4f1e569a6fc84275003,project kernel from actual confirmatory dependency tree; C includes conservative torchvision-derived attribution
PROJECT/outputs/confirmatory_study_20260917/code/vendor/training/__init__.py,training/__init__.py,A,e3b0c44298fc1c149afbf4c8996fb92427ae41e4649b934ca495991b7852b855,e3b0c44298fc1c149afbf4c8996fb92427ae41e4649b934ca495991b7852b855,project kernel from actual confirmatory dependency tree; C includes conservative torchvision-derived attribution
PROJECT/outputs/confirmatory_study_20260917/code/vendor/training/b0/data.py,training/b0/data.py,D,36b89c9b139ec3c05b34f3c7728241e88b57541a1422e7203b0ba1a050c630b0,f4687fe276b90e742b83539fa7565f3c5106cb514f0070f8b340cb6bb15ac72f,project kernel from actual confirmatory dependency tree; C includes conservative torchvision-derived attribution
PROJECT/outputs/confirmatory_study_20260917/code/vendor/training/b0/engine.py,training/b0/engine.py,A,5c68ef0842a135aff5ed6b38bb823baec3927370d275b1f51bab61c17ef410ad,806cde8dad4be30d431eabfd8cbce19c06abc68e5ebd1e1f0003caeed8d93515,project kernel from actual confirmatory dependency tree; C includes conservative torchvision-derived attribution
PROJECT/outputs/confirmatory_study_20260917/code/vendor/training/b0/loss.py,training/b0/loss.py,A,6f079b44c0d6d68cc43482b141b736478bfc119430e0bbb4f406b562372ef38e,0266db0a9b788b6a7b7f571e822418dfb0dc24571eae62fe47eb6988e75cbef8,project kernel from actual confirmatory dependency tree; C includes conservative torchvision-derived attribution
PROJECT/outputs/confirmatory_study_20260917/code/vendor/training/b0/metrics.py,training/b0/metrics.py,A,7b26b68e51f52249c7dc780f47caef4acfac6822b7dfb551167c5eb5f0064a87,790431dfb7ca2f34d951fe3c7fb1f5baf5a8132eead8eb1da51f2fb80fbfa9e9,project kernel from actual confirmatory dependency tree; C includes conservative torchvision-derived attribution
PROJECT/outputs/confirmatory_study_20260917/code/vendor/training/b0/schedule.py,training/b0/schedule.py,A,e01ceeb2f7a6a6481e164c275b1bb61ea0a627e9dc7df17ae1c81f716d7d31d9,565dbc1313078d46648a864fcff91f1cc74e1cbe5b1fb71b44687f4b6bd31586,project kernel from actual confirmatory dependency tree; C includes conservative torchvision-derived attribution
PROJECT/outputs/confirmatory_study_20260917/code/vendor/training/b0/__init__.py,training/b0/__init__.py,A,e3b0c44298fc1c149afbf4c8996fb92427ae41e4649b934ca495991b7852b855,e3b0c44298fc1c149afbf4c8996fb92427ae41e4649b934ca495991b7852b855,project kernel from actual confirmatory dependency tree; C includes conservative torchvision-derived attribution
PROJECT/outputs/confirmatory_study_20260917/code/train_confirmatory.py,scripts/confirmatory/train_confirmatory.py,A,9dbb71d42ac71a078e7237dd674b0dab0dc2afe8952ab861f8499bbf9f3012ef,bda5274fe4bcf7e5fd16bfb05227882d4c7b7f0c56aa98a954f51e054882b751,actual study source; only launcher imports/root and freeze interface adapted; publication wording normalized; original source digest retained
PROJECT/outputs/Orbit-GOP-confirmatory-20260917-v2/code/train_wrn.py,scripts/confirmatory/train_wrn.py,A,25dda364097a8533761edf73db25470f50149e2c96715f1195fe3da000803337,25dda364097a8533761edf73db25470f50149e2c96715f1195fe3da000803337,Actual v2 frozen WRN S5 source; byte-identical
PROJECT/outputs/confirmatory_study_20260917/code/evaluate_confirmatory.py,scripts/confirmatory/evaluate_confirmatory.py,A,5a76fccba30e09505d87740192b6cda045924a32da796c1964a1b5c90b2cc73f,8850e219adc3610eddf46f2c6abdf9ccfef1ad2441a9b7625f6d03d7f9c4c88c,actual study source; only launcher imports/root and freeze interface adapted; public candidate stage-2 documentation or safety edit
PROJECT/outputs/confirmatory_study_20260917/code/analyze_confirmatory.py,scripts/confirmatory/analyze_confirmatory.py,A,90e543254b0e69d532e150c5b7220975eb9f4937990a7bfef9be2471eb575a87,1e76af8a298c89c4a054c04d0949c8e66773b1eb7996aafe4186231d2aaa0bf3,actual study source; only launcher imports/root and freeze interface adapted; public candidate stage-2 documentation or safety edit
PROJECT/outputs/confirmatory_study_20260917/code/bootstrap_kernel.py,scripts/confirmatory/bootstrap_kernel.py,A,af75a44e210dc6ea93dd0d91247bcef946d55b05e8febfff0a66992a206e094d,af75a44e210dc6ea93dd0d91247bcef946d55b05e8febfff0a66992a206e094d,actual study source; only launcher imports/root and freeze interface adapted
PROJECT/outputs/confirmatory_study_20260917/code/cedl_views.py,scripts/confirmatory/cedl_views.py,C,96164a326c2988cd4093acbaa998711979faee8dec50aae37e9b287ca4988f9b,96164a326c2988cd4093acbaa998711979faee8dec50aae37e9b287ca4988f9b,actual study source; only launcher imports/root and freeze interface adapted
PROJECT/outputs/Orbit-GOP-public/docs/licenses/CEDL_LICENSE,licenses/CEDL_LICENSE,B,7e210e881f774e017801c0f567385a7904f29de082c1accbf923d1984ac71108,7e210e881f774e017801c0f567385a7904f29de082c1accbf923d1984ac71108,unaltered existing upstream notice
PROJECT/outputs/Orbit-GOP-public/docs/licenses/OPENOOD_LICENSE,licenses/OPENOOD_LICENSE,B,9d95944eb28fd2ac4006869ec453447c3c9cc560dcc2700884f6623a1a1ef4c4,9d95944eb28fd2ac4006869ec453447c3c9cc560dcc2700884f6623a1a1ef4c4,unaltered existing upstream notice
PROJECT/outputs/Orbit-GOP-public/docs/licenses/GRADNORM_LICENSE,licenses/GRADNORM_LICENSE,B,43070e2d4e532684de521b885f385d0841030efa2b1a20bafb76133a5e1379c1,43070e2d4e532684de521b885f385d0841030efa2b1a20bafb76133a5e1379c1,unaltered existing upstream notice
LICENSE,licenses/TORCHVISION_LICENSE,B,c06363f9d33627dc5173b13522444cc85fbb4739f63e16d4587d5c0a165b5b1e,c06363f9d33627dc5173b13522444cc85fbb4739f63e16d4587d5c0a165b5b1e,installed distribution original license
PROJECT/outputs/Orbit-GOP-public/manifests/code_provenance.json,provenance/historical/code_provenance.json,E,e3b91d0dfafccb8fda879e2e6fbefd4c96c2230a4b2198083b6e6f97cc9f017b,e3b91d0dfafccb8fda879e2e6fbefd4c96c2230a4b2198083b6e6f97cc9f017b,"prior source linkage, independently checked below; path aliases, not original byte-identical record"
PROJECT/outputs/confirmatory_study_20260917/audit/CODE_PROVENANCE.csv,provenance/confirmatory/CODE_PROVENANCE.csv,E,e77de3c4f981d078bbccfdacd00120084ad9fed4be55279445992b458ce676bb,ed4fa3ad6fd512982774b9597a3cd66b3705b49711941ab31447966fd34d8b3b,"byte copy; path aliases, not original byte-identical record"
PROJECT/outputs/confirmatory_study_20260917/audit/TRAINING_ADAPTER_AUDIT.json,provenance/confirmatory/TRAINING_ADAPTER_AUDIT.json,E,060c1d17f30fa4f4b4a8942afd8e6f3299407cba1672920af4fdc25682394894,060c1d17f30fa4f4b4a8942afd8e6f3299407cba1672920af4fdc25682394894,byte copy
PROJECT/outputs/confirmatory_study_20260917/audit/FREEZE_STATE.json,provenance/confirmatory/ORIGINAL_FREEZE_STATE.json,E,3ea9c46ae44c24c959eeca55e01126c031c295f6b8c356731e6c50f5098e3dca,3ea9c46ae44c24c959eeca55e01126c031c295f6b8c356731e6c50f5098e3dca,historical freeze evidence only; never used as new-run approval
PROJECT/outputs/confirmatory_study_20260917/environment/torch_version.txt,provenance/confirmatory/environment/torch_version.txt,E,68457b097de9810036dde86892dae5125ad2f334e5b5ff9f86d8a29f0acfc83c,68457b097de9810036dde86892dae5125ad2f334e5b5ff9f86d8a29f0acfc83c,byte copy
PROJECT/outputs/confirmatory_study_20260917/environment/cuda_version.txt,provenance/confirmatory/environment/cuda_version.txt,E,b1fa3303a8f6b23f26c9f8bc2ac1f760a8ccada410c83b8e84c1533aac270037,b1fa3303a8f6b23f26c9f8bc2ac1f760a8ccada410c83b8e84c1533aac270037,byte copy
PROJECT/outputs/confirmatory_study_20260917/environment/os_info.txt,provenance/confirmatory/environment/os_info.txt,E,669f1c5be758932ba8d6e51a0d46381f75cca4f54019e7a9b78d2189f239c0e1,669f1c5be758932ba8d6e51a0d46381f75cca4f54019e7a9b78d2189f239c0e1,byte copy
PROJECT/outputs/Orbit-GOP-public/scripts/common.py,scripts/historical/common.py,A,fe26f85a6ed2b05f1d734001f2b5a7fa15d22ed6c9ea03f9143b7156361b4238,2f9284732911f0f05d9f6ed969df97c612b75151f17ce1407ba03bba99c438b1,"existing FP32 portable historical adapter, not full original executor"
PROJECT/outputs/Orbit-GOP-public/scripts/build_calibration_reference.py,scripts/historical/build_calibration_reference.py,A,d90764833182ce4977979adb427ff79d6238eeecc5c51ac8aabf9e65b02e966a,84198341650052b33000abe4f26277277a5cc4f43768dd059617f948ced40460,"existing FP32 portable historical adapter, not full original executor"
PROJECT/outputs/Orbit-GOP-public/scripts/evaluate_orbit_gop.py,scripts/historical/evaluate_orbit_gop.py,A,7b12893cd6a3840cfb9c1e03aa025262b4acd33907a42e30020b70bc6f57ccda,6256b92c303c9e98c781a1391106fbbe746ce79de7b621f9d300aa5d5b73d798,"existing FP32 portable historical adapter, not full original executor"
PROJECT/outputs/Orbit-GOP-public/scripts/evaluate_metrics.py,scripts/historical/evaluate_metrics.py,A,f8128b10c3add93075c30d10e81c5c9d7321e138b9ef1a8bfc0aff02d3a0288b,211b039fbdd424ac64138935425964160d96a84c8e39aaecc2306837fa508e20,"existing FP32 portable historical adapter, not full original executor"
PROJECT/outputs/Orbit-GOP-public/scripts/tiny_dataset.py,scripts/historical/tiny_dataset.py,D,a607a242026c448806f6bca8e895080dad5c1142d5066cb22be47670fb91e007,a607a242026c448806f6bca8e895080dad5c1142d5066cb22be47670fb91e007,"existing FP32 portable historical adapter, not full original executor"
PROJECT/outputs/Orbit-GOP-public/scripts/train_edl.py,scripts/historical/train_edl.py,A,9c7b278fa35d9ec05a733ee2b9e8b00d27579b87f73eb687202f589b89c18805,468b6a4c5fd56a5da327d2c35d1682639b7187b84ceab3ab03cf28441f251e0e,"existing FP32 portable historical adapter, not full original executor"
PROJECT/outputs/Orbit-GOP-public/manifests/cifar100_development_indices.npy,splits/historical/cifar100_development_indices.npy,E,023fd70333e4032412f02c5e520b459570f5c36a7117e7fd0e4501b77a491ae9,023fd70333e4032412f02c5e520b459570f5c36a7117e7fd0e4501b77a491ae9,byte copy
PROJECT/outputs/Orbit-GOP-public/manifests/cifar100_p2_v2_holdout_indices.npy,splits/historical/cifar100_p2_v2_holdout_indices.npy,E,61b05e43f87251a9e34a328b878b5aaaaddecf2b0dfbe17e5be0eae8d93c696e,61b05e43f87251a9e34a328b878b5aaaaddecf2b0dfbe17e5be0eae8d93c696e,byte copy
PROJECT/outputs/Orbit-GOP-public/manifests/cifar10_calibration_indices.npy,splits/historical/cifar10_calibration_indices.npy,E,9eb11ea177d3a00904440a450a40da3ade3767880aecc5798750bdd9120960c6,9eb11ea177d3a00904440a450a40da3ade3767880aecc5798750bdd9120960c6,byte copy
PROJECT/outputs/Orbit-GOP-public/manifests/cifar10_id_safety_indices.npy,splits/historical/cifar10_id_safety_indices.npy,E,ad3fd63c36812961aa9ca4b5235926ef6d34cf3bf66cbc4dde3a78559c94fbb4,ad3fd63c36812961aa9ca4b5235926ef6d34cf3bf66cbc4dde3a78559c94fbb4,byte copy
PROJECT/outputs/Orbit-GOP-public/manifests/split_hashes.json,splits/historical/split_hashes.json,E,18340344b8dde0bf2f78e46fe4bf73c8269e3f6a9cdab7ca9889486d33f6b57d,18340344b8dde0bf2f78e46fe4bf73c8269e3f6a9cdab7ca9889486d33f6b57d,byte copy
PROJECT/outputs/Orbit-GOP-public/manifests/train_indices.npy,splits/historical/train_indices.npy,E,09211853556dc294e9a756796d8007dfe5c511713124bdc2920163dcd1765f5c,09211853556dc294e9a756796d8007dfe5c511713124bdc2920163dcd1765f5c,byte copy
PROJECT/outputs/Orbit-GOP-public/manifests/validation_indices.npy,splits/historical/validation_indices.npy,E,adc0b54caf7e75c5cd2deb912e5296bb3b87f0ef5ac1c91b231cb87d20b7c002,adc0b54caf7e75c5cd2deb912e5296bb3b87f0ef5ac1c91b231cb87d20b7c002,byte copy
PROJECT/outputs/Orbit-GOP-public/manifests/vgg_initialization.json,splits/historical/vgg_initialization.json,E,6208d58cee603577a6c5ec57046c7c11fcb97fe2fa0496ea403fa6992bfe5931,6208d58cee603577a6c5ec57046c7c11fcb97fe2fa0496ea403fa6992bfe5931,byte copy
PROJECT/outputs/Orbit-GOP-public/configs/resnet_training.json,configs/historical/resnet_training.json,E,b4216e3cc8ba57ab9cd60059ccdd6ecbf77cac54a34959301bdc0f9fceabd28c,b4216e3cc8ba57ab9cd60059ccdd6ecbf77cac54a34959301bdc0f9fceabd28c,byte copy
PROJECT/outputs/Orbit-GOP-confirmatory-20260917-v2/manifests/wrn28_10_S5.json,provenance/confirmatory/manifests/wrn28_10_S5.json,E,f626851d50269e2ce23c3fef97843a8a6e4cd700ede0e144669ab2374890cabb,867a10d9e189ac309244df2e4cc72e49c4f8d60a84a8f0e917f7284e68a1d545,Existing execution evidence; private root aliases only; original source hash retained
PROJECT/outputs/Orbit-GOP-confirmatory-20260917-v2/BUGFIX_LOG.md,provenance/confirmatory/v2/BUGFIX_LOG.md,E,60b93dbc71f6c7ec6b0e6822ea6e438d22436c8b573ef6f315f46a9330aba436,60b93dbc71f6c7ec6b0e6822ea6e438d22436c8b573ef6f315f46a9330aba436,Existing execution evidence; private root aliases only; original source hash retained
PROJECT/outputs/Orbit-GOP-confirmatory-20260917-v2/LOCKED_PROTOCOL.md,provenance/confirmatory/v2/LOCKED_PROTOCOL.md,E,a5b31781e086be57c18b5e4362f12a6489ca81f4452bb98de5a343757c9e664c,492c6d142708804a0ac977f48546b8400f581d1f219f748e885f22e0803ada6c,Existing execution evidence; private root aliases only; original source hash retained; publication wording normalized; original source digest retained
PROJECT/outputs/Orbit-GOP-confirmatory-20260917-v2/audit/FINITE_PATH_QA.json,provenance/confirmatory/v2/FINITE_PATH_QA.json,E,f41a8683225d19694ba4fe707d71d6c70067a7696fbe480521c11b98035feaf8,f41a8683225d19694ba4fe707d71d6c70067a7696fbe480521c11b98035feaf8,Existing execution evidence; private root aliases only; original source hash retained
PROJECT/outputs/Orbit-GOP-confirmatory-20260917-v2/audit/FREEZE_STATE.json,provenance/confirmatory/v2/FREEZE_STATE.json,E,85d5ed11f54dd42e87fad3bedac92d8449de37cb18fad3845869977b090da645,85d5ed11f54dd42e87fad3bedac92d8449de37cb18fad3845869977b090da645,Existing execution evidence; private root aliases only; original source hash retained
PROJECT/outputs/Orbit-GOP-confirmatory-20260917-v2/config/confirmatory_locked.yaml,provenance/confirmatory/v2/confirmatory_locked.yaml,E,ad2e3ac11db83dbf253835aa692ec4b7efb7ff3fd6b4565a7103956ffffea347,5c14c03408bb008bb766c5b62631ea70e1c8e81e06da71b3ed8ea69790d2662b,Existing execution evidence; private root aliases only; original source hash retained
PROJECT/outputs/Orbit-GOP-confirmatory-20260917-v2/manifests/NINE_CHECKPOINT_FREEZE_SUMMARY.json,provenance/confirmatory/manifests/NINE_CHECKPOINT_FREEZE_SUMMARY.json,E,4a9e675187db2a65f0702c27459550999b6b4b735668c6ea283fba0929691f32,f60b0de46859a3f7073c776a847bf1b98ec6790f876bf126bc9ca3e224c3ce03,Existing execution evidence; private root aliases only; original source hash retained
PROJECT/outputs/Orbit-GOP-confirmatory-20260917-stage7/CHECKPOINT_INPUT_MAP.json,provenance/confirmatory/manifests/CHECKPOINT_INPUT_MAP.json,E,1d5c31de735acff4325ba612a582a1088a325ae183f61937a9cc56772b663485,708c81acbfa6fbc8e24bed545fda396f4d628b81ec21881d4d28a211f1e3c983,Existing execution evidence; private root aliases only; original source hash retained
