relative_path,sha256,size,previous_classification,reason_excluded
scripts/archive/additional_samples/NEW_VALIDATION_FORMAL_V2_20260912_141557/analysis.py,e6f09190bbfcbf769a06e4cf15a3ff146836dc828bfcb14cada9fb99719fdc3f,17108,ARCHIVAL_LOCAL_SOURCE,Publication scope minimization; file-level origin and redistribution rights not closed
scripts/archive/additional_samples/NEW_VALIDATION_FORMAL_V2_20260912_141557/code/verify_delivery.py,b44b650312c49ce5ce2e06664ead60235c5093194279768a3e7e3234c431b624,5446,ARCHIVAL_LOCAL_SOURCE,Publication scope minimization; file-level origin and redistribution rights not closed
scripts/archive/additional_samples/NEW_VALIDATION_FORMAL_V2_20260912_141557/common.py,dbd1e500160565698e7a32e18f714073d801cc8af4c1f8225c271337c2ffe8ac,3506,ARCHIVAL_LOCAL_SOURCE,Publication scope minimization; file-level origin and redistribution rights not closed
scripts/archive/additional_samples/NEW_VALIDATION_FORMAL_V2_20260912_141557/preflight.py,343ffba6a5ffb5d1452f7550ce835d9d83b5d26107f3111023757d869c24d05f,10180,ARCHIVAL_LOCAL_SOURCE,Publication scope minimization; file-level origin and redistribution rights not closed
scripts/archive/additional_samples/NEW_VALIDATION_FORMAL_V2_20260912_141557/resume.py,d05751b704461e3516b030208d655f75ed0fe6e954d51f47e692dc3beae0eac9,2489,ARCHIVAL_LOCAL_SOURCE,Publication scope minimization; file-level origin and redistribution rights not closed
scripts/archive/additional_samples/NEW_VALIDATION_FORMAL_V2_20260912_141557/run.py,f083338036933633744bb5d50e07d8df2df0eaf80fb385c5aaeea444b1c685eb,12734,ARCHIVAL_LOCAL_SOURCE,Publication scope minimization; file-level origin and redistribution rights not closed
scripts/archive/additional_samples/NEW_VALIDATION_READINESS_CLOSURE_20260912_130032/finalize_closure.py,c950efc0ed9815cc5a4f33493bae88be6cc811746c9dc1f508eee628468572e8,22964,ARCHIVAL_LOCAL_SOURCE,Publication scope minimization; file-level origin and redistribution rights not closed
scripts/archive/additional_samples/NEW_VALIDATION_READINESS_CLOSURE_20260912_130032/prepare_closure.py,1287709172f683c9034634b84173bc0f62bfac53bbc3496cda1e912894404106,10702,ARCHIVAL_LOCAL_SOURCE,Publication scope minimization; file-level origin and redistribution rights not closed
scripts/archive/additional_samples/NEW_VALIDATION_READINESS_CLOSURE_20260912_130032/technical_test.py,3c9efbdef028af1f5cdd792aa9b2be7b15483bd75728e09467be368eab21e99a,20297,ARCHIVAL_LOCAL_SOURCE,Publication scope minimization; file-level origin and redistribution rights not closed
scripts/archive/additional_samples/NEW_VALIDATION_TARGETED_FIX_20260912_133901/finalize_fix.py,7c770d33616cffcbd9a0066d7ae92e89416a717a83ea7373bac33d2c8668654b,27402,ARCHIVAL_LOCAL_SOURCE,Publication scope minimization; file-level origin and redistribution rights not closed
scripts/archive/additional_samples/NEW_VALIDATION_TARGETED_FIX_20260912_133901/prepare_fix.py,406bb97da0a2a47841175aafcf10531c87343ba09f3fb9df59d4f6de13cfc166,11721,ARCHIVAL_LOCAL_SOURCE,Publication scope minimization; file-level origin and redistribution rights not closed
scripts/archive/additional_samples/NEW_VALIDATION_TARGETED_FIX_20260912_133901/technical_v2.py,90e4072c2343d605bae559628b1d01e8091f4ae3208925f45dc86e2b6ff118f4,11278,ARCHIVAL_LOCAL_SOURCE,Publication scope minimization; file-level origin and redistribution rights not closed
scripts/archive/beta/audit_files.py,d3af4f04db789c2472340da6c85c2fbbfd64591f56ae7615cce7c1572897084c,2065,ARCHIVAL_LOCAL_SOURCE,Publication scope minimization; file-level origin and redistribution rights not closed
scripts/archive/beta/finalize.py,5e1658627486aa8636a4ebbef13941c0339a2891c193a4c51f155ae9b3717948,9359,ARCHIVAL_LOCAL_SOURCE,Publication scope minimization; file-level origin and redistribution rights not closed
scripts/archive/beta/function_only_core.py,5228db1b03dfe9e360e51f79a94ba5ff16f949c67138f09578476ec1e6a4fffb,9285,ARCHIVAL_LOCAL_SOURCE,Publication scope minimization; file-level origin and redistribution rights not closed
scripts/archive/beta/plot_figure7.py,4edcb8fd375b28b5836d1fb59388f1799316488b358264be39f08d6e06242bd4,3373,ARCHIVAL_LOCAL_SOURCE,Publication scope minimization; file-level origin and redistribution rights not closed
scripts/archive/beta/run_closure.py,d6842e4b1ac61ff603dc6fd3e5566d87b927d67ddf7b53a75d4dde8594c6d367,12564,ARCHIVAL_LOCAL_SOURCE,Publication scope minimization; file-level origin and redistribution rights not closed
scripts/archive/beta/table4_pipeline.py,dbbf90fe9c050d2f0fb1e18fd5d3003cfb5e7424af265438fedfbd247eeb200e,17830,ARCHIVAL_LOCAL_SOURCE,Publication scope minimization; file-level origin and redistribution rights not closed
scripts/archive/beta/verify_closure.py,11d73937b8641f27161525dcc681be7d5394b70b3b0cd3fdaff3be90f23cdfa4,4920,ARCHIVAL_LOCAL_SOURCE,Publication scope minimization; file-level origin and redistribution rights not closed
scripts/archive/cifar10c/p6b_core.py,8aae29b0a7ee12aca004a4c2b1f45906cce7401e676fe434d673c2541d829e9a,10446,ARCHIVAL_LOCAL_SOURCE,Publication scope minimization; file-level origin and redistribution rights not closed
scripts/archive/cifar10c/run_p6b.py,57958292484f03bb241932b900ba29600120ee572798efba1d7e117ab2b51062,70594,ARCHIVAL_LOCAL_SOURCE,Publication scope minimization; file-level origin and redistribution rights not closed
scripts/archive/efficiency/audit_files.py,2dd690023b2e5a6e1561784338da36308b474f665e38d093506859b751b2ae4c,2061,ARCHIVAL_LOCAL_SOURCE,Publication scope minimization; file-level origin and redistribution rights not closed
scripts/archive/efficiency/build_core.py,3a7e4dcf155b412bc5382120c09a236e299d79eb10f47ba248495ae7f5a831fc,3591,ARCHIVAL_LOCAL_SOURCE,Publication scope minimization; file-level origin and redistribution rights not closed
scripts/archive/efficiency/finalize.py,3ae3152f65cf94d9865c42207776e5aeac52d14ecf2a54085b5b138a8b3606d9,17737,ARCHIVAL_LOCAL_SOURCE,Publication scope minimization; file-level origin and redistribution rights not closed
scripts/archive/efficiency/function_only_core.py,5228db1b03dfe9e360e51f79a94ba5ff16f949c67138f09578476ec1e6a4fffb,9285,ARCHIVAL_LOCAL_SOURCE,Publication scope minimization; file-level origin and redistribution rights not closed
scripts/archive/efficiency/performance_audit.py,cdfa77a54824d7fbe185b182518855d492089dca8abc0d658ef7ae3ddec8245f,7083,ARCHIVAL_LOCAL_SOURCE,Publication scope minimization; file-level origin and redistribution rights not closed
scripts/archive/efficiency/run_benchmark.py,0f145146a0432305cfe57124b07057720084faa218cc0859ef29fc0d24e674a1,17270,ARCHIVAL_LOCAL_SOURCE,Publication scope minimization; file-level origin and redistribution rights not closed
scripts/archive/figures/confirmatory/draw_figures.py,2ee6d6a2714ef30a745699813968e7701557276b301887e5125cd26be54bde17,10699,ARCHIVAL_LOCAL_SOURCE,Publication scope minimization; file-level origin and redistribution rights not closed
scripts/archive/figures/late_confirmatory/绘制图1和2.py,c172c780ae6a63a0c82f152068b6879eb8002d492f191cab87d841f9e4064ad1,22757,ARCHIVAL_LOCAL_SOURCE,Publication scope minimization; file-level origin and redistribution rights not closed
scripts/archive/figures/late_confirmatory/绘制图3.py,ca15dc4eca8a505f4c388bae6650eb43863392c674738a3ed457f75411be05dc,7497,ARCHIVAL_LOCAL_SOURCE,Publication scope minimization; file-level origin and redistribution rights not closed
scripts/archive/figures/late_efficiency/绘制图10.py,d38b7070e1e0f5000f3e0f2e6869bda3cb5a45f685eba139c85809fe9a83426d,8574,ARCHIVAL_LOCAL_SOURCE,Publication scope minimization; file-level origin and redistribution rights not closed
scripts/archive/figures/main_4/base/plot_figure3.py,ea8d27bae230572555dff5349721d297f63dfe474e15a0f18baed5f9d512ff91,13240,ARCHIVAL_LOCAL_SOURCE,Publication scope minimization; file-level origin and redistribution rights not closed
scripts/archive/figures/main_4/current/plot_figure3.py,11bcbb5b9a8ab365695e710103adc20fd1251fb6395c701e1e7b1f0f9c1a30e9,11502,ARCHIVAL_LOCAL_SOURCE,Publication scope minimization; file-level origin and redistribution rights not closed
scripts/archive/figures/main_5/base/plot_figure6.py,8af72e0e81a552831fd34dd89ebba4b588cc07adf153d9c02d7a9a09a6ab9413,6380,ARCHIVAL_LOCAL_SOURCE,Publication scope minimization; file-level origin and redistribution rights not closed
scripts/archive/figures/main_5/current/plot_figure6.py,c8fa9af4fdf9681eaba67129801edc3f8f7c7e44f90b3a22c1b4644069162f42,10210,ARCHIVAL_LOCAL_SOURCE,Publication scope minimization; file-level origin and redistribution rights not closed
scripts/archive/figures/main_6/base/plot_figure9.py,2bcff5a819bfa7e8c8cbc556872f1a6f614f49495642bda6ae026d6408323ef0,13020,ARCHIVAL_LOCAL_SOURCE,Publication scope minimization; file-level origin and redistribution rights not closed
scripts/archive/figures/main_6/current/plot_figure9.py,506b85734fdae1196e931c506adc169242286a06a4b7d389a8254385e48e1033,13135,ARCHIVAL_LOCAL_SOURCE,Publication scope minimization; file-level origin and redistribution rights not closed
scripts/archive/figures/main_7/base/plot_figure10.py,8b370696ac110e64397ddac5931540c73ff25c9fde706b066d21537b02f2c8be,13928,ARCHIVAL_LOCAL_SOURCE,Publication scope minimization; file-level origin and redistribution rights not closed
scripts/archive/figures/main_7/current/plot_figure10.py,6eacf72e448c227af733dd85ce8ba82b2f1c2270302042fc041125d7a7bccad9,8842,ARCHIVAL_LOCAL_SOURCE,Publication scope minimization; file-level origin and redistribution rights not closed
scripts/archive/figures/main_8/base/plot_figure7.py,a41268614eb06bbeacd0697db6a8ec3280b0e862452c3565db09e730a3dd11cc,7119,ARCHIVAL_LOCAL_SOURCE,Publication scope minimization; file-level origin and redistribution rights not closed
scripts/archive/figures/main_8/current/plot_figure7.py,a41268614eb06bbeacd0697db6a8ec3280b0e862452c3565db09e730a3dd11cc,7119,ARCHIVAL_LOCAL_SOURCE,Publication scope minimization; file-level origin and redistribution rights not closed
scripts/archive/figures/main_8/final_input/plot_figure7.py,4edcb8fd375b28b5836d1fb59388f1799316488b358264be39f08d6e06242bd4,3373,ARCHIVAL_LOCAL_SOURCE,Publication scope minimization; file-level origin and redistribution rights not closed
scripts/archive/figures/main_9/base/plot_figure8.py,af6a6f30c90965ffd5f1092c4affa3ac141cee34e6626ddc776f76127594ce69,9000,ARCHIVAL_LOCAL_SOURCE,Publication scope minimization; file-level origin and redistribution rights not closed
scripts/archive/figures/main_9/current/plot_figure8.py,125f21ff55c1bd6ef52268e64e483698c21fac2c872112bf06ab17aa737be1f7,9925,ARCHIVAL_LOCAL_SOURCE,Publication scope minimization; file-level origin and redistribution rights not closed
scripts/archive/figures/main_9/final_input/绘制图10.py,d38b7070e1e0f5000f3e0f2e6869bda3cb5a45f685eba139c85809fe9a83426d,8574,ARCHIVAL_LOCAL_SOURCE,Publication scope minimization; file-level origin and redistribution rights not closed
scripts/archive/figures/origin_compliance/adapt.py,c62d066b3cff605ada9fc4336366413d4ad645af5627d9f58415706ddeafc426,4144,ARCHIVAL_LOCAL_SOURCE,Publication scope minimization; file-level origin and redistribution rights not closed
scripts/archive/figures/origin_compliance/package.py,b5d2915e100227512c384976475a7b4a37b65b3425994ee3db475660760008b7,10493,ARCHIVAL_LOCAL_SOURCE,Publication scope minimization; file-level origin and redistribution rights not closed
scripts/archive/figures/origin_compliance/run_origin.py,017fbd3c471d85cab8eae6f239d72b796094128361c275740bcd41a60639880a,515,ARCHIVAL_LOCAL_SOURCE,Publication scope minimization; file-level origin and redistribution rights not closed
scripts/archive/figures/origin_compliance/verify_delivery.py,7541d94b5b663e9071c1e5a131e61a012ac18f793717cebaead7e2a023e7b1c3,7443,ARCHIVAL_LOCAL_SOURCE,Publication scope minimization; file-level origin and redistribution rights not closed
scripts/archive/layer_ablation/audit_files.py,2dd690023b2e5a6e1561784338da36308b474f665e38d093506859b751b2ae4c,2061,ARCHIVAL_LOCAL_SOURCE,Publication scope minimization; file-level origin and redistribution rights not closed
scripts/archive/layer_ablation/finalize.py,e1665e1d98af9de546c4d375400dc74052e2a63ac049cb2fde902c6df8873647,13543,ARCHIVAL_LOCAL_SOURCE,Publication scope minimization; file-level origin and redistribution rights not closed
scripts/archive/layer_ablation/layer_core.py,74dc306785a8a0d16d0353056cf7d0d01f7785563d46e17d8d2d32fd8f2a5644,9319,ARCHIVAL_LOCAL_SOURCE,Publication scope minimization; file-level origin and redistribution rights not closed
scripts/archive/layer_ablation/run_layers.py,661562cfc2d92b37d624cfd75b80ece9e141d42a82718feeb85ec12cee51650b,22642,ARCHIVAL_LOCAL_SOURCE,Publication scope minimization; file-level origin and redistribution rights not closed
scripts/archive/layer_ablation/verify_layers.py,2d8c72be4600218203a3c905efec7d4b4b5e88445f6f78a2c81610f62f9b6e88,5479,ARCHIVAL_LOCAL_SOURCE,Publication scope minimization; file-level origin and redistribution rights not closed
scripts/archive/matched_cost/audit_files.py,2dd690023b2e5a6e1561784338da36308b474f665e38d093506859b751b2ae4c,2061,ARCHIVAL_LOCAL_SOURCE,Publication scope minimization; file-level origin and redistribution rights not closed
scripts/archive/matched_cost/build_runner.py,d55300ef2094772819e3100fdf04af590597c257859e4c191870795d68493ed8,8919,ARCHIVAL_LOCAL_SOURCE,Publication scope minimization; file-level origin and redistribution rights not closed
scripts/archive/matched_cost/function_only_core.py,5228db1b03dfe9e360e51f79a94ba5ff16f949c67138f09578476ec1e6a4fffb,9285,ARCHIVAL_LOCAL_SOURCE,Publication scope minimization; file-level origin and redistribution rights not closed
scripts/archive/matched_cost/plot_finalize.py,c9878db9305198493cac6fffafce7c991ea0c8814f1620784dd8f859f9248faa,15940,ARCHIVAL_LOCAL_SOURCE,Publication scope minimization; file-level origin and redistribution rights not closed
scripts/archive/matched_cost/run_latency.py,fd95f2135621f4fe5f841de3cd07446898b2356c868f85bbe22bb84ced63713a,18237,ARCHIVAL_LOCAL_SOURCE,Publication scope minimization; file-level origin and redistribution rights not closed
scripts/archive/profile/audit_files.py,2dd690023b2e5a6e1561784338da36308b474f665e38d093506859b751b2ae4c,2061,ARCHIVAL_LOCAL_SOURCE,Publication scope minimization; file-level origin and redistribution rights not closed
scripts/archive/profile/build_profile.py,7906a3253d9bf795580526da786cba31ebe3591cef54d7c478f7de3732880495,2127,ARCHIVAL_LOCAL_SOURCE,Publication scope minimization; file-level origin and redistribution rights not closed
scripts/archive/profile/finalize.py,d2fe12c81e8007898dee988e125d65548b06d3651fe71e07d60dd67e3e045ac7,18902,ARCHIVAL_LOCAL_SOURCE,Publication scope minimization; file-level origin and redistribution rights not closed
scripts/archive/profile/function_only_core.py,5228db1b03dfe9e360e51f79a94ba5ff16f949c67138f09578476ec1e6a4fffb,9285,ARCHIVAL_LOCAL_SOURCE,Publication scope minimization; file-level origin and redistribution rights not closed
scripts/archive/profile/preserve_attempt.py,95b1c849e1547fda9660618cc6655117e8c785abbec673c889de8940fe24b42d,1310,ARCHIVAL_LOCAL_SOURCE,Publication scope minimization; file-level origin and redistribution rights not closed
scripts/archive/profile/profiling_core.py,1ff4d1900986066741cbb2fb029a4368f26eb282909c8f058f2c3ed6deb727e3,9612,ARCHIVAL_LOCAL_SOURCE,Publication scope minimization; file-level origin and redistribution rights not closed
scripts/archive/profile/run_profile.py,984376a6dc63f2fa2de605a70ed7323a6658f1679b6ab031984f71c889b30c91,16116,ARCHIVAL_LOCAL_SOURCE,Publication scope minimization; file-level origin and redistribution rights not closed
scripts/archive/profile/table7_source.py,0f145146a0432305cfe57124b07057720084faa218cc0859ef29fc0d24e674a1,17270,ARCHIVAL_LOCAL_SOURCE,Publication scope minimization; file-level origin and redistribution rights not closed
scripts/archive/vgg_layers/P11_cedl_weakness_complementarity/p11.py,d246090ec17c5e190bca3429f5ff6f8c0203f2aa056ac3d6365ba9512fef4910,91434,ARCHIVAL_LOCAL_SOURCE,Publication scope minimization; file-level origin and redistribution rights not closed
scripts/archive/vgg_layers/P11_cedl_weakness_complementarity/verify_p11.py,bc142df4b4c3c86a07f3dfc42a981790b1c47533ffc05e8ca190ce96287b6391,11422,ARCHIVAL_LOCAL_SOURCE,Publication scope minimization; file-level origin and redistribution rights not closed
scripts/archive/vgg_layers/P12_block4_replacement_audit/p12.py,36679900bccca014429e3bea1fd7c839ce8a6bca2297f87d1d4558114437ef9c,64457,ARCHIVAL_LOCAL_SOURCE,Publication scope minimization; file-level origin and redistribution rights not closed
scripts/archive/vgg_layers/P12_block4_replacement_audit/verify_p12.py,20991145b3ae4ec15ba5d0ccf93fe77fdfcb58896eb3fc11f1711f0c9ba59fc1,9121,ARCHIVAL_LOCAL_SOURCE,Publication scope minimization; file-level origin and redistribution rights not closed
