原编号,正文编号,精简补充编号,仓库编号,证据角色,说明
S1,,,R1,确认性,原始数值不变
S2,,,R2,历史,原始数值不变
S3,,S1,,确认性,原始数值不变
S4,,,R4,历史,原始数值不变
S5,,,R5,历史,原始数值不变
S6a,4,,,历史,原始数值不变
S6b,,,R6b,历史,原始数值不变
S6c,,S3,,历史,原始数值不变
S7,,,R7,确认性,原始数值不变
S8,,S2,,确认性,原始数值不变
S9,,,R9,确认性,原始数值不变
Main Table 1,1,,,保持原角色,LaTeX自动编号；既有标签不改
Main Table 2,2,,,保持原角色,LaTeX自动编号；既有标签不改
Main Table 3,3,,,保持原角色,LaTeX自动编号；既有标签不改
Main Table 4,5,,,保持原角色,LaTeX自动编号；既有标签不改
Main Table 5,6,,,保持原角色,LaTeX自动编号；既有标签不改
Main Table 6,7,,,保持原角色,LaTeX自动编号；既有标签不改
Main Table 7,8,,,保持原角色,LaTeX自动编号；既有标签不改
Main Figure 1,1,,,保持原角色,文件及标签语义不变
Main Figure 2,2,,,保持原角色,文件及标签语义不变
Main Figure 3,3,,,保持原角色,文件及标签语义不变
Main Figure 4,4,,,保持原角色,文件及标签语义不变
Main Figure 5,5,,,保持原角色,文件及标签语义不变
Main Figure 6,6,,,保持原角色,文件及标签语义不变
Main Figure 7,7,,,保持原角色,文件及标签语义不变
Main Figure 8,8,,,保持原角色,文件及标签语义不变
Main Figure 9,9,,,保持原角色,文件及标签语义不变
Supplementary Figure S1,,,Figure R1,历史,原图字节不变
Note S1,第4章开头、4.6.2,,Note R1（完整细节）,依原文区分确认性与历史；不改种子角色,主文仅迁必要摘要，详细原协议在扩展附录归档
Note S2,4.1.3,,Note R2（完整细节）,依原文区分确认性与历史；不改种子角色,主文仅迁必要摘要，详细原协议在扩展附录归档
Note S3,4.1.3,,Note R3（完整细节）,依原文区分确认性与历史；不改种子角色,主文仅迁必要摘要，详细原协议在扩展附录归档
Note S4,4.1.4–4.1.5,,Note R4（完整细节）,依原文区分确认性与历史；不改种子角色,主文仅迁必要摘要，详细原协议在扩展附录归档
Note S5,仅更新原机制引用,,Note R5（完整细节）,依原文区分确认性与历史；不改种子角色,主文仅迁必要摘要，详细原协议在扩展附录归档
Note S6,4.3.4,S3的历史统计说明,Note R6（完整细节）,依原文区分确认性与历史；不改种子角色,主文仅迁必要摘要，详细原协议在扩展附录归档
