paper_element,status,material,boundary
Main Tables 2-3; Figures 2-3; journal S1-S2,RESULTS_VERIFIED,results/confirmatory,Saved aggregate results and plot data retained; current-paper display values checked separately; raw per-sample scores absent.
Main Table 4; journal S3,RESULTS_VERIFIED_EXECUTOR_NOT_DISTRIBUTED,results/historical/additional_samples,Frozen historical outputs and provenance retained; historical archive not distributed in public release.
Extended Tables R1/R7/R9,RESULTS_VERIFIED,docs/s1a.tex; docs/s1b.tex; docs/s1c.tex; docs/all_methods.tex; docs/fit_provenance.tex,"Per-seed values, displayed aggregate values, calibration scales and reference counts checked"
Extended R2/R4/R5/R6b,DISPLAY_TRANSCRIPTIONS,results/historical/display_transcriptions,"Literal manuscript cells, not raw experiment outputs"
Main Figure 1,CONCEPTUAL_DIAGRAM,submission figure asset,Schematic; no experimental data claim
Main Figure 4,RETAINED_HISTORICAL_ARTIFACTS,results/figures/main_4,Historical source figure 3. Functional instability; saved density/statistic coordinates. Plot-data provenance retained; historical archive not distributed in public release; byte-identical final PDF layout not established.
Main Figure 5,RETAINED_HISTORICAL_ARTIFACTS,results/figures/main_5,Historical source figure 6. Conditional filtering; saved AUROC/CI and thresholds. Plot-data provenance retained; historical archive not distributed in public release; byte-identical final PDF layout not established.
Main Figure 6,RETAINED_HISTORICAL_ARTIFACTS,results/figures/main_6,Historical source figure 9. Rank-change heatmap and fixed-case summaries. Plot-data provenance retained; historical archive not distributed in public release; byte-identical final PDF layout not established.
Main Figure 7,RETAINED_HISTORICAL_ARTIFACTS,results/figures/main_7,Historical source figure 10. Case channel allocation CSV; image-bearing NPZ excluded. Plot-data provenance retained; historical archive not distributed in public release; byte-identical final PDF layout not established.
Main Figure 8,RETAINED_HISTORICAL_ARTIFACTS,results/figures/main_8,Historical source figure 7. FP32 beta sensitivity authority and saved plot coordinates. Plot-data provenance retained; historical archive not distributed in public release; byte-identical final PDF layout not established.
Main Figure 9,RETAINED_HISTORICAL_ARTIFACTS,results/figures/main_9,Historical source figure 8. Matched latency/performance and component profiling authority. Plot-data provenance retained; historical archive not distributed in public release; byte-identical final PDF layout not established.
Main Table 5 (historical Table 4),RETAINED_HISTORICAL_RESULTS,results/historical/main_table5,Actual existing result CSVs; current displayed values statically checked; no experiment or bootstrap rerun.
Main Table 6 (historical Table 5),RETAINED_HISTORICAL_RESULTS,results/historical/main_table6,Actual existing result CSVs; current displayed values statically checked; no experiment or bootstrap rerun.
Main Table 7 (historical Table 6),RETAINED_HISTORICAL_RESULTS,results/historical/main_table7,Actual existing result CSVs; current displayed values statically checked; no experiment or bootstrap rerun.
Main Table 8 (historical Table 7),RETAINED_HISTORICAL_RESULTS,results/historical/main_table8,Actual existing result CSVs; current displayed values statically checked; no experiment or bootstrap rerun.
Complete final-appearance figure plotting executor,EXECUTOR_NOT_DISTRIBUTED,historical archive not distributed in public release,Selected saved coordinates and source identities remain; a complete portable final-layout figure executor is not supplied.
Dataset image arrays; model weights; raw score arrays,EXCLUDED_BY_RELEASE_SCOPE,docs/reproducibility.md,Not evidence of historical loss. Deliberately excluded; figure7 NPZ embeds dataset images. Original workbook/Origin binaries excluded from publication.
