path,source_path,source_sha256,released_sha256,transformation
results/figures/main_2/actual_origin_columns.json,WORKSPACE\outputs\Applied_Intelligence_Figure_Compliance_20260920_210802\sources\inputs\Fig3\actual_origin_columns.json,09b3118bf2d718ea58b40abd331a77fb5bf5774293ad2298579ae003c4d0c008,5363e57e8743c8a0aff55d40f9fc9a8f51d9a3216cffbf5e1945900804b910f6,location identifiers redacted; scientific values unchanged
results/figures/main_2/Fig3_elements.csv,WORKSPACE\outputs\Applied_Intelligence_Figure_Compliance_20260920_210802\sources\inputs\Fig3\Fig3_elements.csv,c2c86b98c9b3847d97d568cb97baab4275c50845f05186bea0fece214a7fceea,6c0ae91c925062a772d19b0df524bf10e26a4d9e261ccb5ecaba20787d25cc6a,location identifiers redacted; scientific values unchanged
results/figures/main_2/registry.json,WORKSPACE\outputs\Applied_Intelligence_Figure_Compliance_20260920_210802\sources\inputs\Fig3\registry.json,88472474242ecca8b62be75b3514bf1b9b5c9392f4498b4e3b617a3b585f3646,b573b9459704fbdba8ac70a31d04ce95dd372bb35b784686059538a79f1e8210,location identifiers redacted; scientific values unchanged
results/figures/main_2/source_map.json,WORKSPACE\outputs\Applied_Intelligence_Figure_Compliance_20260920_210802\sources\inputs\Fig3\source_map.json,4a4e3702c4fb1af74f93fa3542e8510d75e51ec6f3dd9a36ce9e85339184636e,32a83deffa82432a72de310f51122c2224b39b644e4b9ab02401a5dd0ec32913,location identifiers redacted; scientific values unchanged
results/figures/main_4/actual_origin_columns.json,WORKSPACE\outputs\Applied_Intelligence_Figure_Compliance_20260920_210802\sources\inputs\Fig5\actual_origin_columns.json,26a0c245616c2045a4f50b5e7a2376840f6d7d3dfdaf281bfd4abb41e1739624,26a0c245616c2045a4f50b5e7a2376840f6d7d3dfdaf281bfd4abb41e1739624,byte-identical
results/figures/main_4/data_checks.json,WORKSPACE\outputs\Applied_Intelligence_Figure_Compliance_20260920_210802\sources\inputs\Fig5\data_checks.json,2186fbcaf74eae7b1385eb5818813cc7893a98802b5bf186c648ebccd43c0abf,2186fbcaf74eae7b1385eb5818813cc7893a98802b5bf186c648ebccd43c0abf,byte-identical
results/figures/main_4/figure3_field_sources.csv,WORKSPACE\outputs\Applied_Intelligence_Figure_Compliance_20260920_210802\sources\inputs\Fig5\figure3_field_sources.csv,5e8c5c89ebb7aad58553512001f20b9e85ab5606fb2dea3b25a2880d7285461a,653da9769724733c5ff658d153cc40e47540a7ba5423b4f4c2d4c8dc7bec57fc,location identifiers redacted; scientific values unchanged
results/figures/main_4/figure3_plot_data.csv,WORKSPACE\outputs\Applied_Intelligence_Figure_Compliance_20260920_210802\sources\inputs\Fig5\figure3_plot_data.csv,30fb5e3842a8d351eb1eb326147849720c944e379822ce63d29cee67bfa430ef,f0ad44372a4b603d4a881a48afb762b6038b36fcf4703de7936ed4a4baa1582d,location identifiers redacted; scientific values unchanged
results/figures/main_4/figure3_source_manifest.csv,WORKSPACE\outputs\Applied_Intelligence_Figure_Compliance_20260920_210802\sources\inputs\Fig5\figure3_source_manifest.csv,e51c150592dfe5c3f7f6540ad3f8694078787e1e3f2917e4dbdce0c12324c3ec,283dc2cdc2d88a6b038bbb4ebaeac20f5c64ac829b543777dfdee833dc953acc,location identifiers redacted; scientific values unchanged
results/figures/main_4/source_map.json,WORKSPACE\outputs\Applied_Intelligence_Figure_Compliance_20260920_210802\sources\inputs\Fig5\source_map.json,24c2a9e63ac4d4bb912a35dbb3e3c97de1df7fe88b7e9506fa7072d6b01fc0bf,a8b258478a6501a8713b5b9a63efbfad8dfb5847dc39618574a4d9a08d86b743,location identifiers redacted; scientific values unchanged
results/figures/main_4/statistics.json,WORKSPACE\outputs\Applied_Intelligence_Figure_Compliance_20260920_210802\sources\inputs\Fig5\statistics.json,d8b74afadc66112fcd4709d7b651ba8176e76601594d959df3775d9cd4f3255c,d8b74afadc66112fcd4709d7b651ba8176e76601594d959df3775d9cd4f3255c,byte-identical
results/figures/main_5/actual_origin_columns.json,WORKSPACE\outputs\Applied_Intelligence_Figure_Compliance_20260920_210802\sources\inputs\Fig6\actual_origin_columns.json,b0f12d8fb0820e2b80a9364d4a84bae160eefc0e0ae8f6f9371d32a1f0bbb945,b0f12d8fb0820e2b80a9364d4a84bae160eefc0e0ae8f6f9371d32a1f0bbb945,byte-identical
results/figures/main_5/data_checks.json,WORKSPACE\outputs\Applied_Intelligence_Figure_Compliance_20260920_210802\sources\inputs\Fig6\data_checks.json,d477cbf15e2c5b57778c4592d0a8eb9056af446a8344c272ab4b938f670aeca4,d477cbf15e2c5b57778c4592d0a8eb9056af446a8344c272ab4b938f670aeca4,byte-identical
results/figures/main_5/figure6_field_sources.csv,WORKSPACE\outputs\Applied_Intelligence_Figure_Compliance_20260920_210802\sources\inputs\Fig6\figure6_field_sources.csv,48b4638c5420ae0f57d40e616f2fd23e0d90e43e3bba9e73c6938111675a575c,97403899da05bc8e5a58859d3151f292d514455a37b3717f52db595a8bf9355d,location identifiers redacted; scientific values unchanged
results/figures/main_5/figure6_plot_data.csv,WORKSPACE\outputs\Applied_Intelligence_Figure_Compliance_20260920_210802\sources\inputs\Fig6\figure6_plot_data.csv,c03ae95348fb0962b98e6705aaf39dc31e49cfddc1840c5d5e5c9e5d73a30327,f535c1d83c47ead3f8a1ef6352fd9a2f952c029f0058124fd9016f05fd0d23bb,location identifiers redacted; scientific values unchanged
results/figures/main_5/figure6_source_manifest.csv,WORKSPACE\outputs\Applied_Intelligence_Figure_Compliance_20260920_210802\sources\inputs\Fig6\figure6_source_manifest.csv,0281241691880d9884574aeebeb9a04d7b675ba09510293f727c86e7e2d9b587,5d69bb01c5a0082b36ab47172d2ca6b7a3d85892c4e3c626d34100d948607686,location identifiers redacted; scientific values unchanged
results/figures/main_5/resnet_protocol.json,WORKSPACE\outputs\Applied_Intelligence_Figure_Compliance_20260920_210802\sources\inputs\Fig6\resnet_protocol.json,666a825595af919554ebd52a62403373d6ccd3583035a38822b15b6fcadcd181,b7d70cde4e768ecb52d1b9ad769adc30bf72072f0b5defa74aaf21d54528bc60,location identifiers redacted; scientific values unchanged
results/figures/main_5/source_map.json,WORKSPACE\outputs\Applied_Intelligence_Figure_Compliance_20260920_210802\sources\inputs\Fig6\source_map.json,356c1f77119ccc6a00ca0d105f3d7669fb2dce183eae135db834328ef8e34d22,57f11bf3fed6b0de9a3c19298d0d4009b857bfae3b38d4a2e5336093517bff9f,location identifiers redacted; scientific values unchanged
results/figures/main_5/thresholds.csv,WORKSPACE\outputs\Applied_Intelligence_Figure_Compliance_20260920_210802\sources\inputs\Fig6\thresholds.csv,319e1cd7ee59b3c11dc54f3771ac544690f8a37b6420ddee8eab21d42c05abe2,a9bd175448cf60722f0f0f656dbd05a3bb55b6db18e88fdf96c29312fd142cee,location identifiers redacted; scientific values unchanged
results/figures/main_5/vgg_references.csv,WORKSPACE\outputs\Applied_Intelligence_Figure_Compliance_20260920_210802\sources\inputs\Fig6\vgg_references.csv,3336fdc8cd54392a7fe5dd19252099ed8b8ab253a7dfb717b8b064b20a47dc2d,4af8f1c44217b94bda7cc7b8356b1406fbed1f28db22f2ede324f7148b90e15e,location identifiers redacted; scientific values unchanged
results/figures/main_6/actual_origin_columns.json,WORKSPACE\outputs\Applied_Intelligence_Figure_Compliance_20260920_210802\sources\inputs\Fig7\actual_origin_columns.json,97ca3ddb41e673f25012705296f1abbb9afc4d95d43c30d7e5b30ecbb342abdb,97ca3ddb41e673f25012705296f1abbb9afc4d95d43c30d7e5b30ecbb342abdb,byte-identical
results/figures/main_6/artist_values.json,WORKSPACE\outputs\Applied_Intelligence_Figure_Compliance_20260920_210802\sources\inputs\Fig7\artist_values.json,f4aacd80ac5080c98083595ae31e0587918786f870fde31b15707a511a21b06e,f4aacd80ac5080c98083595ae31e0587918786f870fde31b15707a511a21b06e,byte-identical
results/figures/main_6/cases.csv,WORKSPACE\outputs\Applied_Intelligence_Figure_Compliance_20260920_210802\sources\inputs\Fig7\cases.csv,7663735fac1e937b8a326103b969da24558d748277732c4473ef60acc808dfb5,a112bee763fa920697cc5f07f573e6dff0b04cc07f46ef96f3b0665297a9f0ec,location identifiers redacted; scientific values unchanged
results/figures/main_6/data_checks.json,WORKSPACE\outputs\Applied_Intelligence_Figure_Compliance_20260920_210802\sources\inputs\Fig7\data_checks.json,2d046bd5997f73a277590db77c0ce6f3193b25c4981b731b8f6a9a046b4cde43,2d046bd5997f73a277590db77c0ce6f3193b25c4981b731b8f6a9a046b4cde43,byte-identical
results/figures/main_6/figure9_field_sources.csv,WORKSPACE\outputs\Applied_Intelligence_Figure_Compliance_20260920_210802\sources\inputs\Fig7\figure9_field_sources.csv,433a2c37b70cab06446881535afecf63ef06fcc1ad39d9d6f79636786a3a768d,be1241bc6c9f799eb9a262c16b448d732a6903411face437bc4f8cebcfe5ccf3,location identifiers redacted; scientific values unchanged
results/figures/main_6/figure9_plot_data.csv,WORKSPACE\outputs\Applied_Intelligence_Figure_Compliance_20260920_210802\sources\inputs\Fig7\figure9_plot_data.csv,6083276f3c09475242e9c0bb2b8d70b5f7b25991dbf2926211d1808b23d16e31,9984e8210d03be9ca917827161fd8e791a7cf85c8f21b8970a95754de5273819,location identifiers redacted; scientific values unchanged
results/figures/main_6/figure9_source_manifest.csv,WORKSPACE\outputs\Applied_Intelligence_Figure_Compliance_20260920_210802\sources\inputs\Fig7\figure9_source_manifest.csv,cbab1d510340d15138f56d0f06bac86a21672c9394786860c75feff05bfaded3,b527de99de6d1c92cbbec3626fea7aebadb7a6c6804752143bbbdf38d6cec255,location identifiers redacted; scientific values unchanged
results/figures/main_6/source_map.json,WORKSPACE\outputs\Applied_Intelligence_Figure_Compliance_20260920_210802\sources\inputs\Fig7\source_map.json,b04f5d8eb37166422d62321ebf3fffa4702dcf15c4e07d3390acd87a801d4209,5916e019cd2a7baa85bd4914e441919b49f0f7efd73337810ecea6a279cb487f,location identifiers redacted; scientific values unchanged
results/figures/main_6/statistics.json,WORKSPACE\outputs\Applied_Intelligence_Figure_Compliance_20260920_210802\sources\inputs\Fig7\statistics.json,232487c766c256e32b5d9eb45183813b76f553c0ccf9cbe0979685a4c57aad6e,232487c766c256e32b5d9eb45183813b76f553c0ccf9cbe0979685a4c57aad6e,byte-identical
results/figures/main_8/actual_origin_columns.json,WORKSPACE\outputs\Applied_Intelligence_Figure_Compliance_20260920_210802\sources\inputs\Fig9\actual_origin_columns.json,24d2a0ab74659d9ad88d7cca9fdaffeeba980664a01e3803ffd851783dee836d,24d2a0ab74659d9ad88d7cca9fdaffeeba980664a01e3803ffd851783dee836d,byte-identical
results/figures/main_8/Figure7_FP32数据.csv,WORKSPACE\outputs\Applied_Intelligence_Figure_Compliance_20260920_210802\sources\inputs\Fig9\Figure7_FP32数据.csv,6facdd2b0d4c90ae270dc52c7b372a15ba0c4ff48fe3dd9db0e2eafca76f968b,f101168c07c92f03b35b6eb264ae04c6257b05e31df347c88f2507061bce7c8b,location identifiers redacted; scientific values unchanged
results/figures/main_8/FIGURE_QA.json,WORKSPACE\outputs\Applied_Intelligence_Figure_Compliance_20260920_210802\sources\inputs\Fig9\FIGURE_QA.json,a2aca87d06ffa89bba57ad5995a858705f9a6d110026942bb6d4cabcff87f5b8,a2aca87d06ffa89bba57ad5995a858705f9a6d110026942bb6d4cabcff87f5b8,byte-identical
results/figures/main_8/INDEPENDENT_QA.json,WORKSPACE\outputs\Applied_Intelligence_Figure_Compliance_20260920_210802\sources\inputs\Fig9\INDEPENDENT_QA.json,1aa044a77f4036fb8f51910d28ca521f467ca862095669f02654625ecadf0163,1aa044a77f4036fb8f51910d28ca521f467ca862095669f02654625ecadf0163,byte-identical
results/figures/main_8/source_map.json,WORKSPACE\outputs\Applied_Intelligence_Figure_Compliance_20260920_210802\sources\inputs\Fig9\source_map.json,0c31a68dc5c1f282c974990deac908aaa3f6efb392b34fa35f7bb27aab1c76c8,1f1f7a9348d578e6bcfe2c60a3be120a02bcd56f762d57f2fe14669acc9a56c1,location identifiers redacted; scientific values unchanged
results/figures/main_9/actual_origin_columns.json,WORKSPACE\outputs\Applied_Intelligence_Figure_Compliance_20260920_210802\sources\inputs\Fig10\actual_origin_columns.json,75d714041db1590f6b32cf5b0c29dbaec34e254e29670a7310b9fc12b44275e3,57dd3a473c5d53169b5d5694e4fef1d5c9cda1c7cafee54aa9a4160712fefd76,location identifiers redacted; scientific values unchanged; publication wording normalized; original source digest retained
results/figures/main_9/cost.csv,WORKSPACE\outputs\Applied_Intelligence_Figure_Compliance_20260920_210802\sources\inputs\Fig10\cost.csv,3be5bb0e01c5e8b997ca2e321f48d5b974aa0d1833a2f45057781d1bb179d2ae,a03f52d51183824807d142b77447feba2750198e2266d319efce1dd51ee9eca4,location identifiers redacted; scientific values unchanged
results/figures/main_9/data_checks.json,WORKSPACE\outputs\Applied_Intelligence_Figure_Compliance_20260920_210802\sources\inputs\Fig10\data_checks.json,4f53cda18c2baa0c0354bb5f9a3ecbe5ed12ab4d8e11ba873c2f11161202b945,4f53cda18c2baa0c0354bb5f9a3ecbe5ed12ab4d8e11ba873c2f11161202b945,byte-identical
results/figures/main_9/figure8_field_sources.csv,WORKSPACE\outputs\Applied_Intelligence_Figure_Compliance_20260920_210802\sources\inputs\Fig10\figure8_field_sources.csv,5b4732ebb0198f118d51913063461be4100ccf7e6a9862a40d921fd7846798b4,338dde05cbb7b27ab39b710ae609508e1ee5e3645e989dedc217288d45ddde2d,location identifiers redacted; scientific values unchanged
results/figures/main_9/figure8_plot_data.csv,WORKSPACE\outputs\Applied_Intelligence_Figure_Compliance_20260920_210802\sources\inputs\Fig10\figure8_plot_data.csv,611deccb6598c3008d04c13e219c49c9547d37a43b4224ad51a6a994d30290ce,8dedaccf4c18eb50df77480cf87a0f8012c5f248b6b29e81742eb7471e051574,location identifiers redacted; scientific values unchanged; publication wording normalized; original source digest retained
results/figures/main_9/figure8_source_manifest.csv,WORKSPACE\outputs\Applied_Intelligence_Figure_Compliance_20260920_210802\sources\inputs\Fig10\figure8_source_manifest.csv,3f9fe01c54b59f191e0109ba43f48bb71cc3091b73855b8f5fac96ead90c89ba,c306c5ef3b35a379afb5d60538500ed497f0a4d699824a36761dae066514d61b,location identifiers redacted; scientific values unchanged
results/figures/main_9/performance.csv,WORKSPACE\outputs\Applied_Intelligence_Figure_Compliance_20260920_210802\sources\inputs\Fig10\performance.csv,5d04c45e0ba23f2d097de194bf190c7cb5c071998b8c967a87b3c0e31a5a3308,f33d4106368e0125a3e53ef0d5018fd773713aaa758218e2c19d8f16d046bac2,location identifiers redacted; scientific values unchanged; publication wording normalized; original source digest retained
results/figures/main_9/profile.csv,WORKSPACE\outputs\Applied_Intelligence_Figure_Compliance_20260920_210802\sources\inputs\Fig10\profile.csv,725c54ce421b336f962fd15b74d957d17ca256f10bfd242a23965cca64024702,0d21183b9c6c2bc019983ef61ecd67da422e13b47eb00db0b870d85f3fe32f15,location identifiers redacted; scientific values unchanged
results/figures/main_9/source_data_manifest.json,WORKSPACE\outputs\Applied_Intelligence_Figure_Compliance_20260920_210802\sources\inputs\Fig10\source_data_manifest.json,4c79f334a4c0c45a8b48b753f27dee8c19d7b351320633ad5382e0fb913660ab,4b7a5bd76bd46616f7e8e96ba005a44667d9e13f4d64e0784fa141f86f688427,location identifiers redacted; scientific values unchanged
results/figures/main_9/source_map.json,WORKSPACE\outputs\Applied_Intelligence_Figure_Compliance_20260920_210802\sources\inputs\Fig10\source_map.json,81c38bd4cc2d0a991dd3546b2d50951b17dbb37e44718dd761123dccaa605a3c,3e20bd8128bc98fa708e7e9e52be65c1929b07125169d52fca98d9e6c2605690,location identifiers redacted; scientific values unchanged
results/figures/main_7/data_checks.json,PROJECT\outputs\FINAL_FIGURE_SOURCE_CLOSURE_20260909\current\figure10\data_checks.json,cba8cb561cad884f2bf8de039c43d4d61cc59badab93f705f5488d6734d20115,cba8cb561cad884f2bf8de039c43d4d61cc59badab93f705f5488d6734d20115,byte-identical
results/figures/main_7/figure10_field_sources.csv,PROJECT\outputs\FINAL_FIGURE_SOURCE_CLOSURE_20260909\current\figure10\figure10_field_sources.csv,5d7657ec73c8b90501fd97af9b62ae506fe255fc73c45ddac3ab7f7d02f3d570,a28c2ef9d5bf255a62e47350402365f03952150557bddda87f6e3ab0f2f8da6c,location identifiers redacted; scientific values unchanged
results/figures/main_7/figure10_plot_data.csv,PROJECT\outputs\FINAL_FIGURE_SOURCE_CLOSURE_20260909\current\figure10\figure10_plot_data.csv,b12b1606b683bbc93952e63bec5d66dfdb822612ee8eda12788a77005a4090d8,9f0322f764371508eecf9ac9d0d438f220b06335abc81c4897d5720a1a1b7e54,location identifiers redacted; scientific values unchanged
results/figures/main_7/figure10_source_manifest.csv,PROJECT\outputs\FINAL_FIGURE_SOURCE_CLOSURE_20260909\current\figure10\figure10_source_manifest.csv,a8a9632727fc88f7a8e81cf75d7f1e6f9d38fbbcaedc8331ed3a7511fcc51aca,9356e9077775e6723ff2cc39fe6689f3ae39e6285e632597bb60b270643d41db,location identifiers redacted; scientific values unchanged
results/figures/main_2/Fig3_elements.csv,PROJECT\outputs\submission_confirmatory_stage9_R1_20260918_235009\figure_data\Fig3_elements.csv,c2c86b98c9b3847d97d568cb97baab4275c50845f05186bea0fece214a7fceea,6c0ae91c925062a772d19b0df524bf10e26a4d9e261ccb5ecaba20787d25cc6a,location identifiers redacted; scientific values unchanged
results/figures/main_3/Fig4_effects.csv,PROJECT\outputs\submission_confirmatory_stage9_R1_20260918_235009\figure_data\Fig4_effects.csv,975573a2ff9f74e6add7f9a6d362147c680c3aa387ef3a13d23c55cc495da46d,8a67ab021b5536904177589c77a7db5f84199f06bb39888602a2fc6ec4cbe1ac,location identifiers redacted; scientific values unchanged
results/figures/main_3/Fig4_full_grid.csv.gz,PROJECT\outputs\submission_confirmatory_stage9_R1_20260918_235009\figure_data\Fig4_full_grid.csv.gz,e5157dd5aefde733f8c9e8ad9850ed3f45a618500dd88b15b010e5dc9808c4ab,e5157dd5aefde733f8c9e8ad9850ed3f45a618500dd88b15b010e5dc9808c4ab,byte-identical
provenance/historical/RUN_STATE.json,PROJECT\outputs\NEW_VALIDATION_FORMAL_V2_20260912_141557\RUN_STATE.json,66d8a52ae30bca5f063b19d17220ad5d6ad2d91320e746835fb5516bac07fc75,66d8a52ae30bca5f063b19d17220ad5d6ad2d91320e746835fb5516bac07fc75,byte-identical
provenance/historical/BOOTSTRAP_PLAN.json,PROJECT\outputs\NEW_VALIDATION_FORMAL_V2_20260912_141557\statistics\BOOTSTRAP_PLAN.json,ec0abcc75e9d8d2145ac343e81a95948191ecc0fbe11b41c4ea37b0504e79169,ec0abcc75e9d8d2145ac343e81a95948191ecc0fbe11b41c4ea37b0504e79169,byte-identical
results/historical/main_table5/FINAL_TABLE4_VIEW_CONFIGURATION_SOURCE.csv,PROJECT\outputs\FINAL_VIEW_ABLATION_PUBLICATION\FINAL_TABLE4_VIEW_CONFIGURATION_SOURCE.csv,d79476c93201a6b581967cb9f510527a3ba1a196ac09ef13c2e2f004bf321bf8,d79476c93201a6b581967cb9f510527a3ba1a196ac09ef13c2e2f004bf321bf8,byte-identical
results/historical/main_table5/FINAL_VIEW_ABLATION_PUBLICATION_AUTHORITY.md,PROJECT\outputs\FINAL_VIEW_ABLATION_PUBLICATION\FINAL_VIEW_ABLATION_PUBLICATION_AUTHORITY.md,29c90c5a99129953d6025d3f9e8c4880e013be278bea42b942dc6754a7150833,303b11f99fe24a783ab7420fcb12d41f81445f42a5d1e63e1dbac83e900eb945,location identifiers redacted; scientific values unchanged; publication wording normalized; original source digest retained
results/historical/main_table5/FINAL_TABLE4_COMBINED_SOURCE.csv,PROJECT\outputs\FINAL_LAYER_ABLATION_AUTHORITY_20260907_214436\FINAL_TABLE4_COMBINED_SOURCE.csv,59d5174e278abae6f81e126a05eaac1303f444cd0c2cc30633a0534f6c72188c,baddf51876f25ebe75bde95b6fecaa0f771f7ef4fd35012f1ade0918db363adb,location identifiers redacted; scientific values unchanged
results/historical/main_table5/FINAL_TABLE4_FEATURE_LAYER_SOURCE.csv,PROJECT\outputs\FINAL_LAYER_ABLATION_AUTHORITY_20260907_214436\FINAL_TABLE4_FEATURE_LAYER_SOURCE.csv,11f24e5c160766351d1762176a48a06dfa1d5682568ac1a75d5ef377c23946e3,bc704f37a4f8d91331ae9da75a8e6b67484f1d4a2bd520501eaf3f4a71bc89eb,location identifiers redacted; scientific values unchanged
results/historical/main_table5/FINAL_LAYER_ABLATION_DEVELOPMENT_RESULTS.csv,PROJECT\outputs\FINAL_LAYER_ABLATION_AUTHORITY_20260907_214436\FINAL_LAYER_ABLATION_DEVELOPMENT_RESULTS.csv,bdce437771d796a8c23cb3e8e1e08e95d229fd25b4ad1e0857a7cc2b5b32139a,8d18e801bb0874ac824b5500185cd71013234f8fb4cc3e461db39568d66c018b,location identifiers redacted; scientific values unchanged
results/historical/main_table5/FINAL_LAYER_ABLATION_PUBLICATION_AUTHORITY.md,PROJECT\outputs\FINAL_LAYER_ABLATION_AUTHORITY_20260907_214436\FINAL_LAYER_ABLATION_PUBLICATION_AUTHORITY.md,b1cc1c4adb240d837ed74e60e8858632da8c103d76a75287711118101bbce624,3b4b5f2f8f7ec1a78fc30109b9f5afdc2521fb908b123064c8e66238aae92ea4,location identifiers redacted; scientific values unchanged
results/historical/main_table5/LAYER_ABLATION_PROTOCOL.json,PROJECT\outputs\FINAL_LAYER_ABLATION_AUTHORITY_20260907_214436\LAYER_ABLATION_PROTOCOL.json,ceb2a1f00c520f8af498865c057319169d11dce5f28c83aeadb7428eff2f4dfd,1980a1ad8d5c176204543c3abd9e2924a4329ff118804a5b9c9e381e492840ec,location identifiers redacted; scientific values unchanged
results/historical/main_table6/P11_VGG_POSTHOC_ARCHITECTURE_SENSITIVITY.csv,PROJECT\outputs\experiments\P11_cedl_weakness_complementarity\P11_VGG_POSTHOC_ARCHITECTURE_SENSITIVITY.csv,ad1245e8947d667bd0c941171644a05d14e6897700aedbc00c8c40aa0e0ee2ec,ec60ae82b5b8dcb26e7232256f3aa17565178669d41c538e353ddcf07df43d75,location identifiers redacted; scientific values unchanged
results/historical/main_table6/P12_A_holdout_per_seed.csv,PROJECT\outputs\experiments\P12_block4_replacement_audit\P12_A_holdout_per_seed.csv,6d68388fbe4ad096b6e3b668994eea991a69638a56007d3b0d002b2c130cbf01,93f09ff117b4426d7cf48e2abf6dae440e15617c1c9904ee354b92178e9a1f4f,location identifiers redacted; scientific values unchanged
results/historical/main_table7/P6_B_TABLE6_ABSOLUTE_METRICS.csv,PROJECT\outputs\P6_B_TABLE6_MATERIALIZATION_20260907_134436\P6_B_TABLE6_ABSOLUTE_METRICS.csv,8a3b84b0852443ce6afcbb304cdd1eea37cd59372d672d563c30b1a6871cd631,8a3b84b0852443ce6afcbb304cdd1eea37cd59372d672d563c30b1a6871cd631,byte-identical
results/historical/main_table8/FINAL_TABLE7_EFFICIENCY.csv,PROJECT\outputs\FINAL_EFFICIENCY_CONFIRMATION_20260907_202800\FINAL_TABLE7_EFFICIENCY.csv,cbcc36c80e0ab8fbc1eca6a281b5730307b7f03d418ed54490ad746ba8e872ec,0727fb0988770b7e78f156114b134bb6a67625dc19a452f86f48a6c19bd6da5f,location identifiers redacted; scientific values unchanged
results/historical/main_table8/TIMING_REPEATS.csv,PROJECT\outputs\FINAL_EFFICIENCY_CONFIRMATION_20260907_202800\TIMING_REPEATS.csv,625ca10858d97a287d04609254a13b608b8eecf108fa0723819817518b99fe67,2aaa228692fde9e384da74ec44498e31aee84f63d7490f664094aba586a24642,location identifiers redacted; scientific values unchanged
results/historical/main_table8/TIMING_SUMMARY.csv,PROJECT\outputs\FINAL_EFFICIENCY_CONFIRMATION_20260907_202800\TIMING_SUMMARY.csv,9207bc13c0213228b06ddbc944bd91cb9f5136c589c8250a5fe38d932cfbca0a,d574ec0bbc1b23d5278713d433f758f28e221ddb366ddaddb68eed5d3019e9eb,location identifiers redacted; scientific values unchanged
results/historical/main_table8/PEAK_MEMORY.csv,PROJECT\outputs\FINAL_EFFICIENCY_CONFIRMATION_20260907_202800\PEAK_MEMORY.csv,8c5ad8d0ca852278bcb4ee3dc4635b89e81f103dce6a28feb94cff6023b0c706,2dc5f3a5210f8983eb425ecf5bd42128d58da2030e0e7ddf50d51026d7b7b371,location identifiers redacted; scientific values unchanged
results/historical/main_table8/TIMING_PROTOCOL.json,PROJECT\outputs\FINAL_EFFICIENCY_CONFIRMATION_20260907_202800\TIMING_PROTOCOL.json,37276d85d0e3eb6f9ac6e626e3539bb28ccfc494abcbae2acb63da5d7652c4a8,37276d85d0e3eb6f9ac6e626e3539bb28ccfc494abcbae2acb63da5d7652c4a8,byte-identical
results/historical/main_table8/FINAL_EFFICIENCY_QA.json,PROJECT\outputs\FINAL_EFFICIENCY_CONFIRMATION_20260907_202800\FINAL_EFFICIENCY_QA.json,a04a5b7cc35ce983d453adedd728c98418c2b56d4f128e55eb262fc187d24218,a04a5b7cc35ce983d453adedd728c98418c2b56d4f128e55eb262fc187d24218,byte-identical
results/historical/main_table8/CODE_PROVENANCE.json,PROJECT\outputs\FINAL_EFFICIENCY_CONFIRMATION_20260907_202800\CODE_PROVENANCE.json,556e16f337ff50805dbb1afc7d266f0a3f84be2bf9b795c4c7091d9454a0a776,4f6e85e36f8a922cf67a26af0b303f48033761fbf2fc8f8fb53bd002c6a210e7,location identifiers redacted; scientific values unchanged
results/figures/main_9/authority/FINAL_FIG8B_PERFORMANCE_COST_SOURCE.csv,PROJECT\outputs\FINAL_FIG8B_MATCHED_CLOSURE\FINAL_FIG8B_PERFORMANCE_COST_SOURCE.csv,5d04c45e0ba23f2d097de194bf190c7cb5c071998b8c967a87b3c0e31a5a3308,f33d4106368e0125a3e53ef0d5018fd773713aaa758218e2c19d8f16d046bac2,location identifiers redacted; scientific values unchanged; publication wording normalized; original source digest retained
results/figures/main_9/authority/FINAL_FIG8B_MATCHED_COST.csv,PROJECT\outputs\FINAL_FIG8B_MATCHED_CLOSURE\FINAL_FIG8B_MATCHED_COST.csv,3be5bb0e01c5e8b997ca2e321f48d5b974aa0d1833a2f45057781d1bb179d2ae,a03f52d51183824807d142b77447feba2750198e2266d319efce1dd51ee9eca4,location identifiers redacted; scientific values unchanged
results/figures/main_9/authority/TIMING_REPEATS.csv,PROJECT\outputs\FINAL_FIG8B_MATCHED_CLOSURE\TIMING_REPEATS.csv,7aca695cafb60e9ceca2452cde2098e448cc4d8ebec543690345d71040171ba0,a5b7da4b48fd6cfc0b13ee0c0f3acc717ec1f8f64161eabc2108d39d00f3afe0,location identifiers redacted; scientific values unchanged
results/figures/main_9/authority/FINAL_FIG8B_CLOSURE_REPORT.md,PROJECT\outputs\FINAL_FIG8B_MATCHED_CLOSURE\FINAL_FIG8B_CLOSURE_REPORT.md,243fa34920a19d6d780e82fff3811c879befce5caceb29d804eef930d9a42213,3076e4ca710b30f6ddd09516fb59768a29ca67e3ade3345e64ee66ff3af302eb,location identifiers redacted; scientific values unchanged; publication wording normalized; original source digest retained
results/figures/main_9/authority/CONFIGURATION_IDENTITY.json,PROJECT\outputs\FINAL_FIG8B_MATCHED_CLOSURE\CONFIGURATION_IDENTITY.json,faaa4fc6c24351ca746eebdcbe02636d5d6f3abdf2688d959954abf60655761f,12421fd0e902eab685529cadf812705b8932c17e49380175e5ad34ad8595b710,location identifiers redacted; scientific values unchanged
results/figures/main_9/authority/FINAL_QA.json,PROJECT\outputs\FINAL_FIG8B_MATCHED_CLOSURE\FINAL_QA.json,a1ffc4d9c1abd54cb33b04f6ea5ecf3a4b48e07cf6b7dad4900f3bdcf7d1469f,a1ffc4d9c1abd54cb33b04f6ea5ecf3a4b48e07cf6b7dad4900f3bdcf7d1469f,byte-identical
results/figures/main_9/profile/FINAL_FIG8A_BETA040_STEP_SUMMARY.csv,PROJECT\outputs\FINAL_FIG8A_BETA040_PROFILE_20260908_150158\FINAL_FIG8A_BETA040_STEP_SUMMARY.csv,725c54ce421b336f962fd15b74d957d17ca256f10bfd242a23965cca64024702,0d21183b9c6c2bc019983ef61ecd67da422e13b47eb00db0b870d85f3fe32f15,location identifiers redacted; scientific values unchanged
results/figures/main_9/profile/FINAL_FIG8A_BETA040_REPEAT_TIMINGS.csv,PROJECT\outputs\FINAL_FIG8A_BETA040_PROFILE_20260908_150158\FINAL_FIG8A_BETA040_REPEAT_TIMINGS.csv,3aa49f16d9c30a9a82f2b7455810cd52ab503b7b72d22695e151bac48a5179bb,a7f3729f4a3c4bcb198d9357b84bbabd7eb7a738277800aa19054ad9905fa538,location identifiers redacted; scientific values unchanged
results/figures/main_9/profile/FINAL_FIG8A_BETA040_CONFIG.json,PROJECT\outputs\FINAL_FIG8A_BETA040_PROFILE_20260908_150158\FINAL_FIG8A_BETA040_CONFIG.json,5f9c61f6c3146a99837ff8fe1c0dc5a63b5aeca4ebb26f5af196c2b5746f9b8f,a43845045a79ebbc5c28af41440f7b00f4cee4fdf8730c91b4380f07cba7f830,location identifiers redacted; scientific values unchanged
results/figures/main_9/profile/QA_CHECKS.json,PROJECT\outputs\FINAL_FIG8A_BETA040_PROFILE_20260908_150158\QA_CHECKS.json,48c38565f7c81a9c5dce98ffaa220548ea125025ea8557f17a8a017188d6e64d,48c38565f7c81a9c5dce98ffaa220548ea125025ea8557f17a8a017188d6e64d,byte-identical
results/figures/main_8/authority/Figure7_FP32数据.csv,PROJECT\outputs\FIG7_FP32闭合_20260909\Figure7_FP32数据.csv,6facdd2b0d4c90ae270dc52c7b372a15ba0c4ff48fe3dd9db0e2eafca76f968b,f101168c07c92f03b35b6eb264ae04c6257b05e31df347c88f2507061bce7c8b,location identifiers redacted; scientific values unchanged
results/figures/main_8/authority/repeat_metrics.csv,PROJECT\outputs\FIG7_FP32闭合_20260909\repeat_metrics.csv,5cf07268d8472e9703e022364513c87a36c69253341dc282b428a3389bf9d603,65e4da16f0f9f60e8db973fd3fdffc283257c99c5bb0098def112090e74ea4fd,location identifiers redacted; scientific values unchanged
results/figures/main_8/authority/PROTOCOL.json,PROJECT\outputs\FIG7_FP32闭合_20260909\PROTOCOL.json,1191de106ffc5c17f8be76f1f5cfb42fed589780600930b3c55061b27944aac0,3be1cd6aec98dc6f6acf93dd6484bf66ad59e2f649447ba20f36bed139357355,location identifiers redacted; scientific values unchanged
results/figures/main_8/authority/FIGURE_QA.json,PROJECT\outputs\FIG7_FP32闭合_20260909\FIGURE_QA.json,a2aca87d06ffa89bba57ad5995a858705f9a6d110026942bb6d4cabcff87f5b8,a2aca87d06ffa89bba57ad5995a858705f9a6d110026942bb6d4cabcff87f5b8,byte-identical
results/figures/main_8/authority/EXECUTION_QA.json,PROJECT\outputs\FIG7_FP32闭合_20260909\EXECUTION_QA.json,c8986460e68f93d3416b1f0dab15c3f9cfdb455cd184ab2601b6089b9dc02c6f,c8986460e68f93d3416b1f0dab15c3f9cfdb455cd184ab2601b6089b9dc02c6f,byte-identical
results/historical/main_table7/P6_B_CONDITION_LEVEL_RESULTS.csv,PROJECT\outputs\P6_B_R1_CIFAR10C_COVARIATE_SAFETY_20260906_160023\P6_B_CONDITION_LEVEL_RESULTS.csv,8285a9400418a39ed8defbf5440448c47c513afa74c902904d60f315776c3942,8285a9400418a39ed8defbf5440448c47c513afa74c902904d60f315776c3942,byte-identical
results/historical/main_table7/P6_B_MACRO_SUMMARY.csv,PROJECT\outputs\P6_B_R1_CIFAR10C_COVARIATE_SAFETY_20260906_160023\P6_B_MACRO_SUMMARY.csv,c893897257cfdf39c0709380cbfae3d692d0c541d49917f59d0b2b2f606ec0c4,c893897257cfdf39c0709380cbfae3d692d0c541d49917f59d0b2b2f606ec0c4,byte-identical
results/historical/main_table7/P6_B_R1_CONFIG_MANIFEST.json,PROJECT\outputs\P6_B_R1_CIFAR10C_COVARIATE_SAFETY_20260906_160023\P6_B_R1_CONFIG_MANIFEST.json,737bbf18407ecee66e4ae45c06468e1deba3ba0e08546bf1d19e50948d1a10c7,f9e3558b621437b6e9abade36aa2ecdd9cbc2fe76df8f173989ff91984465525,location identifiers redacted; scientific values unchanged
results/historical/main_table7/P6_B_BOOTSTRAP_SUMMARY.csv,PROJECT\outputs\P6_B_R1_CIFAR10C_COVARIATE_SAFETY_20260906_160023\P6_B_BOOTSTRAP_SUMMARY.csv,b57a210bde0482f7d8bc58a731644b5e2c363682ed0b4e3a6cb1d18589016120,b57a210bde0482f7d8bc58a731644b5e2c363682ed0b4e3a6cb1d18589016120,byte-identical
results/figures/late_confirmatory/图3数据.csv,ARCHIVE_E/投稿\outputs\图1-3\图3数据.csv,7103ead29f97640bc8cefb395a4419e9cce8d3c591f1736e8219491ba1daac3a,f1feb76eb64d38d1ef45b4b395d9d78871ed24de8590d4d176fe6fa3c98983fa,location identifiers redacted; scientific values unchanged
