package_path,source_path,sha256,role,description
results/confirmatory/ACROSS_SEED_SUMMARY.csv,PROJECT\outputs\Orbit-GOP-confirmatory-20260917-stage8\ACROSS_SEED_SUMMARY.csv,46f0cac4e23860eef6f54d841b85d429e5c9340979ce9c502793aeeafb4598c8,S3-S5 confirmatory,"Original source hash recorded; candidate identity is in MANIFEST.csv; path aliases/line endings may differ, not a byte-identity claim"
results/confirmatory/PER_SEED_METRICS.csv,PROJECT\outputs\Orbit-GOP-confirmatory-20260917-stage8\PER_SEED_METRICS.csv,3c2a3bfa46dcb53d69e12fada4e08f4882db001a34b33e6be9a0b2a3a40b5cd0,S3-S5 confirmatory,"Original source hash recorded; candidate identity is in MANIFEST.csv; path aliases/line endings may differ, not a byte-identity claim"
results/confirmatory/PRIMARY_PAIRED_EFFECTS.csv,PROJECT\outputs\Orbit-GOP-confirmatory-20260917-stage8\PRIMARY_PAIRED_EFFECTS.csv,ed0669acb5e1edd01fb32e279c88d0eae44dea0b4e5f8839fc7faf6e2f070768,S3-S5 confirmatory,"Original source hash recorded; candidate identity is in MANIFEST.csv; path aliases/line endings may differ, not a byte-identity claim"
results/confirmatory/SECONDARY_PAIRED_EFFECTS.csv,PROJECT\outputs\Orbit-GOP-confirmatory-20260917-stage8\SECONDARY_PAIRED_EFFECTS.csv,d8b1b56ba414178e033e94e0bc929bd844521aea604055a6b1134f2115f19476,S3-S5 confirmatory,"Original source hash recorded; candidate identity is in MANIFEST.csv; path aliases/line endings may differ, not a byte-identity claim"
results/confirmatory/HIERARCHICAL_EFFECTS.csv,PROJECT\outputs\Orbit-GOP-confirmatory-20260917-stage8\HIERARCHICAL_EFFECTS.csv,fd6f999dad00ef43ebf4840add9f63f57cd3980cd3484818ee7654af3da34f7f,S3-S5 confirmatory,"Original source hash recorded; candidate identity is in MANIFEST.csv; path aliases/line endings may differ, not a byte-identity claim"
results/confirmatory/PREDICTION_PRESERVATION.csv,PROJECT\outputs\Orbit-GOP-confirmatory-20260917-stage8\PREDICTION_PRESERVATION.csv,0dea5b708db1e6a2857179faa4d4242668d3e9fd0ae1b42e1d43f58fc578fb3c,S3-S5 confirmatory,"Original source hash recorded; candidate identity is in MANIFEST.csv; path aliases/line endings may differ, not a byte-identity claim"
provenance/confirmatory/STAGE8_ANALYSIS_MANIFEST.json,PROJECT\outputs\Orbit-GOP-confirmatory-20260917-stage8\STAGE8_ANALYSIS_MANIFEST.json,313b3bdc46c4e5191a8c70a3708c13a37569382da8791e8d7adb175805dd94b2,saved statistical protocol and validation,"Original source hash recorded; candidate identity is in MANIFEST.csv; path aliases/line endings may differ, not a byte-identity claim"
provenance/confirmatory/ARGMAX_DIAGNOSTIC_NOTE.md,PROJECT\outputs\Orbit-GOP-confirmatory-20260917-stage8\ARGMAX_DIAGNOSTIC_NOTE.md,5bfc130cad6e4d9ba1e922ef49d2b96400814c7cfbb2cae76c1e560b44e8a8da,saved statistical protocol and validation,"Original source hash recorded; candidate identity is in MANIFEST.csv; path aliases/line endings may differ, not a byte-identity claim"
provenance/confirmatory/STATISTICS_QA_REPORT.md,PROJECT\outputs\Orbit-GOP-confirmatory-20260917-stage8\STATISTICS_QA_REPORT.md,ce12044a22c91995b18025dc69e8f0a99eff8c1a0e231aa37562eb8fe72142d7,saved statistical protocol and validation,"Original source hash recorded; candidate identity is in MANIFEST.csv; path aliases/line endings may differ, not a byte-identity claim"
provenance/confirmatory/RESULT_SOURCE_REGISTRY.json,PROJECT\outputs\submission_confirmatory_stage9_R1_20260918_235009\RESULT_SOURCE_REGISTRY.json,dcbad3deee89e6bf397008f94cae4ca1c8d890d2f98a71a79a01fc648ed31711,original numeric-cell registry; old figure/table IDs retained as provenance,"Original source hash recorded; candidate identity is in MANIFEST.csv; path aliases/line endings may differ, not a byte-identity claim"
results/confirmatory/CALIBRATION_SUMMARY.json,PROJECT\outputs\Orbit-GOP-confirmatory-20260917-stage7\CALIBRATION_SUMMARY.json,755ab9a831741d20f709e1f479f5619fb8e59cbd03ebb7674cfcacc63b09731f,S3-S5 calibration,"Original source hash recorded; candidate identity is in MANIFEST.csv; path aliases/line endings may differ, not a byte-identity claim"
results/historical/additional_samples/NEW_VALIDATION_PAIRED_CI.csv,PROJECT\outputs\NEW_VALIDATION_FORMAL_V2_20260912_141557\NEW_VALIDATION_PAIRED_CI.csv,fe5e2a71f617a8c4eeeeb8509637c4984daa110239b3faf7ca301a79d6ea2ca7,historical S0-S2 additional samples,"Original source hash recorded; candidate identity is in MANIFEST.csv; path aliases/line endings may differ, not a byte-identity claim"
results/historical/additional_samples/NEW_VALIDATION_PER_SEED.csv,PROJECT\outputs\NEW_VALIDATION_FORMAL_V2_20260912_141557\NEW_VALIDATION_PER_SEED.csv,abdea823019b22ffb1cdf70f8d2f082f2d89e6b1af8da3aa481f6c8fe36d1615,historical S0-S2 additional samples,"Original source hash recorded; candidate identity is in MANIFEST.csv; path aliases/line endings may differ, not a byte-identity claim"
results/historical/additional_samples/NEW_VALIDATION_SUMMARY.csv,PROJECT\outputs\NEW_VALIDATION_FORMAL_V2_20260912_141557\NEW_VALIDATION_SUMMARY.csv,ae7a5ecfafc09c5b120d7393f594a90104c41df8031130269c80b55e4c8f99e2,historical S0-S2 additional samples,"Original source hash recorded; candidate identity is in MANIFEST.csv; path aliases/line endings may differ, not a byte-identity claim"
results/historical/additional_samples/EVALUATION_MANIFEST_FROZEN.csv,PROJECT\outputs\NEW_VALIDATION_FORMAL_V2_20260912_141557\EVALUATION_MANIFEST_FROZEN.csv,d19fad4372cbbb17fa6718e1ecdbc1cb07d5a3f728bce2740c1a673ca1e6eafa,historical S0-S2 additional samples,"Original source hash recorded; candidate identity is in MANIFEST.csv; path aliases/line endings may differ, not a byte-identity claim"
results/historical/additional_samples/SCORES_LOCK.json,PROJECT\outputs\NEW_VALIDATION_FORMAL_V2_20260912_141557\SCORES_LOCK.json,ed415deaf2b42c643dde8f904507dd9dd3b322533124712689c98c6665776097,historical S0-S2 additional samples,"Original source hash recorded; candidate identity is in MANIFEST.csv; path aliases/line endings may differ, not a byte-identity claim"
provenance/historical/RUN_FREEZE.json,PROJECT\outputs\NEW_VALIDATION_FORMAL_V2_20260912_141557\RUN_FREEZE.json,e06eb780318bed22da8b55a2c70ffb6abee17822183660d2be668db0fd79df4b,historical frozen protocol and QA,"Original source hash recorded; candidate identity is in MANIFEST.csv; path aliases/line endings may differ, not a byte-identity claim"
provenance/historical/RUN_PROVENANCE.json,PROJECT\outputs\NEW_VALIDATION_FORMAL_V2_20260912_141557\RUN_PROVENANCE.json,670c4a285cb9152be026ccf6d77188cc4fcc0ea98d8902ae1d8cf53cfc608b2c,historical frozen protocol and QA,"Original source hash recorded; candidate identity is in MANIFEST.csv; path aliases/line endings may differ, not a byte-identity claim"
provenance/historical/VALIDATION_PROTOCOL_APPROVED.md,PROJECT\outputs\NEW_VALIDATION_FORMAL_V2_20260912_141557\VALIDATION_PROTOCOL_APPROVED.md,890c4acfb0b6aa080d7907922a9c78c16e567cf0fce6ffa3f3fff3302aa40804,historical frozen protocol and QA,"Original source hash recorded; candidate identity is in MANIFEST.csv; path aliases/line endings may differ, not a byte-identity claim"
provenance/historical/RUN_QA_REPORT.md,PROJECT\outputs\NEW_VALIDATION_FORMAL_V2_20260912_141557\RUN_QA_REPORT.md,da85aac3c5cbcb69735569703ee7943a149d6643107432aeb824af9a0dbf038b,historical frozen protocol and QA,"Original source hash recorded; candidate identity is in MANIFEST.csv; path aliases/line endings may differ, not a byte-identity claim"
configs/confirmatory/cedl_default_locked.yaml,PROJECT\outputs\confirmatory_study_20260917\config\cedl_default_locked.yaml,b4e33f3c2e7b4b11c0f4332aa206a5ea9233102fd7437841fff0ddc4698840f8,configuration / sample identity / model metadata; no images or weights,"Original source hash recorded; candidate identity is in MANIFEST.csv; path aliases/line endings may differ, not a byte-identity claim"
configs/confirmatory/cedl_devtuned_locked.yaml,PROJECT\outputs\confirmatory_study_20260917\config\cedl_devtuned_locked.yaml,c20591c3a5d7b80f84f1a83ea09b10766a6935cb06c5735015dd02d1aa57a4a2,configuration / sample identity / model metadata; no images or weights,"Original source hash recorded; candidate identity is in MANIFEST.csv; path aliases/line endings may differ, not a byte-identity claim"
configs/confirmatory/confirmatory_locked.yaml,PROJECT\outputs\confirmatory_study_20260917\config\confirmatory_locked.yaml,a58e437b6891b703435e7d949e884cdb8744a56cf43b8a9a008d8064ae80c510,configuration / sample identity / model metadata; no images or weights,"Original source hash recorded; candidate identity is in MANIFEST.csv; path aliases/line endings may differ, not a byte-identity claim"
configs/confirmatory/resnet_training_locked.json,PROJECT\outputs\confirmatory_study_20260917\config\resnet_training_locked.json,0a853e341db99d1be338fe1c3cf344d976222e61a59b6e1d7d6b3e053fe3a9b3,configuration / sample identity / model metadata; no images or weights,"Original source hash recorded; candidate identity is in MANIFEST.csv; path aliases/line endings may differ, not a byte-identity claim"
splits/confirmatory/calibration_indices.npy,PROJECT\outputs\confirmatory_study_20260917\splits\calibration_indices.npy,d00adda5ad06546260fe262d02ee5810ff6c5a147524e9c1421ce941a81c9660,configuration / sample identity / model metadata; no images or weights,"Original source hash recorded; candidate identity is in MANIFEST.csv; path aliases/line endings may differ, not a byte-identity claim"
splits/confirmatory/cifar10_confirmatory_split_v1.csv,PROJECT\outputs\confirmatory_study_20260917\splits\cifar10_confirmatory_split_v1.csv,c5b6412dea60ff1efe694b8d4814e38a24586cf772a306002a42008f188e8fbc,configuration / sample identity / model metadata; no images or weights,"Original source hash recorded; candidate identity is in MANIFEST.csv; path aliases/line endings may differ, not a byte-identity claim"
splits/confirmatory/cifar10_confirmatory_split_v1.json,PROJECT\outputs\confirmatory_study_20260917\splits\cifar10_confirmatory_split_v1.json,b73b3964381023d00ca53f64b0e21ec4b63d9c072b3ade50f3c99968985cc883,configuration / sample identity / model metadata; no images or weights,"Original source hash recorded; candidate identity is in MANIFEST.csv; path aliases/line endings may differ, not a byte-identity claim"
splits/confirmatory/cifar10_confirmatory_split_v1.npz,PROJECT\outputs\confirmatory_study_20260917\splits\cifar10_confirmatory_split_v1.npz,47f6bddfef2e474baea8df9d49fee620168b1bbafebd4af635d77c66cf94fe5e,configuration / sample identity / model metadata; no images or weights,"Original source hash recorded; candidate identity is in MANIFEST.csv; path aliases/line endings may differ, not a byte-identity claim"
splits/confirmatory/train_indices.npy,PROJECT\outputs\confirmatory_study_20260917\splits\train_indices.npy,cb2412e7c6591a5198c023539e53bb2eed1819059fd80a150ae3402f8d713c93,configuration / sample identity / model metadata; no images or weights,"Original source hash recorded; candidate identity is in MANIFEST.csv; path aliases/line endings may differ, not a byte-identity claim"
splits/confirmatory/validation_indices.npy,PROJECT\outputs\confirmatory_study_20260917\splits\validation_indices.npy,6b784fbfa3a2056ca28ee172ca44531bb02f15a137a2a349fc6d92395af94950,configuration / sample identity / model metadata; no images or weights,"Original source hash recorded; candidate identity is in MANIFEST.csv; path aliases/line endings may differ, not a byte-identity claim"
provenance/confirmatory/manifests/EVALUATION_MANIFEST.json,PROJECT\outputs\confirmatory_study_20260917\manifests\EVALUATION_MANIFEST.json,b004a7765dee6c56ff9a0714d6139c35dc35e703ef58067313e80bbed3264735,configuration / sample identity / model metadata; no images or weights,"Original source hash recorded; candidate identity is in MANIFEST.csv; path aliases/line endings may differ, not a byte-identity claim"
provenance/confirmatory/manifests/EVALUATION_SAMPLE_HASHES.csv,PROJECT\outputs\confirmatory_study_20260917\manifests\EVALUATION_SAMPLE_HASHES.csv,db52c13e1a62ffbdd0b0d770c714534d9b3ba3afe092ba66d29c9eea4cf1acc7,configuration / sample identity / model metadata; no images or weights,"Original source hash recorded; candidate identity is in MANIFEST.csv; path aliases/line endings may differ, not a byte-identity claim"
provenance/confirmatory/manifests/MODEL_MANIFEST.csv,PROJECT/outputs/Orbit-GOP-confirmatory-20260917-stage7/CHECKPOINT_INPUT_MAP.json,1d5c31de735acff4325ba612a582a1088a325ae183f61937a9cc56772b663485,configuration / sample identity / model metadata; no images or weights,Nine original_manifest objects from actual stage7 checkpoint input map; private path aliases; no weights included
provenance/confirmatory/manifests/resnet18_S3.json,PROJECT\outputs\confirmatory_study_20260917\manifests\resnet18_S3.json,0fdff6a6c1bfc3b659bfdb426d8cf6fa3ac08696dc622c72e83d1d10d0cdc300,configuration / sample identity / model metadata; no images or weights,"Original source hash recorded; candidate identity is in MANIFEST.csv; path aliases/line endings may differ, not a byte-identity claim"
provenance/confirmatory/manifests/resnet18_S4.json,PROJECT\outputs\confirmatory_study_20260917\manifests\resnet18_S4.json,4b052ed31bd9ff5c786ac02b106da04f61ea47269586778ed9ae0b3d8170cf68,configuration / sample identity / model metadata; no images or weights,"Original source hash recorded; candidate identity is in MANIFEST.csv; path aliases/line endings may differ, not a byte-identity claim"
provenance/confirmatory/manifests/resnet18_S5.json,PROJECT\outputs\confirmatory_study_20260917\manifests\resnet18_S5.json,1ad6f5f423fa401e8ae30af5e6a23e735532911f2ca5eb7035d32535c0fbd594,configuration / sample identity / model metadata; no images or weights,"Original source hash recorded; candidate identity is in MANIFEST.csv; path aliases/line endings may differ, not a byte-identity claim"
provenance/confirmatory/manifests/vgg16_bn_S3.json,PROJECT\outputs\confirmatory_study_20260917\manifests\vgg16_bn_S3.json,9894e4d0c97fe9f4655770e10b6b5a672c195f34b4eb0e9a8569fc01041f40b6,configuration / sample identity / model metadata; no images or weights,"Original source hash recorded; candidate identity is in MANIFEST.csv; path aliases/line endings may differ, not a byte-identity claim"
provenance/confirmatory/manifests/vgg16_bn_S4.json,PROJECT\outputs\confirmatory_study_20260917\manifests\vgg16_bn_S4.json,4670a6f681747ad144f1123c3f9d090303047ae228595a964c3cc29db59cec13,configuration / sample identity / model metadata; no images or weights,"Original source hash recorded; candidate identity is in MANIFEST.csv; path aliases/line endings may differ, not a byte-identity claim"
provenance/confirmatory/manifests/vgg16_bn_S5.json,PROJECT\outputs\confirmatory_study_20260917\manifests\vgg16_bn_S5.json,054943fed2bda3d2c3be2f5d9c92f018a1f3bd37733336d7c14fdb1bad191eb7,configuration / sample identity / model metadata; no images or weights,"Original source hash recorded; candidate identity is in MANIFEST.csv; path aliases/line endings may differ, not a byte-identity claim"
provenance/confirmatory/manifests/wrn28_10_S3.json,PROJECT\outputs\confirmatory_study_20260917\manifests\wrn28_10_S3.json,0afa7f8a89a83582942f1c7efc2fc12b54769a7073d35ac34f489b3c4677c5c5,configuration / sample identity / model metadata; no images or weights,"Original source hash recorded; candidate identity is in MANIFEST.csv; path aliases/line endings may differ, not a byte-identity claim"
provenance/confirmatory/manifests/wrn28_10_S4.json,PROJECT\outputs\confirmatory_study_20260917\manifests\wrn28_10_S4.json,9f457e1ffd73fce8008c30edc84b6454a6662179c9930c5cf0bc3889edc6a5a3,configuration / sample identity / model metadata; no images or weights,"Original source hash recorded; candidate identity is in MANIFEST.csv; path aliases/line endings may differ, not a byte-identity claim"
provenance/confirmatory/LOCKED_PROTOCOL.md,PROJECT\outputs\Orbit-GOP-confirmatory-20260917-stage8\source\LOCKED_PROTOCOL.md,bfc10b5079bf659ac5d20648ef48c77fd3c467e13517c106520d0c4ac0b32006,frozen scientific protocol,"Original source hash recorded; candidate identity is in MANIFEST.csv; path aliases/line endings may differ, not a byte-identity claim"
provenance/confirmatory/environment/python_version.txt,PROJECT\outputs\confirmatory_study_20260917\environment\python_version.txt,984ca4f5b2d5529d03bebd93f52d5329b2808e8c8877637e0b7f5ad1421a2e18,recorded confirmatory environment; distinct from efficiency environment,"Original source hash recorded; candidate identity is in MANIFEST.csv; path aliases/line endings may differ, not a byte-identity claim"
provenance/confirmatory/environment/torch_version.txt,PROJECT\outputs\confirmatory_study_20260917\environment\torch_version.txt,68457b097de9810036dde86892dae5125ad2f334e5b5ff9f86d8a29f0acfc83c,recorded confirmatory environment; distinct from efficiency environment,"Original source hash recorded; candidate identity is in MANIFEST.csv; path aliases/line endings may differ, not a byte-identity claim"
provenance/confirmatory/environment/cuda_version.txt,PROJECT\outputs\confirmatory_study_20260917\environment\cuda_version.txt,b1fa3303a8f6b23f26c9f8bc2ac1f760a8ccada410c83b8e84c1533aac270037,recorded confirmatory environment; distinct from efficiency environment,"Original source hash recorded; candidate identity is in MANIFEST.csv; path aliases/line endings may differ, not a byte-identity claim"
provenance/confirmatory/environment/os_info.txt,PROJECT\outputs\confirmatory_study_20260917\environment\os_info.txt,669f1c5be758932ba8d6e51a0d46381f75cca4f54019e7a9b78d2189f239c0e1,recorded confirmatory environment; distinct from efficiency environment,"Original source hash recorded; candidate identity is in MANIFEST.csv; path aliases/line endings may differ, not a byte-identity claim"
scripts/confirmatory/train_wrn.py,PROJECT/outputs/Orbit-GOP-confirmatory-20260917-v2/code/train_wrn.py,25dda364097a8533761edf73db25470f50149e2c96715f1195fe3da000803337,WRN S5 v2 completion and frozen execution lineage,Actual v2 frozen WRN S5 source; byte-identical
provenance/confirmatory/manifests/wrn28_10_S5.json,PROJECT/outputs/Orbit-GOP-confirmatory-20260917-v2/manifests/wrn28_10_S5.json,f626851d50269e2ce23c3fef97843a8a6e4cd700ede0e144669ab2374890cabb,WRN S5 v2 completion and frozen execution lineage,Existing execution evidence; private root aliases only; original source hash retained
provenance/confirmatory/v2/BUGFIX_LOG.md,PROJECT/outputs/Orbit-GOP-confirmatory-20260917-v2/BUGFIX_LOG.md,60b93dbc71f6c7ec6b0e6822ea6e438d22436c8b573ef6f315f46a9330aba436,WRN S5 v2 completion and frozen execution lineage,Existing execution evidence; private root aliases only; original source hash retained
provenance/confirmatory/v2/LOCKED_PROTOCOL.md,PROJECT/outputs/Orbit-GOP-confirmatory-20260917-v2/LOCKED_PROTOCOL.md,a5b31781e086be57c18b5e4362f12a6489ca81f4452bb98de5a343757c9e664c,WRN S5 v2 completion and frozen execution lineage,Existing execution evidence; private root aliases only; original source hash retained
provenance/confirmatory/v2/FINITE_PATH_QA.json,PROJECT/outputs/Orbit-GOP-confirmatory-20260917-v2/audit/FINITE_PATH_QA.json,f41a8683225d19694ba4fe707d71d6c70067a7696fbe480521c11b98035feaf8,WRN S5 v2 completion and frozen execution lineage,Existing execution evidence; private root aliases only; original source hash retained
provenance/confirmatory/v2/FREEZE_STATE.json,PROJECT/outputs/Orbit-GOP-confirmatory-20260917-v2/audit/FREEZE_STATE.json,85d5ed11f54dd42e87fad3bedac92d8449de37cb18fad3845869977b090da645,WRN S5 v2 completion and frozen execution lineage,Existing execution evidence; private root aliases only; original source hash retained
provenance/confirmatory/v2/confirmatory_locked.yaml,PROJECT/outputs/Orbit-GOP-confirmatory-20260917-v2/config/confirmatory_locked.yaml,ad2e3ac11db83dbf253835aa692ec4b7efb7ff3fd6b4565a7103956ffffea347,WRN S5 v2 completion and frozen execution lineage,Existing execution evidence; private root aliases only; original source hash retained
provenance/confirmatory/manifests/NINE_CHECKPOINT_FREEZE_SUMMARY.json,PROJECT/outputs/Orbit-GOP-confirmatory-20260917-v2/manifests/NINE_CHECKPOINT_FREEZE_SUMMARY.json,4a9e675187db2a65f0702c27459550999b6b4b735668c6ea283fba0929691f32,WRN S5 v2 completion and frozen execution lineage,Existing execution evidence; private root aliases only; original source hash retained
provenance/confirmatory/manifests/CHECKPOINT_INPUT_MAP.json,PROJECT/outputs/Orbit-GOP-confirmatory-20260917-stage7/CHECKPOINT_INPUT_MAP.json,1d5c31de735acff4325ba612a582a1088a325ae183f61937a9cc56772b663485,WRN S5 v2 completion and frozen execution lineage,Existing execution evidence; private root aliases only; original source hash retained
