backbone,dataset,seed,metric,display_value_pp,display_ci95_lower_pp,display_ci95_upper_pp,bootstrap_replicates
ResNet18,CIFAR-100,S0,Delta_AUROC,0.537314999999994,0.441657975000006,0.636542124999997,5000
ResNet18,CIFAR-100,S1,Delta_AUROC,0.647361499999999,0.551502812500005,0.743853187499999,5000
ResNet18,CIFAR-100,S2,Delta_AUROC,0.545649999999998,0.448386475000002,0.643691399999997,5000
ResNet18,CIFAR-100,Mean,Delta_AUROC,0.576775499999997,0.509684800000002,0.645425770833331,5000
ResNet18,CIFAR-100,S0,Delta_FPR95,-4.2,-6.370000000000001,-2.67,5000
ResNet18,CIFAR-100,S1,Delta_FPR95,-5.18,-6.959999999999999,-3.36,5000
ResNet18,CIFAR-100,S2,Delta_FPR95,-4.65,-6.58,-3.3397499999999996,5000
ResNet18,CIFAR-100,Mean,Delta_FPR95,-4.6766666666666605,-6.03666666666667,-3.6732500000000003,5000
ResNet18,Tiny ImageNet,S0,Delta_AUROC,0.322194276915189,0.234273931733616,0.41228570511998497,5000
ResNet18,Tiny ImageNet,S1,Delta_AUROC,0.555544719620171,0.462724913383807,0.651396541768247,5000
ResNet18,Tiny ImageNet,S2,Delta_AUROC,0.406526369819071,0.31247202617734,0.50119649044014,5000
ResNet18,Tiny ImageNet,Mean,Delta_AUROC,0.42808845545147695,0.363484676419007,0.495431476966509,5000
ResNet18,Tiny ImageNet,S0,Delta_FPR95,-2.0500000000000003,-2.93025,-0.9799999999999981,5000
ResNet18,Tiny ImageNet,S1,Delta_FPR95,-2.65,-4.2,-1.2697500000000002,5000
ResNet18,Tiny ImageNet,S2,Delta_FPR95,-2.09,-3.4799999999999995,-0.609999999999999,5000
ResNet18,Tiny ImageNet,Mean,Delta_FPR95,-2.26333333333333,-3.04,-1.46666666666667,5000
VGG16-BN,CIFAR-100,S0,Delta_AUROC,1.885951000000008,1.725893775,2.0479602,5000
VGG16-BN,CIFAR-100,S1,Delta_AUROC,1.9528270000000014,1.78518749999999,2.1201862,5000
VGG16-BN,CIFAR-100,S2,Delta_AUROC,1.7418060000000013,1.5883288249999998,1.89590784999999,5000
VGG16-BN,CIFAR-100,Mean,Delta_AUROC,1.8601946666666702,1.73906813333334,1.9811137083333399,5000
VGG16-BN,CIFAR-100,S0,Delta_FPR95,-21.509999999999994,-23.870250000000002,-18.89,5000
VGG16-BN,CIFAR-100,S1,Delta_FPR95,-21.909999999999997,-24.25025,-19.11,5000
VGG16-BN,CIFAR-100,S2,Delta_FPR95,-19.960000000000004,-22.74,-17.68,5000
VGG16-BN,CIFAR-100,Mean,Delta_FPR95,-21.12666666666666,-22.8133333333333,-19.3966666666667,5000
VGG16-BN,Tiny ImageNet,S0,Delta_AUROC,1.76497626074682,1.6000241883741801,1.9348480046195202,5000
VGG16-BN,Tiny ImageNet,S1,Delta_AUROC,1.3099371230591572,1.16155565892468,1.45803692416271,5000
VGG16-BN,Tiny ImageNet,S2,Delta_AUROC,1.3109944822276454,1.1627587578596201,1.4661161619402001,5000
VGG16-BN,Tiny ImageNet,Mean,Delta_AUROC,1.4619692886778743,1.34876404037812,1.57993827794174,5000
VGG16-BN,Tiny ImageNet,S0,Delta_FPR95,-19.439999999999998,-21.820249999999998,-16.619999999999997,5000
VGG16-BN,Tiny ImageNet,S1,Delta_FPR95,-14.719999999999999,-16.580000000000002,-12.72,5000
VGG16-BN,Tiny ImageNet,S2,Delta_FPR95,-15.999999999999998,-18.72025,-14.039750000000002,5000
VGG16-BN,Tiny ImageNet,Mean,Delta_FPR95,-16.72,-18.2666666666667,-15.133333333333299,5000
WRN-28-10,CIFAR-100,S0,Delta_AUROC,0.576653999999988,0.472287949999997,0.680752549999995,5000
WRN-28-10,CIFAR-100,S1,Delta_AUROC,0.178545000000008,0.0755351499999973,0.286422625000003,5000
WRN-28-10,CIFAR-100,S2,Delta_AUROC,0.358927000000009,0.250148175000005,0.469031974999998,5000
WRN-28-10,CIFAR-100,Mean,Delta_AUROC,0.371375333333327,0.300396991666666,0.44287843333333093,5000
WRN-28-10,CIFAR-100,S0,Delta_FPR95,-4.93,-7.090000000000001,-3.0300000000000002,5000
WRN-28-10,CIFAR-100,S1,Delta_FPR95,0.250000000000006,-1.39025,2.43025,5000
WRN-28-10,CIFAR-100,S2,Delta_FPR95,-2.0,-4.08999999999999,-0.07975000000000569,5000
WRN-28-10,CIFAR-100,Mean,Delta_FPR95,-2.2266666666666697,-3.4099999999999997,-0.993333333333331,5000
WRN-28-10,Tiny ImageNet,S0,Delta_AUROC,0.405891184396256,0.306136019504681,0.501840080841783,5000
WRN-28-10,Tiny ImageNet,S1,Delta_AUROC,0.21260361863210098,0.107395675606306,0.320688983703324,5000
WRN-28-10,Tiny ImageNet,S2,Delta_AUROC,0.267105094315401,0.166985596047734,0.369169767740274,5000
WRN-28-10,Tiny ImageNet,Mean,Delta_AUROC,0.29519996578125,0.225573249497412,0.361850442704989,5000
WRN-28-10,Tiny ImageNet,S0,Delta_FPR95,-5.41,-6.99,-3.46975,5000
WRN-28-10,Tiny ImageNet,S1,Delta_FPR95,-1.69,-3.84,0.10024999999999601,5000
WRN-28-10,Tiny ImageNet,S2,Delta_FPR95,-1.1400000000000001,-3.26,0.9899999999999959,5000
WRN-28-10,Tiny ImageNet,Mean,Delta_FPR95,-2.74666666666667,-4.02666666666667,-1.61666666666667,5000
