backbone,method,dataset,metric,S3,S4,S5,mean,SD_ddof1,n_models,unit
resnet18,MSP,ID,accuracy,0.9288,0.9343,0.9306,0.9312333333333332,0.0028041635710731113,3,proportion
resnet18,MSP,ID,AURC,0.011086611003538166,0.011240371038874625,0.011278476730605332,0.011201819591006043,0.00010157644857606601,3,proportion
resnet18,MSP,CIFAR100,AUROC,0.8509477250000002,0.8543522149999998,0.8501110150000001,0.8518036516666667,0.0022464198637014775,3,proportion
resnet18,MSP,CIFAR100,FPR95,1.0,1.0,1.0,1.0,0.0,3,proportion
resnet18,MSP,Tiny,AUROC,0.8748228923392791,0.8760202874374438,0.8723299820351599,0.8743910539372943,0.0018826714515823063,3,proportion
resnet18,MSP,Tiny,FPR95,1.0,1.0,1.0,1.0,0.0,3,proportion
resnet18,Predictive_Entropy,ID,accuracy,0.9288,0.9343,0.9306,0.9312333333333332,0.0028041635710731113,3,proportion
resnet18,Predictive_Entropy,ID,AURC,0.008503828964405706,0.008811972711621052,0.007892111489016956,0.008402637721681238,0.00046820499561171623,3,proportion
resnet18,Predictive_Entropy,CIFAR100,AUROC,0.8696958700000001,0.8736832600000001,0.86907563,0.8708182533333334,0.002500474317891187,3,proportion
resnet18,Predictive_Entropy,CIFAR100,FPR95,0.4719,0.4454,0.4721,0.46313333333333334,0.015357842730453163,3,proportion
resnet18,Predictive_Entropy,Tiny,AUROC,0.8912135506223534,0.8926206852303349,0.8898347234697807,0.8912229864408229,0.0013930048488143374,3,proportion
resnet18,Predictive_Entropy,Tiny,FPR95,0.3783,0.3545,0.369,0.36726666666666663,0.011994304203801645,3,proportion
resnet18,Energy,ID,accuracy,0.9288,0.9343,0.9306,0.9312333333333332,0.0028041635710731113,3,proportion
resnet18,Energy,ID,AURC,0.008518220595965277,0.00882637834461298,0.007932228226638124,0.008425609055738794,0.0004542122647022569,3,proportion
resnet18,Energy,CIFAR100,AUROC,0.869583155,0.873798035,0.8688849399999999,0.8707553766666667,0.0026580450234351383,3,proportion
resnet18,Energy,CIFAR100,FPR95,0.4684,0.447,0.4725,0.4626333333333333,0.013693185653212071,3,proportion
resnet18,Energy,Tiny,AUROC,0.8911729372513795,0.8931267547799308,0.8893647760810983,0.8912214893708029,0.001881459251177825,3,proportion
resnet18,Energy,Tiny,FPR95,0.3754,0.3537,0.3702,0.36643333333333333,0.011329754336848312,3,proportion
resnet18,ReAct_Energy,ID,accuracy,0.9282,0.9341,0.9312,0.9311666666666666,0.0029501412395567406,3,proportion
resnet18,ReAct_Energy,ID,AURC,0.012659898452150807,0.011786655399005511,0.012155696256820475,0.012200750035992266,0.0004383614259145928,3,proportion
resnet18,ReAct_Energy,CIFAR100,AUROC,0.8363775099999999,0.84847325,0.83522206,0.8400242733333333,0.007339800488503299,3,proportion
resnet18,ReAct_Energy,CIFAR100,FPR95,0.6548,0.6153,0.6486,0.6395666666666666,0.021242959618031916,3,proportion
resnet18,ReAct_Energy,Tiny,AUROC,0.8651400230976518,0.876290735275247,0.8615683947132041,0.8676663843620344,0.007679433822543352,3,proportion
resnet18,ReAct_Energy,Tiny,FPR95,0.5765,0.5445,0.5827,0.5679,0.02050073169425912,3,proportion
resnet18,KNN,ID,accuracy,0.9288,0.9343,0.9306,0.9312333333333332,0.0028041635710731113,3,proportion
resnet18,KNN,ID,AURC,0.010387060334208983,0.01061437013000921,0.009814329769716067,0.010271920077978086,0.0004122609652613049,3,proportion
resnet18,KNN,CIFAR100,AUROC,0.836618075,0.83942562,0.83455305,0.8368655816666667,0.0024456960693753954,3,proportion
resnet18,KNN,CIFAR100,FPR95,0.4837,0.4752,0.495,0.4846333333333333,0.009932941826736586,3,proportion
resnet18,KNN,Tiny,AUROC,0.846182644681124,0.8503638778390863,0.8472632298216347,0.8479365841139485,0.0021704221208197405,3,proportion
resnet18,KNN,Tiny,FPR95,0.402,0.3947,0.4041,0.4002666666666667,0.004933896364267642,3,proportion
resnet18,ViM,ID,accuracy,0.9288,0.9343,0.9306,0.9312333333333332,0.0028041635710731113,3,proportion
resnet18,ViM,ID,AURC,0.010279609448391411,0.009762664994522214,0.00935233738252939,0.009798203941814338,0.00046465646838603154,3,proportion
resnet18,ViM,CIFAR100,AUROC,0.8587038199999999,0.86234504,0.85371485,0.85825457,0.004332598992625543,3,proportion
resnet18,ViM,CIFAR100,FPR95,0.4986,0.4816,0.5443,0.5081666666666667,0.03242627535399856,3,proportion
resnet18,ViM,Tiny,AUROC,0.8756713845759013,0.8782164506608495,0.8707054792762736,0.8748644381710081,0.0038199534892792903,3,proportion
resnet18,ViM,Tiny,FPR95,0.4067,0.4073,0.4479,0.42063333333333336,0.02361553161233797,3,proportion
resnet18,GAIA_Z,ID,accuracy,0.9288,0.9343,0.9306,0.9312333333333332,0.0028041635710731113,3,proportion
resnet18,GAIA_Z,ID,AURC,0.02132191203704441,0.01889496767166622,0.02267938918461199,0.020965422964440872,0.0019172310479115403,3,proportion
resnet18,GAIA_Z,CIFAR100,AUROC,0.81478933,0.8124297999999999,0.7929619049999999,0.8067270116666666,0.011979168026777126,3,proportion
resnet18,GAIA_Z,CIFAR100,FPR95,0.684,0.6557,0.7484,0.6960333333333333,0.047507087190579604,3,proportion
resnet18,GAIA_Z,Tiny,AUROC,0.8480248171435905,0.8523074297446427,0.8294530540228411,0.843261766970358,0.012148893267407751,3,proportion
resnet18,GAIA_Z,Tiny,FPR95,0.5624,0.5265,0.6846,0.5911666666666666,0.08288270828908365,3,proportion
resnet18,GradNorm,ID,accuracy,0.9288,0.9343,0.9306,0.9312333333333332,0.0028041635710731113,3,proportion
resnet18,GradNorm,ID,AURC,0.011014979723099269,0.009560064536132737,0.010123356643445774,0.010232800300892594,0.0007336061517823901,3,proportion
resnet18,GradNorm,CIFAR100,AUROC,0.8543526650000001,0.87125966,0.8606820650000001,0.8620981300000001,0.008541987476323894,3,proportion
resnet18,GradNorm,CIFAR100,FPR95,0.5551,0.4716,0.521,0.5158999999999999,0.04198297273895693,3,proportion
resnet18,GradNorm,Tiny,AUROC,0.8825835429231361,0.8938737456691902,0.8863887527268061,0.8876153471063774,0.005744177037726891,3,proportion
resnet18,GradNorm,Tiny,FPR95,0.424,0.3668,0.4338,0.40819999999999995,0.0361867379021652,3,proportion
resnet18,Global_EDL,ID,accuracy,0.9288,0.9343,0.9306,0.9312333333333332,0.0028041635710731113,3,proportion
resnet18,Global_EDL,ID,AURC,0.008521926981512927,0.00883570378572308,0.007944821939748402,0.008434150902328137,0.00045188062132559285,3,proportion
resnet18,Global_EDL,CIFAR100,AUROC,0.8696286999999998,0.8739102,0.86898214,0.8708403466666667,0.002678154135693752,3,proportion
resnet18,Global_EDL,CIFAR100,FPR95,0.4693,0.4466,0.4729,0.46293333333333325,0.014259149109723666,3,proportion
resnet18,Global_EDL,Tiny,AUROC,0.8912313614782497,0.8932907096111895,0.8894577441293469,0.8913266050729286,0.0019182569178800935,3,proportion
resnet18,Global_EDL,Tiny,FPR95,0.3754,0.3538,0.3705,0.3665666666666667,0.011324457308557146,3,proportion
resnet18,C_EDL_Default,ID,accuracy,0.9272,0.9317,0.9268,0.9285666666666667,0.0027209067116189946,3,proportion
resnet18,C_EDL_Default,ID,AURC,0.008746264906977929,0.008813573687773489,0.008049784272485094,0.008536540955745504,0.0004228849364981594,3,proportion
resnet18,C_EDL_Default,CIFAR100,AUROC,0.8751478699999999,0.8787223100000001,0.8742428999999999,0.8760376933333333,0.002368568694472217,3,proportion
resnet18,C_EDL_Default,CIFAR100,FPR95,0.4141,0.4078,0.4121,0.41133333333333333,0.003219213154380031,3,proportion
resnet18,C_EDL_Default,Tiny,AUROC,0.8946484280764787,0.8981572436802259,0.8923730912357243,0.895059587664143,0.0029139138680140497,3,proportion
resnet18,C_EDL_Default,Tiny,FPR95,0.3442,0.3287,0.3489,0.3406,0.01057024124606435,3,proportion
resnet18,C_EDL_Fixed_Dev_Tuned,ID,accuracy,0.9272,0.9317,0.9268,0.9285666666666667,0.0027209067116189946,3,proportion
resnet18,C_EDL_Fixed_Dev_Tuned,ID,AURC,0.008710309961390692,0.008789236910388758,0.008069452993935071,0.008522999955238175,0.0003947606875057273,3,proportion
resnet18,C_EDL_Fixed_Dev_Tuned,CIFAR100,AUROC,0.8756978100000001,0.87990374,0.8753361899999998,0.8769792466666667,0.002539131386642595,3,proportion
resnet18,C_EDL_Fixed_Dev_Tuned,CIFAR100,FPR95,0.4079,0.4028,0.4125,0.4077333333333333,0.004852147290976776,3,proportion
resnet18,C_EDL_Fixed_Dev_Tuned,Tiny,AUROC,0.8951458745027588,0.8990124598999102,0.8934698832285384,0.8958760725437358,0.0028425219302221226,3,proportion
resnet18,C_EDL_Fixed_Dev_Tuned,Tiny,FPR95,0.3406,0.3266,0.3419,0.3363666666666667,0.008483120495037971,3,proportion
resnet18,Orbit_GOP,ID,accuracy,0.9288,0.9343,0.9306,0.9312333333333332,0.0028041635710731113,3,proportion
resnet18,Orbit_GOP,ID,AURC,0.008390910548666244,0.008160485769776437,0.007679730020946786,0.008077042113129823,0.00036285888252563187,3,proportion
resnet18,Orbit_GOP,CIFAR100,AUROC,0.87651445,0.87889174,0.87515572,0.87685397,0.00189100944812556,3,proportion
resnet18,Orbit_GOP,CIFAR100,FPR95,0.3995,0.3927,0.4133,0.4018333333333333,0.010496348571447756,3,proportion
resnet18,Orbit_GOP,Tiny,AUROC,0.8959480816117027,0.8971919543179777,0.8941810470935455,0.8957736943410753,0.0015130098375926574,3,proportion
resnet18,Orbit_GOP,Tiny,FPR95,0.3417,0.3311,0.3392,0.3373333333333333,0.0055410588639116,3,proportion
vgg16_bn,MSP,ID,accuracy,0.9177,0.9207,0.9193,0.9192333333333332,0.0015011106998930291,3,proportion
vgg16_bn,MSP,ID,AURC,0.019883680502691143,0.022677146830853267,0.018888757206551088,0.0204831948466985,0.0019640613719746716,3,proportion
vgg16_bn,MSP,CIFAR100,AUROC,0.8084211000000001,0.8089929900000001,0.8099379000000001,0.8091173300000002,0.0007660064534323358,3,proportion
vgg16_bn,MSP,CIFAR100,FPR95,1.0,1.0,1.0,1.0,0.0,3,proportion
vgg16_bn,MSP,Tiny,AUROC,0.8357238226613628,0.8348364878737329,0.8398957975105865,0.8368187026818941,0.0027015227548382644,3,proportion
vgg16_bn,MSP,Tiny,FPR95,1.0,1.0,1.0,1.0,0.0,3,proportion
vgg16_bn,Predictive_Entropy,ID,accuracy,0.9177,0.9207,0.9193,0.9192333333333332,0.0015011106998930291,3,proportion
vgg16_bn,Predictive_Entropy,ID,AURC,0.013987929236667094,0.014513274121532414,0.013544565598847313,0.014015256319015608,0.0004849320855057431,3,proportion
vgg16_bn,Predictive_Entropy,CIFAR100,AUROC,0.8445771000000001,0.8440618600000002,0.84869697,0.8457786433333334,0.002540441096430488,3,proportion
vgg16_bn,Predictive_Entropy,CIFAR100,FPR95,0.6334,0.6738,0.6303,0.6458333333333334,0.024269390872729644,3,proportion
vgg16_bn,Predictive_Entropy,Tiny,AUROC,0.8698554600282304,0.8666527139740794,0.873812267419479,0.8701068138072628,0.003586388911713136,3,proportion
vgg16_bn,Predictive_Entropy,Tiny,FPR95,0.5095,0.5769,0.5056,0.5306666666666666,0.04008669771050406,3,proportion
vgg16_bn,Energy,ID,accuracy,0.9177,0.9207,0.9193,0.9192333333333332,0.0015011106998930291,3,proportion
vgg16_bn,Energy,ID,AURC,0.013996918207359078,0.014455080270559131,0.013483003285920938,0.013978333921279716,0.0004863048917938519,3,proportion
vgg16_bn,Energy,CIFAR100,AUROC,0.845492895,0.8453908550000001,0.8493413100000001,0.8467416866666668,0.0022519178818972267,3,proportion
vgg16_bn,Energy,CIFAR100,FPR95,0.6257,0.6639,0.6213,0.6369666666666667,0.023428472705947667,3,proportion
vgg16_bn,Energy,Tiny,AUROC,0.871099807519569,0.8682433722571539,0.8745332477864751,0.8712921425210659,0.0031493456634972966,3,proportion
vgg16_bn,Energy,Tiny,FPR95,0.5009,0.5677,0.5021,0.5235666666666666,0.03822529703394511,3,proportion
vgg16_bn,ReAct_Energy,ID,accuracy,0.9175,0.9206,0.9195,0.9192,0.0015716233645501677,3,proportion
vgg16_bn,ReAct_Energy,ID,AURC,0.016325331019310392,0.016510043343739574,0.015080818935978374,0.015972064433009445,0.0007773471313915234,3,proportion
vgg16_bn,ReAct_Energy,CIFAR100,AUROC,0.8362896799999999,0.83568612,0.83926265,0.8370794833333332,0.0019146105842268353,3,proportion
vgg16_bn,ReAct_Energy,CIFAR100,FPR95,0.6676,0.7088,0.6428,0.6730666666666666,0.033337866358441895,3,proportion
vgg16_bn,ReAct_Energy,Tiny,AUROC,0.8639040035929679,0.862605055819325,0.8669299371230592,0.864479665511784,0.002219164157161141,3,proportion
vgg16_bn,ReAct_Energy,Tiny,FPR95,0.535,0.5786,0.5428,0.5521333333333333,0.02325023297374315,3,proportion
vgg16_bn,KNN,ID,accuracy,0.9177,0.9207,0.9193,0.9192333333333332,0.0015011106998930291,3,proportion
vgg16_bn,KNN,ID,AURC,0.012587526906088976,0.013739607583417435,0.014347287959772683,0.013558140816426366,0.0008938050023115452,3,proportion
vgg16_bn,KNN,CIFAR100,AUROC,0.83880651,0.83929241,0.8401534150000001,0.839417445,0.0006821023260296681,3,proportion
vgg16_bn,KNN,CIFAR100,FPR95,0.5148,0.5585,0.5744,0.5492333333333334,0.030861680662811166,3,proportion
vgg16_bn,KNN,Tiny,AUROC,0.855190183498011,0.855739907609393,0.8606032529192866,0.8571777813422302,0.002979251717054923,3,proportion
vgg16_bn,KNN,Tiny,FPR95,0.4238,0.4659,0.4322,0.44063333333333327,0.02228100835539839,3,proportion
vgg16_bn,ViM,ID,accuracy,0.9177,0.9207,0.9193,0.9192333333333332,0.0015011106998930291,3,proportion
vgg16_bn,ViM,ID,AURC,0.012573697420897062,0.013320890553268572,0.012968735834114536,0.012954441269426723,0.0003738016120892173,3,proportion
vgg16_bn,ViM,CIFAR100,AUROC,0.84427385,0.8458406199999999,0.84731155,0.8458086733333333,0.0015191019599201955,3,proportion
vgg16_bn,ViM,CIFAR100,FPR95,0.5118,0.5196,0.5208,0.5174,0.004886716689148231,3,proportion
vgg16_bn,ViM,Tiny,AUROC,0.8642703066854869,0.8643459001668163,0.868168407545233,0.8655948714658454,0.002229068091722859,3,proportion
vgg16_bn,ViM,Tiny,FPR95,0.4137,0.4239,0.4042,0.4139333333333333,0.009852072539995494,3,proportion
vgg16_bn,GAIA_Z,ID,accuracy,0.9177,0.9207,0.9193,0.9192333333333332,0.0015011106998930291,3,proportion
vgg16_bn,GAIA_Z,ID,AURC,0.0189439394443771,0.016799745322206357,0.01693154346811469,0.017558409411566053,0.0012017124413445442,3,proportion
vgg16_bn,GAIA_Z,CIFAR100,AUROC,0.8452965950000001,0.865966775,0.857029635,0.8560976683333333,0.010366557129005364,3,proportion
vgg16_bn,GAIA_Z,CIFAR100,FPR95,0.5348,0.4936,0.5196,0.516,0.020834586628968695,3,proportion
vgg16_bn,GAIA_Z,Tiny,AUROC,0.8884363531374312,0.9051924291030411,0.8986367380982935,0.8974218401129219,0.008443844105469226,3,proportion
vgg16_bn,GAIA_Z,Tiny,FPR95,0.4152,0.353,0.3641,0.3774333333333333,0.03317443795052653,3,proportion
vgg16_bn,GradNorm,ID,accuracy,0.9177,0.9207,0.9193,0.9192333333333332,0.0015011106998930291,3,proportion
vgg16_bn,GradNorm,ID,AURC,0.015250904004636348,0.015685907409814043,0.015212383176348186,0.015383064863599527,0.0002629756060954525,3,proportion
vgg16_bn,GradNorm,CIFAR100,AUROC,0.839084105,0.8356389900000001,0.841435855,0.8387196499999999,0.0029155671047541706,3,proportion
vgg16_bn,GradNorm,CIFAR100,FPR95,0.689,0.7421,0.6798,0.7036333333333333,0.03362920357863585,3,proportion
vgg16_bn,GradNorm,Tiny,AUROC,0.8684604452713974,0.863403503143847,0.8717356730399076,0.8678665404850506,0.00419771437399439,3,proportion
vgg16_bn,GradNorm,Tiny,FPR95,0.5366,0.6112,0.5313,0.5597,0.04467896596833905,3,proportion
vgg16_bn,Global_EDL,ID,accuracy,0.9177,0.9207,0.9193,0.9192333333333332,0.0015011106998930291,3,proportion
vgg16_bn,Global_EDL,ID,AURC,0.013999864601115087,0.014454814715623241,0.013480094458739347,0.013978257925159226,0.0004877192134100804,3,proportion
vgg16_bn,Global_EDL,CIFAR100,AUROC,0.8455384,0.84548275,0.8493415500000001,0.8467875666666668,0.002211989462188655,3,proportion
vgg16_bn,Global_EDL,CIFAR100,FPR95,0.6257,0.6638,0.6215,0.637,0.023304291450288665,3,proportion
vgg16_bn,Global_EDL,Tiny,AUROC,0.8711707429744642,0.8683551777235982,0.8745556396766329,0.8713605201248984,0.0031045842930862598,3,proportion
vgg16_bn,Global_EDL,Tiny,FPR95,0.5011,0.5676,0.5016,0.5234333333333333,0.03825027233018521,3,proportion
vgg16_bn,C_EDL_Default,ID,accuracy,0.9183,0.9196,0.9205,0.9194666666666667,0.0011060440015357926,3,proportion
vgg16_bn,C_EDL_Default,ID,AURC,0.011299948945187753,0.0117900381663139,0.011572477761296933,0.01155415495759953,0.00024555784454484105,3,proportion
vgg16_bn,C_EDL_Default,CIFAR100,AUROC,0.8574218600000001,0.85974493,0.8615133500000001,0.8595600466666667,0.0020520012159434167,3,proportion
vgg16_bn,C_EDL_Default,CIFAR100,FPR95,0.485,0.4851,0.4651,0.4784,0.011518246394308448,3,proportion
vgg16_bn,C_EDL_Default,Tiny,AUROC,0.8805699987167971,0.8808301552675479,0.8848792249454638,0.8820931263099362,0.0024163359788925997,3,proportion
vgg16_bn,C_EDL_Default,Tiny,FPR95,0.3909,0.4023,0.3781,0.39043333333333335,0.012106747429980249,3,proportion
vgg16_bn,C_EDL_Fixed_Dev_Tuned,ID,accuracy,0.9183,0.9196,0.9205,0.9194666666666667,0.0011060440015357926,3,proportion
vgg16_bn,C_EDL_Fixed_Dev_Tuned,ID,AURC,0.011448228889417478,0.012025101100653465,0.011771810297526787,0.01174838009586591,0.0002891489543236774,3,proportion
vgg16_bn,C_EDL_Fixed_Dev_Tuned,CIFAR100,AUROC,0.8579029,0.85976944,0.8622600500000001,0.8599774633333334,0.002186011050071205,3,proportion
vgg16_bn,C_EDL_Fixed_Dev_Tuned,CIFAR100,FPR95,0.4958,0.5034,0.4777,0.4923,0.01320265124889692,3,proportion
vgg16_bn,C_EDL_Fixed_Dev_Tuned,Tiny,AUROC,0.8811896445528037,0.880865443346593,0.8853083279866546,0.8824544719620171,0.0024768220086528103,3,proportion
vgg16_bn,C_EDL_Fixed_Dev_Tuned,Tiny,FPR95,0.3956,0.4097,0.3849,0.3967333333333333,0.012438783434618243,3,proportion
vgg16_bn,Orbit_GOP,ID,accuracy,0.9177,0.9207,0.9193,0.9192333333333332,0.0015011106998930291,3,proportion
vgg16_bn,Orbit_GOP,ID,AURC,0.011893891797241582,0.011448830034995134,0.01063040202148304,0.011324374617906585,0.0006408732062534727,3,proportion
vgg16_bn,Orbit_GOP,CIFAR100,AUROC,0.8631426299999999,0.86582292,0.86864993,0.8658718266666666,0.0027539757114095277,3,proportion
vgg16_bn,Orbit_GOP,CIFAR100,FPR95,0.4354,0.4457,0.4189,0.43333333333333335,0.013518998976748731,3,proportion
vgg16_bn,Orbit_GOP,Tiny,AUROC,0.8854147440010266,0.885740510714744,0.8907865135377904,0.8873139227511869,0.003011759629575962,3,proportion
vgg16_bn,Orbit_GOP,Tiny,FPR95,0.3506,0.3647,0.3386,0.3513,0.013064072871811461,3,proportion
wrn28_10,MSP,ID,accuracy,0.9314,0.9329,0.9304,0.9315666666666668,0.0012583057392117633,3,proportion
wrn28_10,MSP,ID,AURC,0.011246250170055271,0.010529363880987205,0.012462478028169388,0.011412697359737288,0.0009772466816130691,3,proportion
wrn28_10,MSP,CIFAR100,AUROC,0.8569381399999999,0.8499816349999998,0.849358825,0.8520928666666666,0.004207668990077309,3,proportion
wrn28_10,MSP,CIFAR100,FPR95,1.0,1.0,1.0,1.0,0.0,3,proportion
wrn28_10,MSP,Tiny,AUROC,0.88237808931092,0.8741481008597459,0.8737782047991787,0.8767681316566148,0.004861884864559043,3,proportion
wrn28_10,MSP,Tiny,FPR95,1.0,1.0,1.0,1.0,0.0,3,proportion
wrn28_10,Predictive_Entropy,ID,accuracy,0.9314,0.9329,0.9304,0.9315666666666668,0.0012583057392117633,3,proportion
wrn28_10,Predictive_Entropy,ID,AURC,0.00914196986612491,0.0090100088267425,0.011097265156014094,0.009749747949627166,0.0011688478922042597,3,proportion
wrn28_10,Predictive_Entropy,CIFAR100,AUROC,0.86602849,0.8588817099999999,0.8556892099999999,0.8601998033333333,0.005294167097488923,3,proportion
wrn28_10,Predictive_Entropy,CIFAR100,FPR95,0.553,0.555,0.6192,0.5757333333333333,0.03765651780679316,3,proportion
wrn28_10,Predictive_Entropy,Tiny,AUROC,0.8890632234056205,0.8816276273578854,0.8802043885538303,0.8836317464391121,0.004757321589048378,3,proportion
wrn28_10,Predictive_Entropy,Tiny,FPR95,0.4141,0.4478,0.4493,0.43706666666666666,0.019903852223459965,3,proportion
wrn28_10,Energy,ID,accuracy,0.9314,0.9329,0.9304,0.9315666666666668,0.0012583057392117633,3,proportion
wrn28_10,Energy,ID,AURC,0.00910603599852933,0.008875199127884406,0.011179701593529006,0.009720312239980914,0.0012691274085565335,3,proportion
wrn28_10,Energy,CIFAR100,AUROC,0.8663915949999998,0.859188985,0.855670105,0.8604168949999998,0.005465199829932967,3,proportion
wrn28_10,Energy,CIFAR100,FPR95,0.5437,0.5436,0.6141,0.5671333333333334,0.04067435719631392,3,proportion
wrn28_10,Energy,Tiny,AUROC,0.8893419863980496,0.8815444950596689,0.8801340369562427,0.8836735061379871,0.004959445468942992,3,proportion
wrn28_10,Energy,Tiny,FPR95,0.4139,0.4484,0.4432,0.4351666666666667,0.018600089605518937,3,proportion
wrn28_10,ReAct_Energy,ID,accuracy,0.9223,0.9251,0.9126,0.9199999999999999,0.006559725604017323,3,proportion
wrn28_10,ReAct_Energy,ID,AURC,0.026453948825793917,0.025593347713655006,0.026483996303791595,0.026177097614413506,0.0005057654324982823,3,proportion
wrn28_10,ReAct_Energy,CIFAR100,AUROC,0.76280919,0.7581142300000001,0.7586300399999999,0.7598511533333333,0.0025746845787461706,3,proportion
wrn28_10,ReAct_Energy,CIFAR100,FPR95,0.7051,0.6813,0.79,0.7254666666666667,0.0571403826845195,3,proportion
wrn28_10,ReAct_Energy,Tiny,AUROC,0.787230245091749,0.775826485307327,0.7787465032721674,0.7806010778904144,0.005923767345717138,3,proportion
wrn28_10,ReAct_Energy,Tiny,FPR95,0.6527,0.6515,0.6994,0.6678666666666665,0.027315258251265635,3,proportion
wrn28_10,KNN,ID,accuracy,0.9314,0.9329,0.9304,0.9315666666666668,0.0012583057392117633,3,proportion
wrn28_10,KNN,ID,AURC,0.011768242821285588,0.010104022614817547,0.012182192996129828,0.011351486144077653,0.001099983013250185,3,proportion
wrn28_10,KNN,CIFAR100,AUROC,0.8408439900000001,0.8431421250000001,0.842887095,0.84229107,0.001259678716984987,3,proportion
wrn28_10,KNN,CIFAR100,FPR95,0.5916,0.5235,0.5544,0.5565,0.034098533692814445,3,proportion
wrn28_10,KNN,Tiny,AUROC,0.8599957012703707,0.8601373283716156,0.8619401000898242,0.8606910432439369,0.0010840303557305793,3,proportion
wrn28_10,KNN,Tiny,FPR95,0.4278,0.4224,0.4186,0.4229333333333334,0.004623130252689543,3,proportion
wrn28_10,ViM,ID,accuracy,0.9314,0.9329,0.9304,0.9315666666666668,0.0012583057392117633,3,proportion
wrn28_10,ViM,ID,AURC,0.012452907375793932,0.011396052112514675,0.0127630629255163,0.012204007471274968,0.000716688923151462,3,proportion
wrn28_10,ViM,CIFAR100,AUROC,0.8564224300000001,0.85051628,0.8546970600000001,0.8538785900000002,0.0030369510716012904,3,proportion
wrn28_10,ViM,CIFAR100,FPR95,0.5907,0.6206,0.6154,0.6089,0.015974667445677864,3,proportion
wrn28_10,ViM,Tiny,AUROC,0.8790536122160915,0.8711050814833825,0.8793959835750031,0.8765182257581591,0.004691044951981407,3,proportion
wrn28_10,ViM,Tiny,FPR95,0.4865,0.5321,0.4842,0.5009333333333333,0.02701561276990277,3,proportion
wrn28_10,GAIA_Z,ID,accuracy,0.9314,0.9329,0.9304,0.9315666666666668,0.0012583057392117633,3,proportion
wrn28_10,GAIA_Z,ID,AURC,0.04830408426920966,0.05311642933075363,0.05645884551162692,0.052626453037196735,0.004099401213152172,3,proportion
wrn28_10,GAIA_Z,CIFAR100,AUROC,0.5851315100000001,0.548050465,0.560530595,0.5645708566666667,0.01886779691231491,3,proportion
wrn28_10,GAIA_Z,CIFAR100,FPR95,0.8568,0.8765,0.878,0.8704333333333333,0.011830610015266878,3,proportion
wrn28_10,GAIA_Z,Tiny,AUROC,0.6275249903759785,0.5838147953291415,0.59347808931092,0.60160595833868,0.02296066155313146,3,proportion
wrn28_10,GAIA_Z,Tiny,FPR95,0.8235,0.8484,0.8536,0.8418333333333333,0.016088608806647444,3,proportion
wrn28_10,GradNorm,ID,accuracy,0.9314,0.9329,0.9304,0.9315666666666668,0.0012583057392117633,3,proportion
wrn28_10,GradNorm,ID,AURC,0.014188937351442369,0.012321309599902103,0.016619203415946214,0.014376483455763561,0.0021550760936524015,3,proportion
wrn28_10,GradNorm,CIFAR100,AUROC,0.819299335,0.81671605,0.80717539,0.8143969249999999,0.006386021152875594,3,proportion
wrn28_10,GradNorm,CIFAR100,FPR95,0.6324,0.6364,0.6684,0.6457333333333333,0.019731531449265007,3,proportion
wrn28_10,GradNorm,Tiny,AUROC,0.8479165084049787,0.8445285897600412,0.8353385153342743,0.8425945378330981,0.006508217502800311,3,proportion
wrn28_10,GradNorm,Tiny,FPR95,0.5282,0.558,0.5793,0.5551666666666667,0.02566755409721258,3,proportion
wrn28_10,Global_EDL,ID,accuracy,0.9314,0.9329,0.9304,0.9315666666666668,0.0012583057392117633,3,proportion
wrn28_10,Global_EDL,ID,AURC,0.009141776314333928,0.008894777758407855,0.011245594283165527,0.009760716118635769,0.0012918589103614747,3,proportion
wrn28_10,Global_EDL,CIFAR100,AUROC,0.8665512099999999,0.85931502,0.85579859,0.86055494,0.005482495820417856,3,proportion
wrn28_10,Global_EDL,CIFAR100,FPR95,0.5431,0.543,0.6141,0.5667333333333334,0.04102076709830438,3,proportion
wrn28_10,Global_EDL,Tiny,AUROC,0.8894894520723727,0.881629693314513,0.8802971384575901,0.8838054279481585,0.00496739602761481,3,proportion
wrn28_10,Global_EDL,Tiny,FPR95,0.415,0.4486,0.443,0.43553333333333333,0.018001481420520195,3,proportion
wrn28_10,C_EDL_Default,ID,accuracy,0.9317,0.9326,0.9257,0.93,0.003750999866702218,3,proportion
wrn28_10,C_EDL_Default,ID,AURC,0.008711931342737827,0.007917956440730659,0.009944879179504653,0.00885825565432438,0.0010213530488331279,3,proportion
wrn28_10,C_EDL_Default,CIFAR100,AUROC,0.8775392200000001,0.8715808600000001,0.8690312900000001,0.8727171233333335,0.004366295797725235,3,proportion
wrn28_10,C_EDL_Default,CIFAR100,FPR95,0.4491,0.4662,0.4774,0.46423333333333333,0.014252134343084661,3,proportion
wrn28_10,C_EDL_Default,Tiny,AUROC,0.8979035159758759,0.8925184781213911,0.8904431797767227,0.8936217246246633,0.0038505867976628737,3,proportion
wrn28_10,C_EDL_Default,Tiny,FPR95,0.3577,0.3719,0.4054,0.37833333333333335,0.02449210757230444,3,proportion
wrn28_10,C_EDL_Fixed_Dev_Tuned,ID,accuracy,0.9317,0.9326,0.9257,0.93,0.003750999866702218,3,proportion
wrn28_10,C_EDL_Fixed_Dev_Tuned,ID,AURC,0.008868601250253995,0.008024509365465135,0.010188719673327077,0.009027276763015403,0.0010907955825573104,3,proportion
wrn28_10,C_EDL_Fixed_Dev_Tuned,CIFAR100,AUROC,0.87765369,0.8715813299999999,0.86797103,0.8724020166666667,0.00489322195721119,3,proportion
wrn28_10,C_EDL_Fixed_Dev_Tuned,CIFAR100,FPR95,0.4501,0.4699,0.4842,0.46806666666666663,0.017123765162292245,3,proportion
wrn28_10,C_EDL_Fixed_Dev_Tuned,Tiny,AUROC,0.8980977928910561,0.8925395739766457,0.8896736173489027,0.8934369947388682,0.004283188813209688,3,proportion
wrn28_10,C_EDL_Fixed_Dev_Tuned,Tiny,FPR95,0.3628,0.362,0.4094,0.3780666666666666,0.02713841066336297,3,proportion
wrn28_10,Orbit_GOP,ID,accuracy,0.9314,0.9329,0.9304,0.9315666666666668,0.0012583057392117633,3,proportion
wrn28_10,Orbit_GOP,ID,AURC,0.009146972174475184,0.0089367919143743,0.011418872947498495,0.009834212345449326,0.0013763741690394889,3,proportion
wrn28_10,Orbit_GOP,CIFAR100,AUROC,0.86839529,0.8627371799999999,0.8607110800000001,0.8639478500000001,0.003982594910068069,3,proportion
wrn28_10,Orbit_GOP,CIFAR100,FPR95,0.5426,0.5342,0.5697,0.5488333333333334,0.018552717680526836,3,proportion
wrn28_10,Orbit_GOP,Tiny,AUROC,0.8915822918003337,0.8838506608494803,0.8839422558706531,0.8864584028401558,0.0044376543318684954,3,proportion
wrn28_10,Orbit_GOP,Tiny,FPR95,0.3937,0.4275,0.4481,0.4231,0.02746561486659274,3,proportion
