backbone,dataset,comparison,metric,mean,SD,n_models,CI_hierarchical_low,CI_hierarchical_high,replicates,analysis_role
resnet18,ID,Orbit_GOP - Global_EDL,AURC,-0.00035710878919831415,0.000283529838095266,3,-0.000854045602548347,7.518755624364431e-05,5000,supplementary training-variability sensitivity; not primary
resnet18,ID,Orbit_GOP - C_EDL_Default,AURC,-0.0004594988426156815,0.00016781409146874083,3,-0.0009394560265615062,-3.0644887796930426e-05,5000,supplementary training-variability sensitivity; not primary
resnet18,ID,Orbit_GOP - C_EDL_Fixed_Dev_Tuned,AURC,-0.00044595784210835123,0.00016216162698220668,3,-0.0008990629069748399,-4.1752610150424776e-05,5000,supplementary training-variability sensitivity; not primary
resnet18,CIFAR100,Orbit_GOP - Global_EDL,AUROC,0.006013623333333403,0.0009621296858705633,3,0.004948057249999994,0.0070268782499999915,5000,supplementary training-variability sensitivity; not primary
resnet18,CIFAR100,Orbit_GOP - Global_EDL,FPR95,-0.06109999999999999,0.008055432949258517,3,-0.07273333333333333,-0.047730833333333354,5000,supplementary training-variability sensitivity; not primary
resnet18,CIFAR100,Orbit_GOP - C_EDL_Default,AUROC,0.0008162766666666524,0.0006043860455316578,3,-0.00035839533333332694,0.0019602415833333475,5000,supplementary training-variability sensitivity; not primary
resnet18,CIFAR100,Orbit_GOP - C_EDL_Default,FPR95,-0.009500000000000008,0.009269843580125815,3,-0.021235833333333343,0.004133333333333323,5000,supplementary training-variability sensitivity; not primary
resnet18,CIFAR100,Orbit_GOP - C_EDL_Fixed_Dev_Tuned,AUROC,-0.00012527666666669232,0.0009155685612957458,3,-0.0014026110833333448,0.001150766666666655,5000,supplementary training-variability sensitivity; not primary
resnet18,CIFAR100,Orbit_GOP - C_EDL_Fixed_Dev_Tuned,FPR95,-0.005899999999999979,0.005864298764558304,3,-0.016499999999999997,0.007334166666666662,5000,supplementary training-variability sensitivity; not primary
resnet18,Tiny,Orbit_GOP - Global_EDL,AUROC,0.004447089268146631,0.00047272671522623113,3,0.00373532924847083,0.005147792677188939,5000,supplementary training-variability sensitivity; not primary
resnet18,Tiny,Orbit_GOP - Global_EDL,FPR95,-0.029233333333333333,0.005783885660465062,3,-0.03790000000000001,-0.02063333333333332,5000,supplementary training-variability sensitivity; not primary
resnet18,Tiny,Orbit_GOP - C_EDL_Default,AUROC,0.0007141066769323542,0.0014764386560574834,3,-0.001090345823174644,0.002282582552718252,5000,supplementary training-variability sensitivity; not primary
resnet18,Tiny,Orbit_GOP - C_EDL_Default,FPR95,-0.0032666666666666586,0.00608632346604527,3,-0.01469999999999999,0.00683333333333334,5000,supplementary training-variability sensitivity; not primary
resnet18,Tiny,Orbit_GOP - C_EDL_Fixed_Dev_Tuned,AUROC,-0.00010237820266049506,0.0014886381315214353,3,-0.0019014741862354966,0.0014351447880576725,5000,supplementary training-variability sensitivity; not primary
resnet18,Tiny,Orbit_GOP - C_EDL_Fixed_Dev_Tuned,FPR95,0.0009666666666666712,0.0036018513757973517,3,-0.007899999999999983,0.009066666666666648,5000,supplementary training-variability sensitivity; not primary
vgg16_bn,ID,Orbit_GOP - Global_EDL,AURC,-0.0026538833072526397,0.00048089630495505993,3,-0.0036691981708388255,-0.0016789750089260228,5000,supplementary training-variability sensitivity; not primary
vgg16_bn,ID,Orbit_GOP - C_EDL_Default,AURC,-0.00022978033969294336,0.000774048056131388,3,-0.001127195834469051,0.0008190159302224662,5000,supplementary training-variability sensitivity; not primary
vgg16_bn,ID,Orbit_GOP - C_EDL_Fixed_Dev_Tuned,AURC,-0.00042400547795932476,0.0008044173932504927,3,-0.0013760685330246863,0.0005725095238506458,5000,supplementary training-variability sensitivity; not primary
vgg16_bn,CIFAR100,Orbit_GOP - Global_EDL,AUROC,0.019084259999999964,0.0013816708188639842,3,0.01748420075000001,0.020614539250000032,5000,supplementary training-variability sensitivity; not primary
vgg16_bn,CIFAR100,Orbit_GOP - Global_EDL,FPR95,-0.20366666666666666,0.013930661625828558,3,-0.22043416666666668,-0.18633333333333332,5000,supplementary training-variability sensitivity; not primary
vgg16_bn,CIFAR100,Orbit_GOP - C_EDL_Default,AUROC,0.006311779999999952,0.0007362898967798234,3,0.004988118083333317,0.0076773670833333125,5000,supplementary training-variability sensitivity; not primary
vgg16_bn,CIFAR100,Orbit_GOP - C_EDL_Default,FPR95,-0.045066666666666665,0.005193585787616617,3,-0.05556833333333335,-0.03220000000000003,5000,supplementary training-variability sensitivity; not primary
vgg16_bn,CIFAR100,Orbit_GOP - C_EDL_Fixed_Dev_Tuned,AUROC,0.005894363333333301,0.000591354243100864,3,0.004696591666666705,0.007114421083333382,5000,supplementary training-variability sensitivity; not primary
vgg16_bn,CIFAR100,Orbit_GOP - C_EDL_Fixed_Dev_Tuned,FPR95,-0.05896666666666667,0.0013576941236277695,3,-0.06923416666666667,-0.046033333333333315,5000,supplementary training-variability sensitivity; not primary
vgg16_bn,Tiny,Orbit_GOP - Global_EDL,AUROC,0.0159534026262886,0.001588941264667505,3,0.014216554493348745,0.017652889665939506,5000,supplementary training-variability sensitivity; not primary
vgg16_bn,Tiny,Orbit_GOP - Global_EDL,FPR95,-0.17213333333333333,0.027367925265414855,3,-0.200005,-0.14163333333333336,5000,supplementary training-variability sensitivity; not primary
vgg16_bn,Tiny,Orbit_GOP - C_EDL_Default,AUROC,0.00522079644125073,0.0005954240325076686,3,0.003944152123700738,0.006467944202061717,5000,supplementary training-variability sensitivity; not primary
vgg16_bn,Tiny,Orbit_GOP - C_EDL_Default,FPR95,-0.03913333333333332,0.0013868429375143315,3,-0.05000083333333334,-0.0298325,5000,supplementary training-variability sensitivity; not primary
vgg16_bn,Tiny,Orbit_GOP - C_EDL_Fixed_Dev_Tuned,AUROC,0.004859450789169902,0.0006266890006076693,3,0.003643512019333599,0.006049973373540351,5000,supplementary training-variability sensitivity; not primary
vgg16_bn,Tiny,Orbit_GOP - C_EDL_Fixed_Dev_Tuned,FPR95,-0.045433333333333326,0.000750555349946527,3,-0.05583416666666668,-0.03566666666666666,5000,supplementary training-variability sensitivity; not primary
wrn28_10,ID,Orbit_GOP - Global_EDL,AURC,7.349622681355622e-05,8.835325605123005e-05,3,-0.00035455757289632654,0.0004897376965663815,5000,supplementary training-variability sensitivity; not primary
wrn28_10,ID,Orbit_GOP - C_EDL_Default,AURC,0.0009759566911249467,0.0005208020194197666,3,9.820688815790909e-05,0.0020010438333665755,5000,supplementary training-variability sensitivity; not primary
wrn28_10,ID,Orbit_GOP - C_EDL_Fixed_Dev_Tuned,AURC,0.000806935582433924,0.0004845574247995241,3,-2.3779776499831045e-05,0.0017375894289101302,5000,supplementary training-variability sensitivity; not primary
wrn28_10,CIFAR100,Orbit_GOP - Global_EDL,AUROC,0.003392910000000008,0.0015344141076970895,3,0.0018949116666666702,0.004929095916666706,5000,supplementary training-variability sensitivity; not primary
wrn28_10,CIFAR100,Orbit_GOP - Global_EDL,FPR95,-0.017900000000000027,0.023321878140492858,3,-0.04360083333333334,0.003067500000000019,5000,supplementary training-variability sensitivity; not primary
wrn28_10,CIFAR100,Orbit_GOP - C_EDL_Default,AUROC,-0.008769273333333438,0.0004168703918885788,3,-0.010031542999999987,-0.00748639933333333,5000,supplementary training-variability sensitivity; not primary
wrn28_10,CIFAR100,Orbit_GOP - C_EDL_Default,FPR95,0.0846,0.014388537104236817,3,0.06746416666666666,0.10350083333333335,5000,supplementary training-variability sensitivity; not primary
wrn28_10,CIFAR100,Orbit_GOP - C_EDL_Fixed_Dev_Tuned,AUROC,-0.008454166666666652,0.001054758669475377,3,-0.009881916083333315,-0.006957846666666639,5000,supplementary training-variability sensitivity; not primary
wrn28_10,CIFAR100,Orbit_GOP - C_EDL_Fixed_Dev_Tuned,FPR95,0.08076666666666665,0.014683777897167079,3,0.06173333333333336,0.09856833333333329,5000,supplementary training-variability sensitivity; not primary
wrn28_10,Tiny,Orbit_GOP - Global_EDL,AUROC,0.0026529748919970806,0.0008616056350282476,3,0.0017197767226998792,0.003706407566619604,5000,supplementary training-variability sensitivity; not primary
wrn28_10,Tiny,Orbit_GOP - Global_EDL,FPR95,-0.012433333333333333,0.015184641363342539,3,-0.026834166666666655,0.0021674999999999897,5000,supplementary training-variability sensitivity; not primary
wrn28_10,Tiny,Orbit_GOP - C_EDL_Default,AUROC,-0.007163321784507552,0.00130602565135622,3,-0.008958962423542494,-0.005585034860344739,5000,supplementary training-variability sensitivity; not primary
wrn28_10,Tiny,Orbit_GOP - C_EDL_Default,FPR95,0.044766666666666656,0.009962094826557983,3,0.02953333333333334,0.06303333333333332,5000,supplementary training-variability sensitivity; not primary
wrn28_10,Tiny,Orbit_GOP - C_EDL_Fixed_Dev_Tuned,AUROC,-0.00697859189871249,0.0015321937740817649,3,-0.008908740536378818,-0.005325990632619019,5000,supplementary training-variability sensitivity; not primary
wrn28_10,Tiny,Orbit_GOP - C_EDL_Fixed_Dev_Tuned,FPR95,0.045033333333333335,0.01814864549583063,3,0.026600000000000013,0.06413666666666665,5000,supplementary training-variability sensitivity; not primary
