backbone,seed,method,checkpoint_hash,config_hash,split_hash,dataset,AUROC,FPR95,AURC,accuracy,prediction_change_rate
resnet18,3,MSP,c707a65928b33be27fe181768c8c354999530bb193e8ab404b8b8b513adfedac,a58e437b6891b703435e7d949e884cdb8744a56cf43b8a9a008d8064ae80c510,47f6bddfef2e474baea8df9d49fee620168b1bbafebd4af635d77c66cf94fe5e,ID,NA,NA,0.011086611003538166,0.9288,0.0
resnet18,3,MSP,c707a65928b33be27fe181768c8c354999530bb193e8ab404b8b8b513adfedac,a58e437b6891b703435e7d949e884cdb8744a56cf43b8a9a008d8064ae80c510,47f6bddfef2e474baea8df9d49fee620168b1bbafebd4af635d77c66cf94fe5e,CIFAR100,0.8509477250000002,1.0,NA,NA,0.0
resnet18,3,MSP,c707a65928b33be27fe181768c8c354999530bb193e8ab404b8b8b513adfedac,a58e437b6891b703435e7d949e884cdb8744a56cf43b8a9a008d8064ae80c510,47f6bddfef2e474baea8df9d49fee620168b1bbafebd4af635d77c66cf94fe5e,Tiny,0.8748228923392791,1.0,NA,NA,0.0
resnet18,3,Predictive_Entropy,c707a65928b33be27fe181768c8c354999530bb193e8ab404b8b8b513adfedac,a58e437b6891b703435e7d949e884cdb8744a56cf43b8a9a008d8064ae80c510,47f6bddfef2e474baea8df9d49fee620168b1bbafebd4af635d77c66cf94fe5e,ID,NA,NA,0.008503828964405706,0.9288,0.0
resnet18,3,Predictive_Entropy,c707a65928b33be27fe181768c8c354999530bb193e8ab404b8b8b513adfedac,a58e437b6891b703435e7d949e884cdb8744a56cf43b8a9a008d8064ae80c510,47f6bddfef2e474baea8df9d49fee620168b1bbafebd4af635d77c66cf94fe5e,CIFAR100,0.8696958700000001,0.4719,NA,NA,0.0
resnet18,3,Predictive_Entropy,c707a65928b33be27fe181768c8c354999530bb193e8ab404b8b8b513adfedac,a58e437b6891b703435e7d949e884cdb8744a56cf43b8a9a008d8064ae80c510,47f6bddfef2e474baea8df9d49fee620168b1bbafebd4af635d77c66cf94fe5e,Tiny,0.8912135506223534,0.3783,NA,NA,0.0
resnet18,3,Energy,c707a65928b33be27fe181768c8c354999530bb193e8ab404b8b8b513adfedac,a58e437b6891b703435e7d949e884cdb8744a56cf43b8a9a008d8064ae80c510,47f6bddfef2e474baea8df9d49fee620168b1bbafebd4af635d77c66cf94fe5e,ID,NA,NA,0.008518220595965277,0.9288,0.0
resnet18,3,Energy,c707a65928b33be27fe181768c8c354999530bb193e8ab404b8b8b513adfedac,a58e437b6891b703435e7d949e884cdb8744a56cf43b8a9a008d8064ae80c510,47f6bddfef2e474baea8df9d49fee620168b1bbafebd4af635d77c66cf94fe5e,CIFAR100,0.869583155,0.4684,NA,NA,0.0
resnet18,3,Energy,c707a65928b33be27fe181768c8c354999530bb193e8ab404b8b8b513adfedac,a58e437b6891b703435e7d949e884cdb8744a56cf43b8a9a008d8064ae80c510,47f6bddfef2e474baea8df9d49fee620168b1bbafebd4af635d77c66cf94fe5e,Tiny,0.8911729372513795,0.3754,NA,NA,0.0
resnet18,3,ReAct_Energy,c707a65928b33be27fe181768c8c354999530bb193e8ab404b8b8b513adfedac,a58e437b6891b703435e7d949e884cdb8744a56cf43b8a9a008d8064ae80c510,47f6bddfef2e474baea8df9d49fee620168b1bbafebd4af635d77c66cf94fe5e,ID,NA,NA,0.012659898452150807,0.9282,0.0008
resnet18,3,ReAct_Energy,c707a65928b33be27fe181768c8c354999530bb193e8ab404b8b8b513adfedac,a58e437b6891b703435e7d949e884cdb8744a56cf43b8a9a008d8064ae80c510,47f6bddfef2e474baea8df9d49fee620168b1bbafebd4af635d77c66cf94fe5e,CIFAR100,0.8363775099999999,0.6548,NA,NA,0.0041
resnet18,3,ReAct_Energy,c707a65928b33be27fe181768c8c354999530bb193e8ab404b8b8b513adfedac,a58e437b6891b703435e7d949e884cdb8744a56cf43b8a9a008d8064ae80c510,47f6bddfef2e474baea8df9d49fee620168b1bbafebd4af635d77c66cf94fe5e,Tiny,0.8651400230976518,0.5765,NA,NA,0.006672654946747081
resnet18,3,KNN,c707a65928b33be27fe181768c8c354999530bb193e8ab404b8b8b513adfedac,a58e437b6891b703435e7d949e884cdb8744a56cf43b8a9a008d8064ae80c510,47f6bddfef2e474baea8df9d49fee620168b1bbafebd4af635d77c66cf94fe5e,ID,NA,NA,0.010387060334208983,0.9288,0.0
resnet18,3,KNN,c707a65928b33be27fe181768c8c354999530bb193e8ab404b8b8b513adfedac,a58e437b6891b703435e7d949e884cdb8744a56cf43b8a9a008d8064ae80c510,47f6bddfef2e474baea8df9d49fee620168b1bbafebd4af635d77c66cf94fe5e,CIFAR100,0.836618075,0.4837,NA,NA,0.0
resnet18,3,KNN,c707a65928b33be27fe181768c8c354999530bb193e8ab404b8b8b513adfedac,a58e437b6891b703435e7d949e884cdb8744a56cf43b8a9a008d8064ae80c510,47f6bddfef2e474baea8df9d49fee620168b1bbafebd4af635d77c66cf94fe5e,Tiny,0.846182644681124,0.402,NA,NA,0.0
resnet18,3,ViM,c707a65928b33be27fe181768c8c354999530bb193e8ab404b8b8b513adfedac,a58e437b6891b703435e7d949e884cdb8744a56cf43b8a9a008d8064ae80c510,47f6bddfef2e474baea8df9d49fee620168b1bbafebd4af635d77c66cf94fe5e,ID,NA,NA,0.010279609448391411,0.9288,0.0
resnet18,3,ViM,c707a65928b33be27fe181768c8c354999530bb193e8ab404b8b8b513adfedac,a58e437b6891b703435e7d949e884cdb8744a56cf43b8a9a008d8064ae80c510,47f6bddfef2e474baea8df9d49fee620168b1bbafebd4af635d77c66cf94fe5e,CIFAR100,0.8587038199999999,0.4986,NA,NA,0.0
resnet18,3,ViM,c707a65928b33be27fe181768c8c354999530bb193e8ab404b8b8b513adfedac,a58e437b6891b703435e7d949e884cdb8744a56cf43b8a9a008d8064ae80c510,47f6bddfef2e474baea8df9d49fee620168b1bbafebd4af635d77c66cf94fe5e,Tiny,0.8756713845759013,0.4067,NA,NA,0.0
resnet18,3,GAIA_Z,c707a65928b33be27fe181768c8c354999530bb193e8ab404b8b8b513adfedac,a58e437b6891b703435e7d949e884cdb8744a56cf43b8a9a008d8064ae80c510,47f6bddfef2e474baea8df9d49fee620168b1bbafebd4af635d77c66cf94fe5e,ID,NA,NA,0.02132191203704441,0.9288,0.0
resnet18,3,GAIA_Z,c707a65928b33be27fe181768c8c354999530bb193e8ab404b8b8b513adfedac,a58e437b6891b703435e7d949e884cdb8744a56cf43b8a9a008d8064ae80c510,47f6bddfef2e474baea8df9d49fee620168b1bbafebd4af635d77c66cf94fe5e,CIFAR100,0.81478933,0.684,NA,NA,0.0
resnet18,3,GAIA_Z,c707a65928b33be27fe181768c8c354999530bb193e8ab404b8b8b513adfedac,a58e437b6891b703435e7d949e884cdb8744a56cf43b8a9a008d8064ae80c510,47f6bddfef2e474baea8df9d49fee620168b1bbafebd4af635d77c66cf94fe5e,Tiny,0.8480248171435905,0.5624,NA,NA,0.0
resnet18,3,GradNorm,c707a65928b33be27fe181768c8c354999530bb193e8ab404b8b8b513adfedac,a58e437b6891b703435e7d949e884cdb8744a56cf43b8a9a008d8064ae80c510,47f6bddfef2e474baea8df9d49fee620168b1bbafebd4af635d77c66cf94fe5e,ID,NA,NA,0.011014979723099269,0.9288,0.0
resnet18,3,GradNorm,c707a65928b33be27fe181768c8c354999530bb193e8ab404b8b8b513adfedac,a58e437b6891b703435e7d949e884cdb8744a56cf43b8a9a008d8064ae80c510,47f6bddfef2e474baea8df9d49fee620168b1bbafebd4af635d77c66cf94fe5e,CIFAR100,0.8543526650000001,0.5551,NA,NA,0.0
resnet18,3,GradNorm,c707a65928b33be27fe181768c8c354999530bb193e8ab404b8b8b513adfedac,a58e437b6891b703435e7d949e884cdb8744a56cf43b8a9a008d8064ae80c510,47f6bddfef2e474baea8df9d49fee620168b1bbafebd4af635d77c66cf94fe5e,Tiny,0.8825835429231361,0.424,NA,NA,0.0
resnet18,3,Global_EDL,c707a65928b33be27fe181768c8c354999530bb193e8ab404b8b8b513adfedac,a58e437b6891b703435e7d949e884cdb8744a56cf43b8a9a008d8064ae80c510,47f6bddfef2e474baea8df9d49fee620168b1bbafebd4af635d77c66cf94fe5e,ID,NA,NA,0.008521926981512927,0.9288,0.0
resnet18,3,Global_EDL,c707a65928b33be27fe181768c8c354999530bb193e8ab404b8b8b513adfedac,a58e437b6891b703435e7d949e884cdb8744a56cf43b8a9a008d8064ae80c510,47f6bddfef2e474baea8df9d49fee620168b1bbafebd4af635d77c66cf94fe5e,CIFAR100,0.8696286999999998,0.4693,NA,NA,0.0
resnet18,3,Global_EDL,c707a65928b33be27fe181768c8c354999530bb193e8ab404b8b8b513adfedac,a58e437b6891b703435e7d949e884cdb8744a56cf43b8a9a008d8064ae80c510,47f6bddfef2e474baea8df9d49fee620168b1bbafebd4af635d77c66cf94fe5e,Tiny,0.8912313614782497,0.3754,NA,NA,0.0
resnet18,3,C_EDL_Default,c707a65928b33be27fe181768c8c354999530bb193e8ab404b8b8b513adfedac,a58e437b6891b703435e7d949e884cdb8744a56cf43b8a9a008d8064ae80c510,47f6bddfef2e474baea8df9d49fee620168b1bbafebd4af635d77c66cf94fe5e,ID,NA,NA,0.008746264906977929,0.9272,0.0211
resnet18,3,C_EDL_Default,c707a65928b33be27fe181768c8c354999530bb193e8ab404b8b8b513adfedac,a58e437b6891b703435e7d949e884cdb8744a56cf43b8a9a008d8064ae80c510,47f6bddfef2e474baea8df9d49fee620168b1bbafebd4af635d77c66cf94fe5e,CIFAR100,0.8751478699999999,0.4141,NA,NA,0.1429
resnet18,3,C_EDL_Default,c707a65928b33be27fe181768c8c354999530bb193e8ab404b8b8b513adfedac,a58e437b6891b703435e7d949e884cdb8744a56cf43b8a9a008d8064ae80c510,47f6bddfef2e474baea8df9d49fee620168b1bbafebd4af635d77c66cf94fe5e,Tiny,0.8946484280764787,0.3442,NA,NA,0.1743872706274862
resnet18,3,C_EDL_Fixed_Dev_Tuned,c707a65928b33be27fe181768c8c354999530bb193e8ab404b8b8b513adfedac,a58e437b6891b703435e7d949e884cdb8744a56cf43b8a9a008d8064ae80c510,47f6bddfef2e474baea8df9d49fee620168b1bbafebd4af635d77c66cf94fe5e,ID,NA,NA,0.008710309961390692,0.9272,0.0211
resnet18,3,C_EDL_Fixed_Dev_Tuned,c707a65928b33be27fe181768c8c354999530bb193e8ab404b8b8b513adfedac,a58e437b6891b703435e7d949e884cdb8744a56cf43b8a9a008d8064ae80c510,47f6bddfef2e474baea8df9d49fee620168b1bbafebd4af635d77c66cf94fe5e,CIFAR100,0.8756978100000001,0.4079,NA,NA,0.1429
resnet18,3,C_EDL_Fixed_Dev_Tuned,c707a65928b33be27fe181768c8c354999530bb193e8ab404b8b8b513adfedac,a58e437b6891b703435e7d949e884cdb8744a56cf43b8a9a008d8064ae80c510,47f6bddfef2e474baea8df9d49fee620168b1bbafebd4af635d77c66cf94fe5e,Tiny,0.8951458745027588,0.3406,NA,NA,0.1743872706274862
resnet18,3,Orbit_GOP,c707a65928b33be27fe181768c8c354999530bb193e8ab404b8b8b513adfedac,a58e437b6891b703435e7d949e884cdb8744a56cf43b8a9a008d8064ae80c510,47f6bddfef2e474baea8df9d49fee620168b1bbafebd4af635d77c66cf94fe5e,ID,NA,NA,0.008390910548666244,0.9288,0.0
resnet18,3,Orbit_GOP,c707a65928b33be27fe181768c8c354999530bb193e8ab404b8b8b513adfedac,a58e437b6891b703435e7d949e884cdb8744a56cf43b8a9a008d8064ae80c510,47f6bddfef2e474baea8df9d49fee620168b1bbafebd4af635d77c66cf94fe5e,CIFAR100,0.87651445,0.3995,NA,NA,0.0
resnet18,3,Orbit_GOP,c707a65928b33be27fe181768c8c354999530bb193e8ab404b8b8b513adfedac,a58e437b6891b703435e7d949e884cdb8744a56cf43b8a9a008d8064ae80c510,47f6bddfef2e474baea8df9d49fee620168b1bbafebd4af635d77c66cf94fe5e,Tiny,0.8959480816117027,0.3417,NA,NA,0.0
resnet18,4,MSP,2bed15e869ed32c85114925a9b1f599c2b403f8ac8933cdf39649b99d3f328af,a58e437b6891b703435e7d949e884cdb8744a56cf43b8a9a008d8064ae80c510,47f6bddfef2e474baea8df9d49fee620168b1bbafebd4af635d77c66cf94fe5e,ID,NA,NA,0.011240371038874625,0.9343,0.0
resnet18,4,MSP,2bed15e869ed32c85114925a9b1f599c2b403f8ac8933cdf39649b99d3f328af,a58e437b6891b703435e7d949e884cdb8744a56cf43b8a9a008d8064ae80c510,47f6bddfef2e474baea8df9d49fee620168b1bbafebd4af635d77c66cf94fe5e,CIFAR100,0.8543522149999998,1.0,NA,NA,0.0
resnet18,4,MSP,2bed15e869ed32c85114925a9b1f599c2b403f8ac8933cdf39649b99d3f328af,a58e437b6891b703435e7d949e884cdb8744a56cf43b8a9a008d8064ae80c510,47f6bddfef2e474baea8df9d49fee620168b1bbafebd4af635d77c66cf94fe5e,Tiny,0.8760202874374438,1.0,NA,NA,0.0
resnet18,4,Predictive_Entropy,2bed15e869ed32c85114925a9b1f599c2b403f8ac8933cdf39649b99d3f328af,a58e437b6891b703435e7d949e884cdb8744a56cf43b8a9a008d8064ae80c510,47f6bddfef2e474baea8df9d49fee620168b1bbafebd4af635d77c66cf94fe5e,ID,NA,NA,0.008811972711621052,0.9343,0.0
resnet18,4,Predictive_Entropy,2bed15e869ed32c85114925a9b1f599c2b403f8ac8933cdf39649b99d3f328af,a58e437b6891b703435e7d949e884cdb8744a56cf43b8a9a008d8064ae80c510,47f6bddfef2e474baea8df9d49fee620168b1bbafebd4af635d77c66cf94fe5e,CIFAR100,0.8736832600000001,0.4454,NA,NA,0.0
resnet18,4,Predictive_Entropy,2bed15e869ed32c85114925a9b1f599c2b403f8ac8933cdf39649b99d3f328af,a58e437b6891b703435e7d949e884cdb8744a56cf43b8a9a008d8064ae80c510,47f6bddfef2e474baea8df9d49fee620168b1bbafebd4af635d77c66cf94fe5e,Tiny,0.8926206852303349,0.3545,NA,NA,0.0
resnet18,4,Energy,2bed15e869ed32c85114925a9b1f599c2b403f8ac8933cdf39649b99d3f328af,a58e437b6891b703435e7d949e884cdb8744a56cf43b8a9a008d8064ae80c510,47f6bddfef2e474baea8df9d49fee620168b1bbafebd4af635d77c66cf94fe5e,ID,NA,NA,0.00882637834461298,0.9343,0.0
resnet18,4,Energy,2bed15e869ed32c85114925a9b1f599c2b403f8ac8933cdf39649b99d3f328af,a58e437b6891b703435e7d949e884cdb8744a56cf43b8a9a008d8064ae80c510,47f6bddfef2e474baea8df9d49fee620168b1bbafebd4af635d77c66cf94fe5e,CIFAR100,0.873798035,0.447,NA,NA,0.0
resnet18,4,Energy,2bed15e869ed32c85114925a9b1f599c2b403f8ac8933cdf39649b99d3f328af,a58e437b6891b703435e7d949e884cdb8744a56cf43b8a9a008d8064ae80c510,47f6bddfef2e474baea8df9d49fee620168b1bbafebd4af635d77c66cf94fe5e,Tiny,0.8931267547799308,0.3537,NA,NA,0.0
resnet18,4,ReAct_Energy,2bed15e869ed32c85114925a9b1f599c2b403f8ac8933cdf39649b99d3f328af,a58e437b6891b703435e7d949e884cdb8744a56cf43b8a9a008d8064ae80c510,47f6bddfef2e474baea8df9d49fee620168b1bbafebd4af635d77c66cf94fe5e,ID,NA,NA,0.011786655399005511,0.9341,0.0006
resnet18,4,ReAct_Energy,2bed15e869ed32c85114925a9b1f599c2b403f8ac8933cdf39649b99d3f328af,a58e437b6891b703435e7d949e884cdb8744a56cf43b8a9a008d8064ae80c510,47f6bddfef2e474baea8df9d49fee620168b1bbafebd4af635d77c66cf94fe5e,CIFAR100,0.84847325,0.6153,NA,NA,0.0052
resnet18,4,ReAct_Energy,2bed15e869ed32c85114925a9b1f599c2b403f8ac8933cdf39649b99d3f328af,a58e437b6891b703435e7d949e884cdb8744a56cf43b8a9a008d8064ae80c510,47f6bddfef2e474baea8df9d49fee620168b1bbafebd4af635d77c66cf94fe5e,Tiny,0.876290735275247,0.5445,NA,NA,0.006031053509559861
resnet18,4,KNN,2bed15e869ed32c85114925a9b1f599c2b403f8ac8933cdf39649b99d3f328af,a58e437b6891b703435e7d949e884cdb8744a56cf43b8a9a008d8064ae80c510,47f6bddfef2e474baea8df9d49fee620168b1bbafebd4af635d77c66cf94fe5e,ID,NA,NA,0.01061437013000921,0.9343,0.0
resnet18,4,KNN,2bed15e869ed32c85114925a9b1f599c2b403f8ac8933cdf39649b99d3f328af,a58e437b6891b703435e7d949e884cdb8744a56cf43b8a9a008d8064ae80c510,47f6bddfef2e474baea8df9d49fee620168b1bbafebd4af635d77c66cf94fe5e,CIFAR100,0.83942562,0.4752,NA,NA,0.0
resnet18,4,KNN,2bed15e869ed32c85114925a9b1f599c2b403f8ac8933cdf39649b99d3f328af,a58e437b6891b703435e7d949e884cdb8744a56cf43b8a9a008d8064ae80c510,47f6bddfef2e474baea8df9d49fee620168b1bbafebd4af635d77c66cf94fe5e,Tiny,0.8503638778390863,0.3947,NA,NA,0.0
resnet18,4,ViM,2bed15e869ed32c85114925a9b1f599c2b403f8ac8933cdf39649b99d3f328af,a58e437b6891b703435e7d949e884cdb8744a56cf43b8a9a008d8064ae80c510,47f6bddfef2e474baea8df9d49fee620168b1bbafebd4af635d77c66cf94fe5e,ID,NA,NA,0.009762664994522214,0.9343,0.0
resnet18,4,ViM,2bed15e869ed32c85114925a9b1f599c2b403f8ac8933cdf39649b99d3f328af,a58e437b6891b703435e7d949e884cdb8744a56cf43b8a9a008d8064ae80c510,47f6bddfef2e474baea8df9d49fee620168b1bbafebd4af635d77c66cf94fe5e,CIFAR100,0.86234504,0.4816,NA,NA,0.0
resnet18,4,ViM,2bed15e869ed32c85114925a9b1f599c2b403f8ac8933cdf39649b99d3f328af,a58e437b6891b703435e7d949e884cdb8744a56cf43b8a9a008d8064ae80c510,47f6bddfef2e474baea8df9d49fee620168b1bbafebd4af635d77c66cf94fe5e,Tiny,0.8782164506608495,0.4073,NA,NA,0.0
resnet18,4,GAIA_Z,2bed15e869ed32c85114925a9b1f599c2b403f8ac8933cdf39649b99d3f328af,a58e437b6891b703435e7d949e884cdb8744a56cf43b8a9a008d8064ae80c510,47f6bddfef2e474baea8df9d49fee620168b1bbafebd4af635d77c66cf94fe5e,ID,NA,NA,0.01889496767166622,0.9343,0.0
resnet18,4,GAIA_Z,2bed15e869ed32c85114925a9b1f599c2b403f8ac8933cdf39649b99d3f328af,a58e437b6891b703435e7d949e884cdb8744a56cf43b8a9a008d8064ae80c510,47f6bddfef2e474baea8df9d49fee620168b1bbafebd4af635d77c66cf94fe5e,CIFAR100,0.8124297999999999,0.6557,NA,NA,0.0
resnet18,4,GAIA_Z,2bed15e869ed32c85114925a9b1f599c2b403f8ac8933cdf39649b99d3f328af,a58e437b6891b703435e7d949e884cdb8744a56cf43b8a9a008d8064ae80c510,47f6bddfef2e474baea8df9d49fee620168b1bbafebd4af635d77c66cf94fe5e,Tiny,0.8523074297446427,0.5265,NA,NA,0.0
resnet18,4,GradNorm,2bed15e869ed32c85114925a9b1f599c2b403f8ac8933cdf39649b99d3f328af,a58e437b6891b703435e7d949e884cdb8744a56cf43b8a9a008d8064ae80c510,47f6bddfef2e474baea8df9d49fee620168b1bbafebd4af635d77c66cf94fe5e,ID,NA,NA,0.009560064536132737,0.9343,0.0
resnet18,4,GradNorm,2bed15e869ed32c85114925a9b1f599c2b403f8ac8933cdf39649b99d3f328af,a58e437b6891b703435e7d949e884cdb8744a56cf43b8a9a008d8064ae80c510,47f6bddfef2e474baea8df9d49fee620168b1bbafebd4af635d77c66cf94fe5e,CIFAR100,0.87125966,0.4716,NA,NA,0.0
resnet18,4,GradNorm,2bed15e869ed32c85114925a9b1f599c2b403f8ac8933cdf39649b99d3f328af,a58e437b6891b703435e7d949e884cdb8744a56cf43b8a9a008d8064ae80c510,47f6bddfef2e474baea8df9d49fee620168b1bbafebd4af635d77c66cf94fe5e,Tiny,0.8938737456691902,0.3668,NA,NA,0.0
resnet18,4,Global_EDL,2bed15e869ed32c85114925a9b1f599c2b403f8ac8933cdf39649b99d3f328af,a58e437b6891b703435e7d949e884cdb8744a56cf43b8a9a008d8064ae80c510,47f6bddfef2e474baea8df9d49fee620168b1bbafebd4af635d77c66cf94fe5e,ID,NA,NA,0.00883570378572308,0.9343,0.0
resnet18,4,Global_EDL,2bed15e869ed32c85114925a9b1f599c2b403f8ac8933cdf39649b99d3f328af,a58e437b6891b703435e7d949e884cdb8744a56cf43b8a9a008d8064ae80c510,47f6bddfef2e474baea8df9d49fee620168b1bbafebd4af635d77c66cf94fe5e,CIFAR100,0.8739102,0.4466,NA,NA,0.0
resnet18,4,Global_EDL,2bed15e869ed32c85114925a9b1f599c2b403f8ac8933cdf39649b99d3f328af,a58e437b6891b703435e7d949e884cdb8744a56cf43b8a9a008d8064ae80c510,47f6bddfef2e474baea8df9d49fee620168b1bbafebd4af635d77c66cf94fe5e,Tiny,0.8932907096111895,0.3538,NA,NA,0.0
resnet18,4,C_EDL_Default,2bed15e869ed32c85114925a9b1f599c2b403f8ac8933cdf39649b99d3f328af,a58e437b6891b703435e7d949e884cdb8744a56cf43b8a9a008d8064ae80c510,47f6bddfef2e474baea8df9d49fee620168b1bbafebd4af635d77c66cf94fe5e,ID,NA,NA,0.008813573687773489,0.9317,0.026
resnet18,4,C_EDL_Default,2bed15e869ed32c85114925a9b1f599c2b403f8ac8933cdf39649b99d3f328af,a58e437b6891b703435e7d949e884cdb8744a56cf43b8a9a008d8064ae80c510,47f6bddfef2e474baea8df9d49fee620168b1bbafebd4af635d77c66cf94fe5e,CIFAR100,0.8787223100000001,0.4078,NA,NA,0.1459
resnet18,4,C_EDL_Default,2bed15e869ed32c85114925a9b1f599c2b403f8ac8933cdf39649b99d3f328af,a58e437b6891b703435e7d949e884cdb8744a56cf43b8a9a008d8064ae80c510,47f6bddfef2e474baea8df9d49fee620168b1bbafebd4af635d77c66cf94fe5e,Tiny,0.8981572436802259,0.3287,NA,NA,0.16309508533299114
resnet18,4,C_EDL_Fixed_Dev_Tuned,2bed15e869ed32c85114925a9b1f599c2b403f8ac8933cdf39649b99d3f328af,a58e437b6891b703435e7d949e884cdb8744a56cf43b8a9a008d8064ae80c510,47f6bddfef2e474baea8df9d49fee620168b1bbafebd4af635d77c66cf94fe5e,ID,NA,NA,0.008789236910388758,0.9317,0.026
resnet18,4,C_EDL_Fixed_Dev_Tuned,2bed15e869ed32c85114925a9b1f599c2b403f8ac8933cdf39649b99d3f328af,a58e437b6891b703435e7d949e884cdb8744a56cf43b8a9a008d8064ae80c510,47f6bddfef2e474baea8df9d49fee620168b1bbafebd4af635d77c66cf94fe5e,CIFAR100,0.87990374,0.4028,NA,NA,0.1459
resnet18,4,C_EDL_Fixed_Dev_Tuned,2bed15e869ed32c85114925a9b1f599c2b403f8ac8933cdf39649b99d3f328af,a58e437b6891b703435e7d949e884cdb8744a56cf43b8a9a008d8064ae80c510,47f6bddfef2e474baea8df9d49fee620168b1bbafebd4af635d77c66cf94fe5e,Tiny,0.8990124598999102,0.3266,NA,NA,0.16309508533299114
resnet18,4,Orbit_GOP,2bed15e869ed32c85114925a9b1f599c2b403f8ac8933cdf39649b99d3f328af,a58e437b6891b703435e7d949e884cdb8744a56cf43b8a9a008d8064ae80c510,47f6bddfef2e474baea8df9d49fee620168b1bbafebd4af635d77c66cf94fe5e,ID,NA,NA,0.008160485769776437,0.9343,0.0
resnet18,4,Orbit_GOP,2bed15e869ed32c85114925a9b1f599c2b403f8ac8933cdf39649b99d3f328af,a58e437b6891b703435e7d949e884cdb8744a56cf43b8a9a008d8064ae80c510,47f6bddfef2e474baea8df9d49fee620168b1bbafebd4af635d77c66cf94fe5e,CIFAR100,0.87889174,0.3927,NA,NA,0.0
resnet18,4,Orbit_GOP,2bed15e869ed32c85114925a9b1f599c2b403f8ac8933cdf39649b99d3f328af,a58e437b6891b703435e7d949e884cdb8744a56cf43b8a9a008d8064ae80c510,47f6bddfef2e474baea8df9d49fee620168b1bbafebd4af635d77c66cf94fe5e,Tiny,0.8971919543179777,0.3311,NA,NA,0.0
resnet18,5,MSP,debc09a31e8f3e09da508898d0c18827a6dab87a673b840fbff66a5733f6a3e3,a58e437b6891b703435e7d949e884cdb8744a56cf43b8a9a008d8064ae80c510,47f6bddfef2e474baea8df9d49fee620168b1bbafebd4af635d77c66cf94fe5e,ID,NA,NA,0.011278476730605332,0.9306,0.0
resnet18,5,MSP,debc09a31e8f3e09da508898d0c18827a6dab87a673b840fbff66a5733f6a3e3,a58e437b6891b703435e7d949e884cdb8744a56cf43b8a9a008d8064ae80c510,47f6bddfef2e474baea8df9d49fee620168b1bbafebd4af635d77c66cf94fe5e,CIFAR100,0.8501110150000001,1.0,NA,NA,0.0
resnet18,5,MSP,debc09a31e8f3e09da508898d0c18827a6dab87a673b840fbff66a5733f6a3e3,a58e437b6891b703435e7d949e884cdb8744a56cf43b8a9a008d8064ae80c510,47f6bddfef2e474baea8df9d49fee620168b1bbafebd4af635d77c66cf94fe5e,Tiny,0.8723299820351599,1.0,NA,NA,0.0
resnet18,5,Predictive_Entropy,debc09a31e8f3e09da508898d0c18827a6dab87a673b840fbff66a5733f6a3e3,a58e437b6891b703435e7d949e884cdb8744a56cf43b8a9a008d8064ae80c510,47f6bddfef2e474baea8df9d49fee620168b1bbafebd4af635d77c66cf94fe5e,ID,NA,NA,0.007892111489016956,0.9306,0.0
resnet18,5,Predictive_Entropy,debc09a31e8f3e09da508898d0c18827a6dab87a673b840fbff66a5733f6a3e3,a58e437b6891b703435e7d949e884cdb8744a56cf43b8a9a008d8064ae80c510,47f6bddfef2e474baea8df9d49fee620168b1bbafebd4af635d77c66cf94fe5e,CIFAR100,0.86907563,0.4721,NA,NA,0.0
resnet18,5,Predictive_Entropy,debc09a31e8f3e09da508898d0c18827a6dab87a673b840fbff66a5733f6a3e3,a58e437b6891b703435e7d949e884cdb8744a56cf43b8a9a008d8064ae80c510,47f6bddfef2e474baea8df9d49fee620168b1bbafebd4af635d77c66cf94fe5e,Tiny,0.8898347234697807,0.369,NA,NA,0.0
resnet18,5,Energy,debc09a31e8f3e09da508898d0c18827a6dab87a673b840fbff66a5733f6a3e3,a58e437b6891b703435e7d949e884cdb8744a56cf43b8a9a008d8064ae80c510,47f6bddfef2e474baea8df9d49fee620168b1bbafebd4af635d77c66cf94fe5e,ID,NA,NA,0.007932228226638124,0.9306,0.0
resnet18,5,Energy,debc09a31e8f3e09da508898d0c18827a6dab87a673b840fbff66a5733f6a3e3,a58e437b6891b703435e7d949e884cdb8744a56cf43b8a9a008d8064ae80c510,47f6bddfef2e474baea8df9d49fee620168b1bbafebd4af635d77c66cf94fe5e,CIFAR100,0.8688849399999999,0.4725,NA,NA,0.0
resnet18,5,Energy,debc09a31e8f3e09da508898d0c18827a6dab87a673b840fbff66a5733f6a3e3,a58e437b6891b703435e7d949e884cdb8744a56cf43b8a9a008d8064ae80c510,47f6bddfef2e474baea8df9d49fee620168b1bbafebd4af635d77c66cf94fe5e,Tiny,0.8893647760810983,0.3702,NA,NA,0.0
resnet18,5,ReAct_Energy,debc09a31e8f3e09da508898d0c18827a6dab87a673b840fbff66a5733f6a3e3,a58e437b6891b703435e7d949e884cdb8744a56cf43b8a9a008d8064ae80c510,47f6bddfef2e474baea8df9d49fee620168b1bbafebd4af635d77c66cf94fe5e,ID,NA,NA,0.012155696256820475,0.9312,0.0009
resnet18,5,ReAct_Energy,debc09a31e8f3e09da508898d0c18827a6dab87a673b840fbff66a5733f6a3e3,a58e437b6891b703435e7d949e884cdb8744a56cf43b8a9a008d8064ae80c510,47f6bddfef2e474baea8df9d49fee620168b1bbafebd4af635d77c66cf94fe5e,CIFAR100,0.83522206,0.6486,NA,NA,0.0102
resnet18,5,ReAct_Energy,debc09a31e8f3e09da508898d0c18827a6dab87a673b840fbff66a5733f6a3e3,a58e437b6891b703435e7d949e884cdb8744a56cf43b8a9a008d8064ae80c510,47f6bddfef2e474baea8df9d49fee620168b1bbafebd4af635d77c66cf94fe5e,Tiny,0.8615683947132041,0.5827,NA,NA,0.010650583857307841
resnet18,5,KNN,debc09a31e8f3e09da508898d0c18827a6dab87a673b840fbff66a5733f6a3e3,a58e437b6891b703435e7d949e884cdb8744a56cf43b8a9a008d8064ae80c510,47f6bddfef2e474baea8df9d49fee620168b1bbafebd4af635d77c66cf94fe5e,ID,NA,NA,0.009814329769716067,0.9306,0.0
resnet18,5,KNN,debc09a31e8f3e09da508898d0c18827a6dab87a673b840fbff66a5733f6a3e3,a58e437b6891b703435e7d949e884cdb8744a56cf43b8a9a008d8064ae80c510,47f6bddfef2e474baea8df9d49fee620168b1bbafebd4af635d77c66cf94fe5e,CIFAR100,0.83455305,0.495,NA,NA,0.0
resnet18,5,KNN,debc09a31e8f3e09da508898d0c18827a6dab87a673b840fbff66a5733f6a3e3,a58e437b6891b703435e7d949e884cdb8744a56cf43b8a9a008d8064ae80c510,47f6bddfef2e474baea8df9d49fee620168b1bbafebd4af635d77c66cf94fe5e,Tiny,0.8472632298216347,0.4041,NA,NA,0.0
resnet18,5,ViM,debc09a31e8f3e09da508898d0c18827a6dab87a673b840fbff66a5733f6a3e3,a58e437b6891b703435e7d949e884cdb8744a56cf43b8a9a008d8064ae80c510,47f6bddfef2e474baea8df9d49fee620168b1bbafebd4af635d77c66cf94fe5e,ID,NA,NA,0.00935233738252939,0.9306,0.0
resnet18,5,ViM,debc09a31e8f3e09da508898d0c18827a6dab87a673b840fbff66a5733f6a3e3,a58e437b6891b703435e7d949e884cdb8744a56cf43b8a9a008d8064ae80c510,47f6bddfef2e474baea8df9d49fee620168b1bbafebd4af635d77c66cf94fe5e,CIFAR100,0.85371485,0.5443,NA,NA,0.0
resnet18,5,ViM,debc09a31e8f3e09da508898d0c18827a6dab87a673b840fbff66a5733f6a3e3,a58e437b6891b703435e7d949e884cdb8744a56cf43b8a9a008d8064ae80c510,47f6bddfef2e474baea8df9d49fee620168b1bbafebd4af635d77c66cf94fe5e,Tiny,0.8707054792762736,0.4479,NA,NA,0.0
resnet18,5,GAIA_Z,debc09a31e8f3e09da508898d0c18827a6dab87a673b840fbff66a5733f6a3e3,a58e437b6891b703435e7d949e884cdb8744a56cf43b8a9a008d8064ae80c510,47f6bddfef2e474baea8df9d49fee620168b1bbafebd4af635d77c66cf94fe5e,ID,NA,NA,0.02267938918461199,0.9306,0.0
resnet18,5,GAIA_Z,debc09a31e8f3e09da508898d0c18827a6dab87a673b840fbff66a5733f6a3e3,a58e437b6891b703435e7d949e884cdb8744a56cf43b8a9a008d8064ae80c510,47f6bddfef2e474baea8df9d49fee620168b1bbafebd4af635d77c66cf94fe5e,CIFAR100,0.7929619049999999,0.7484,NA,NA,0.0
resnet18,5,GAIA_Z,debc09a31e8f3e09da508898d0c18827a6dab87a673b840fbff66a5733f6a3e3,a58e437b6891b703435e7d949e884cdb8744a56cf43b8a9a008d8064ae80c510,47f6bddfef2e474baea8df9d49fee620168b1bbafebd4af635d77c66cf94fe5e,Tiny,0.8294530540228411,0.6846,NA,NA,0.0
resnet18,5,GradNorm,debc09a31e8f3e09da508898d0c18827a6dab87a673b840fbff66a5733f6a3e3,a58e437b6891b703435e7d949e884cdb8744a56cf43b8a9a008d8064ae80c510,47f6bddfef2e474baea8df9d49fee620168b1bbafebd4af635d77c66cf94fe5e,ID,NA,NA,0.010123356643445774,0.9306,0.0
resnet18,5,GradNorm,debc09a31e8f3e09da508898d0c18827a6dab87a673b840fbff66a5733f6a3e3,a58e437b6891b703435e7d949e884cdb8744a56cf43b8a9a008d8064ae80c510,47f6bddfef2e474baea8df9d49fee620168b1bbafebd4af635d77c66cf94fe5e,CIFAR100,0.8606820650000001,0.521,NA,NA,0.0
resnet18,5,GradNorm,debc09a31e8f3e09da508898d0c18827a6dab87a673b840fbff66a5733f6a3e3,a58e437b6891b703435e7d949e884cdb8744a56cf43b8a9a008d8064ae80c510,47f6bddfef2e474baea8df9d49fee620168b1bbafebd4af635d77c66cf94fe5e,Tiny,0.8863887527268061,0.4338,NA,NA,0.0
resnet18,5,Global_EDL,debc09a31e8f3e09da508898d0c18827a6dab87a673b840fbff66a5733f6a3e3,a58e437b6891b703435e7d949e884cdb8744a56cf43b8a9a008d8064ae80c510,47f6bddfef2e474baea8df9d49fee620168b1bbafebd4af635d77c66cf94fe5e,ID,NA,NA,0.007944821939748402,0.9306,0.0
resnet18,5,Global_EDL,debc09a31e8f3e09da508898d0c18827a6dab87a673b840fbff66a5733f6a3e3,a58e437b6891b703435e7d949e884cdb8744a56cf43b8a9a008d8064ae80c510,47f6bddfef2e474baea8df9d49fee620168b1bbafebd4af635d77c66cf94fe5e,CIFAR100,0.86898214,0.4729,NA,NA,0.0
resnet18,5,Global_EDL,debc09a31e8f3e09da508898d0c18827a6dab87a673b840fbff66a5733f6a3e3,a58e437b6891b703435e7d949e884cdb8744a56cf43b8a9a008d8064ae80c510,47f6bddfef2e474baea8df9d49fee620168b1bbafebd4af635d77c66cf94fe5e,Tiny,0.8894577441293469,0.3705,NA,NA,0.0
resnet18,5,C_EDL_Default,debc09a31e8f3e09da508898d0c18827a6dab87a673b840fbff66a5733f6a3e3,a58e437b6891b703435e7d949e884cdb8744a56cf43b8a9a008d8064ae80c510,47f6bddfef2e474baea8df9d49fee620168b1bbafebd4af635d77c66cf94fe5e,ID,NA,NA,0.008049784272485094,0.9268,0.0259
resnet18,5,C_EDL_Default,debc09a31e8f3e09da508898d0c18827a6dab87a673b840fbff66a5733f6a3e3,a58e437b6891b703435e7d949e884cdb8744a56cf43b8a9a008d8064ae80c510,47f6bddfef2e474baea8df9d49fee620168b1bbafebd4af635d77c66cf94fe5e,CIFAR100,0.8742428999999999,0.4121,NA,NA,0.1456
resnet18,5,C_EDL_Default,debc09a31e8f3e09da508898d0c18827a6dab87a673b840fbff66a5733f6a3e3,a58e437b6891b703435e7d949e884cdb8744a56cf43b8a9a008d8064ae80c510,47f6bddfef2e474baea8df9d49fee620168b1bbafebd4af635d77c66cf94fe5e,Tiny,0.8923730912357243,0.3489,NA,NA,0.1723341460284871
resnet18,5,C_EDL_Fixed_Dev_Tuned,debc09a31e8f3e09da508898d0c18827a6dab87a673b840fbff66a5733f6a3e3,a58e437b6891b703435e7d949e884cdb8744a56cf43b8a9a008d8064ae80c510,47f6bddfef2e474baea8df9d49fee620168b1bbafebd4af635d77c66cf94fe5e,ID,NA,NA,0.008069452993935071,0.9268,0.0259
resnet18,5,C_EDL_Fixed_Dev_Tuned,debc09a31e8f3e09da508898d0c18827a6dab87a673b840fbff66a5733f6a3e3,a58e437b6891b703435e7d949e884cdb8744a56cf43b8a9a008d8064ae80c510,47f6bddfef2e474baea8df9d49fee620168b1bbafebd4af635d77c66cf94fe5e,CIFAR100,0.8753361899999998,0.4125,NA,NA,0.1456
resnet18,5,C_EDL_Fixed_Dev_Tuned,debc09a31e8f3e09da508898d0c18827a6dab87a673b840fbff66a5733f6a3e3,a58e437b6891b703435e7d949e884cdb8744a56cf43b8a9a008d8064ae80c510,47f6bddfef2e474baea8df9d49fee620168b1bbafebd4af635d77c66cf94fe5e,Tiny,0.8934698832285384,0.3419,NA,NA,0.1723341460284871
resnet18,5,Orbit_GOP,debc09a31e8f3e09da508898d0c18827a6dab87a673b840fbff66a5733f6a3e3,a58e437b6891b703435e7d949e884cdb8744a56cf43b8a9a008d8064ae80c510,47f6bddfef2e474baea8df9d49fee620168b1bbafebd4af635d77c66cf94fe5e,ID,NA,NA,0.007679730020946786,0.9306,0.0
resnet18,5,Orbit_GOP,debc09a31e8f3e09da508898d0c18827a6dab87a673b840fbff66a5733f6a3e3,a58e437b6891b703435e7d949e884cdb8744a56cf43b8a9a008d8064ae80c510,47f6bddfef2e474baea8df9d49fee620168b1bbafebd4af635d77c66cf94fe5e,CIFAR100,0.87515572,0.4133,NA,NA,0.0
resnet18,5,Orbit_GOP,debc09a31e8f3e09da508898d0c18827a6dab87a673b840fbff66a5733f6a3e3,a58e437b6891b703435e7d949e884cdb8744a56cf43b8a9a008d8064ae80c510,47f6bddfef2e474baea8df9d49fee620168b1bbafebd4af635d77c66cf94fe5e,Tiny,0.8941810470935455,0.3392,NA,NA,0.0
vgg16_bn,3,MSP,0841c476da89d3a88a825904b3fb7263168696540773f4c4772382011363dfab,a58e437b6891b703435e7d949e884cdb8744a56cf43b8a9a008d8064ae80c510,47f6bddfef2e474baea8df9d49fee620168b1bbafebd4af635d77c66cf94fe5e,ID,NA,NA,0.019883680502691143,0.9177,0.0
vgg16_bn,3,MSP,0841c476da89d3a88a825904b3fb7263168696540773f4c4772382011363dfab,a58e437b6891b703435e7d949e884cdb8744a56cf43b8a9a008d8064ae80c510,47f6bddfef2e474baea8df9d49fee620168b1bbafebd4af635d77c66cf94fe5e,CIFAR100,0.8084211000000001,1.0,NA,NA,0.0
vgg16_bn,3,MSP,0841c476da89d3a88a825904b3fb7263168696540773f4c4772382011363dfab,a58e437b6891b703435e7d949e884cdb8744a56cf43b8a9a008d8064ae80c510,47f6bddfef2e474baea8df9d49fee620168b1bbafebd4af635d77c66cf94fe5e,Tiny,0.8357238226613628,1.0,NA,NA,0.0
vgg16_bn,3,Predictive_Entropy,0841c476da89d3a88a825904b3fb7263168696540773f4c4772382011363dfab,a58e437b6891b703435e7d949e884cdb8744a56cf43b8a9a008d8064ae80c510,47f6bddfef2e474baea8df9d49fee620168b1bbafebd4af635d77c66cf94fe5e,ID,NA,NA,0.013987929236667094,0.9177,0.0
vgg16_bn,3,Predictive_Entropy,0841c476da89d3a88a825904b3fb7263168696540773f4c4772382011363dfab,a58e437b6891b703435e7d949e884cdb8744a56cf43b8a9a008d8064ae80c510,47f6bddfef2e474baea8df9d49fee620168b1bbafebd4af635d77c66cf94fe5e,CIFAR100,0.8445771000000001,0.6334,NA,NA,0.0
vgg16_bn,3,Predictive_Entropy,0841c476da89d3a88a825904b3fb7263168696540773f4c4772382011363dfab,a58e437b6891b703435e7d949e884cdb8744a56cf43b8a9a008d8064ae80c510,47f6bddfef2e474baea8df9d49fee620168b1bbafebd4af635d77c66cf94fe5e,Tiny,0.8698554600282304,0.5095,NA,NA,0.0
vgg16_bn,3,Energy,0841c476da89d3a88a825904b3fb7263168696540773f4c4772382011363dfab,a58e437b6891b703435e7d949e884cdb8744a56cf43b8a9a008d8064ae80c510,47f6bddfef2e474baea8df9d49fee620168b1bbafebd4af635d77c66cf94fe5e,ID,NA,NA,0.013996918207359078,0.9177,0.0
vgg16_bn,3,Energy,0841c476da89d3a88a825904b3fb7263168696540773f4c4772382011363dfab,a58e437b6891b703435e7d949e884cdb8744a56cf43b8a9a008d8064ae80c510,47f6bddfef2e474baea8df9d49fee620168b1bbafebd4af635d77c66cf94fe5e,CIFAR100,0.845492895,0.6257,NA,NA,0.0
vgg16_bn,3,Energy,0841c476da89d3a88a825904b3fb7263168696540773f4c4772382011363dfab,a58e437b6891b703435e7d949e884cdb8744a56cf43b8a9a008d8064ae80c510,47f6bddfef2e474baea8df9d49fee620168b1bbafebd4af635d77c66cf94fe5e,Tiny,0.871099807519569,0.5009,NA,NA,0.0
vgg16_bn,3,ReAct_Energy,0841c476da89d3a88a825904b3fb7263168696540773f4c4772382011363dfab,a58e437b6891b703435e7d949e884cdb8744a56cf43b8a9a008d8064ae80c510,47f6bddfef2e474baea8df9d49fee620168b1bbafebd4af635d77c66cf94fe5e,ID,NA,NA,0.016325331019310392,0.9175,0.0011
vgg16_bn,3,ReAct_Energy,0841c476da89d3a88a825904b3fb7263168696540773f4c4772382011363dfab,a58e437b6891b703435e7d949e884cdb8744a56cf43b8a9a008d8064ae80c510,47f6bddfef2e474baea8df9d49fee620168b1bbafebd4af635d77c66cf94fe5e,CIFAR100,0.8362896799999999,0.6676,NA,NA,0.0086
vgg16_bn,3,ReAct_Energy,0841c476da89d3a88a825904b3fb7263168696540773f4c4772382011363dfab,a58e437b6891b703435e7d949e884cdb8744a56cf43b8a9a008d8064ae80c510,47f6bddfef2e474baea8df9d49fee620168b1bbafebd4af635d77c66cf94fe5e,Tiny,0.8639040035929679,0.535,NA,NA,0.012447067881432055
vgg16_bn,3,KNN,0841c476da89d3a88a825904b3fb7263168696540773f4c4772382011363dfab,a58e437b6891b703435e7d949e884cdb8744a56cf43b8a9a008d8064ae80c510,47f6bddfef2e474baea8df9d49fee620168b1bbafebd4af635d77c66cf94fe5e,ID,NA,NA,0.012587526906088976,0.9177,0.0
vgg16_bn,3,KNN,0841c476da89d3a88a825904b3fb7263168696540773f4c4772382011363dfab,a58e437b6891b703435e7d949e884cdb8744a56cf43b8a9a008d8064ae80c510,47f6bddfef2e474baea8df9d49fee620168b1bbafebd4af635d77c66cf94fe5e,CIFAR100,0.83880651,0.5148,NA,NA,0.0
vgg16_bn,3,KNN,0841c476da89d3a88a825904b3fb7263168696540773f4c4772382011363dfab,a58e437b6891b703435e7d949e884cdb8744a56cf43b8a9a008d8064ae80c510,47f6bddfef2e474baea8df9d49fee620168b1bbafebd4af635d77c66cf94fe5e,Tiny,0.855190183498011,0.4238,NA,NA,0.0
vgg16_bn,3,ViM,0841c476da89d3a88a825904b3fb7263168696540773f4c4772382011363dfab,a58e437b6891b703435e7d949e884cdb8744a56cf43b8a9a008d8064ae80c510,47f6bddfef2e474baea8df9d49fee620168b1bbafebd4af635d77c66cf94fe5e,ID,NA,NA,0.012573697420897062,0.9177,0.0
vgg16_bn,3,ViM,0841c476da89d3a88a825904b3fb7263168696540773f4c4772382011363dfab,a58e437b6891b703435e7d949e884cdb8744a56cf43b8a9a008d8064ae80c510,47f6bddfef2e474baea8df9d49fee620168b1bbafebd4af635d77c66cf94fe5e,CIFAR100,0.84427385,0.5118,NA,NA,0.0
vgg16_bn,3,ViM,0841c476da89d3a88a825904b3fb7263168696540773f4c4772382011363dfab,a58e437b6891b703435e7d949e884cdb8744a56cf43b8a9a008d8064ae80c510,47f6bddfef2e474baea8df9d49fee620168b1bbafebd4af635d77c66cf94fe5e,Tiny,0.8642703066854869,0.4137,NA,NA,0.0
vgg16_bn,3,GAIA_Z,0841c476da89d3a88a825904b3fb7263168696540773f4c4772382011363dfab,a58e437b6891b703435e7d949e884cdb8744a56cf43b8a9a008d8064ae80c510,47f6bddfef2e474baea8df9d49fee620168b1bbafebd4af635d77c66cf94fe5e,ID,NA,NA,0.0189439394443771,0.9177,0.0
vgg16_bn,3,GAIA_Z,0841c476da89d3a88a825904b3fb7263168696540773f4c4772382011363dfab,a58e437b6891b703435e7d949e884cdb8744a56cf43b8a9a008d8064ae80c510,47f6bddfef2e474baea8df9d49fee620168b1bbafebd4af635d77c66cf94fe5e,CIFAR100,0.8452965950000001,0.5348,NA,NA,0.0
vgg16_bn,3,GAIA_Z,0841c476da89d3a88a825904b3fb7263168696540773f4c4772382011363dfab,a58e437b6891b703435e7d949e884cdb8744a56cf43b8a9a008d8064ae80c510,47f6bddfef2e474baea8df9d49fee620168b1bbafebd4af635d77c66cf94fe5e,Tiny,0.8884363531374312,0.4152,NA,NA,0.0
vgg16_bn,3,GradNorm,0841c476da89d3a88a825904b3fb7263168696540773f4c4772382011363dfab,a58e437b6891b703435e7d949e884cdb8744a56cf43b8a9a008d8064ae80c510,47f6bddfef2e474baea8df9d49fee620168b1bbafebd4af635d77c66cf94fe5e,ID,NA,NA,0.015250904004636348,0.9177,0.0
vgg16_bn,3,GradNorm,0841c476da89d3a88a825904b3fb7263168696540773f4c4772382011363dfab,a58e437b6891b703435e7d949e884cdb8744a56cf43b8a9a008d8064ae80c510,47f6bddfef2e474baea8df9d49fee620168b1bbafebd4af635d77c66cf94fe5e,CIFAR100,0.839084105,0.689,NA,NA,0.0
vgg16_bn,3,GradNorm,0841c476da89d3a88a825904b3fb7263168696540773f4c4772382011363dfab,a58e437b6891b703435e7d949e884cdb8744a56cf43b8a9a008d8064ae80c510,47f6bddfef2e474baea8df9d49fee620168b1bbafebd4af635d77c66cf94fe5e,Tiny,0.8684604452713974,0.5366,NA,NA,0.0
vgg16_bn,3,Global_EDL,0841c476da89d3a88a825904b3fb7263168696540773f4c4772382011363dfab,a58e437b6891b703435e7d949e884cdb8744a56cf43b8a9a008d8064ae80c510,47f6bddfef2e474baea8df9d49fee620168b1bbafebd4af635d77c66cf94fe5e,ID,NA,NA,0.013999864601115087,0.9177,0.0
vgg16_bn,3,Global_EDL,0841c476da89d3a88a825904b3fb7263168696540773f4c4772382011363dfab,a58e437b6891b703435e7d949e884cdb8744a56cf43b8a9a008d8064ae80c510,47f6bddfef2e474baea8df9d49fee620168b1bbafebd4af635d77c66cf94fe5e,CIFAR100,0.8455384,0.6257,NA,NA,0.0
vgg16_bn,3,Global_EDL,0841c476da89d3a88a825904b3fb7263168696540773f4c4772382011363dfab,a58e437b6891b703435e7d949e884cdb8744a56cf43b8a9a008d8064ae80c510,47f6bddfef2e474baea8df9d49fee620168b1bbafebd4af635d77c66cf94fe5e,Tiny,0.8711707429744642,0.5011,NA,NA,0.0
vgg16_bn,3,C_EDL_Default,0841c476da89d3a88a825904b3fb7263168696540773f4c4772382011363dfab,a58e437b6891b703435e7d949e884cdb8744a56cf43b8a9a008d8064ae80c510,47f6bddfef2e474baea8df9d49fee620168b1bbafebd4af635d77c66cf94fe5e,ID,NA,NA,0.011299948945187753,0.9183,0.0255
vgg16_bn,3,C_EDL_Default,0841c476da89d3a88a825904b3fb7263168696540773f4c4772382011363dfab,a58e437b6891b703435e7d949e884cdb8744a56cf43b8a9a008d8064ae80c510,47f6bddfef2e474baea8df9d49fee620168b1bbafebd4af635d77c66cf94fe5e,CIFAR100,0.8574218600000001,0.485,NA,NA,0.1322
vgg16_bn,3,C_EDL_Default,0841c476da89d3a88a825904b3fb7263168696540773f4c4772382011363dfab,a58e437b6891b703435e7d949e884cdb8744a56cf43b8a9a008d8064ae80c510,47f6bddfef2e474baea8df9d49fee620168b1bbafebd4af635d77c66cf94fe5e,Tiny,0.8805699987167971,0.3909,NA,NA,0.15501090722443217
vgg16_bn,3,C_EDL_Fixed_Dev_Tuned,0841c476da89d3a88a825904b3fb7263168696540773f4c4772382011363dfab,a58e437b6891b703435e7d949e884cdb8744a56cf43b8a9a008d8064ae80c510,47f6bddfef2e474baea8df9d49fee620168b1bbafebd4af635d77c66cf94fe5e,ID,NA,NA,0.011448228889417478,0.9183,0.0255
vgg16_bn,3,C_EDL_Fixed_Dev_Tuned,0841c476da89d3a88a825904b3fb7263168696540773f4c4772382011363dfab,a58e437b6891b703435e7d949e884cdb8744a56cf43b8a9a008d8064ae80c510,47f6bddfef2e474baea8df9d49fee620168b1bbafebd4af635d77c66cf94fe5e,CIFAR100,0.8579029,0.4958,NA,NA,0.1322
vgg16_bn,3,C_EDL_Fixed_Dev_Tuned,0841c476da89d3a88a825904b3fb7263168696540773f4c4772382011363dfab,a58e437b6891b703435e7d949e884cdb8744a56cf43b8a9a008d8064ae80c510,47f6bddfef2e474baea8df9d49fee620168b1bbafebd4af635d77c66cf94fe5e,Tiny,0.8811896445528037,0.3956,NA,NA,0.15501090722443217
vgg16_bn,3,Orbit_GOP,0841c476da89d3a88a825904b3fb7263168696540773f4c4772382011363dfab,a58e437b6891b703435e7d949e884cdb8744a56cf43b8a9a008d8064ae80c510,47f6bddfef2e474baea8df9d49fee620168b1bbafebd4af635d77c66cf94fe5e,ID,NA,NA,0.011893891797241582,0.9177,0.0
vgg16_bn,3,Orbit_GOP,0841c476da89d3a88a825904b3fb7263168696540773f4c4772382011363dfab,a58e437b6891b703435e7d949e884cdb8744a56cf43b8a9a008d8064ae80c510,47f6bddfef2e474baea8df9d49fee620168b1bbafebd4af635d77c66cf94fe5e,CIFAR100,0.8631426299999999,0.4354,NA,NA,0.0
vgg16_bn,3,Orbit_GOP,0841c476da89d3a88a825904b3fb7263168696540773f4c4772382011363dfab,a58e437b6891b703435e7d949e884cdb8744a56cf43b8a9a008d8064ae80c510,47f6bddfef2e474baea8df9d49fee620168b1bbafebd4af635d77c66cf94fe5e,Tiny,0.8854147440010266,0.3506,NA,NA,0.0
vgg16_bn,4,MSP,517c3bda9fe52d9d7bbd17a950345c214fb1bb1470beecc633061edafe7cd590,a58e437b6891b703435e7d949e884cdb8744a56cf43b8a9a008d8064ae80c510,47f6bddfef2e474baea8df9d49fee620168b1bbafebd4af635d77c66cf94fe5e,ID,NA,NA,0.022677146830853267,0.9207,0.0
vgg16_bn,4,MSP,517c3bda9fe52d9d7bbd17a950345c214fb1bb1470beecc633061edafe7cd590,a58e437b6891b703435e7d949e884cdb8744a56cf43b8a9a008d8064ae80c510,47f6bddfef2e474baea8df9d49fee620168b1bbafebd4af635d77c66cf94fe5e,CIFAR100,0.8089929900000001,1.0,NA,NA,0.0
vgg16_bn,4,MSP,517c3bda9fe52d9d7bbd17a950345c214fb1bb1470beecc633061edafe7cd590,a58e437b6891b703435e7d949e884cdb8744a56cf43b8a9a008d8064ae80c510,47f6bddfef2e474baea8df9d49fee620168b1bbafebd4af635d77c66cf94fe5e,Tiny,0.8348364878737329,1.0,NA,NA,0.0
vgg16_bn,4,Predictive_Entropy,517c3bda9fe52d9d7bbd17a950345c214fb1bb1470beecc633061edafe7cd590,a58e437b6891b703435e7d949e884cdb8744a56cf43b8a9a008d8064ae80c510,47f6bddfef2e474baea8df9d49fee620168b1bbafebd4af635d77c66cf94fe5e,ID,NA,NA,0.014513274121532414,0.9207,0.0
vgg16_bn,4,Predictive_Entropy,517c3bda9fe52d9d7bbd17a950345c214fb1bb1470beecc633061edafe7cd590,a58e437b6891b703435e7d949e884cdb8744a56cf43b8a9a008d8064ae80c510,47f6bddfef2e474baea8df9d49fee620168b1bbafebd4af635d77c66cf94fe5e,CIFAR100,0.8440618600000002,0.6738,NA,NA,0.0
vgg16_bn,4,Predictive_Entropy,517c3bda9fe52d9d7bbd17a950345c214fb1bb1470beecc633061edafe7cd590,a58e437b6891b703435e7d949e884cdb8744a56cf43b8a9a008d8064ae80c510,47f6bddfef2e474baea8df9d49fee620168b1bbafebd4af635d77c66cf94fe5e,Tiny,0.8666527139740794,0.5769,NA,NA,0.0
vgg16_bn,4,Energy,517c3bda9fe52d9d7bbd17a950345c214fb1bb1470beecc633061edafe7cd590,a58e437b6891b703435e7d949e884cdb8744a56cf43b8a9a008d8064ae80c510,47f6bddfef2e474baea8df9d49fee620168b1bbafebd4af635d77c66cf94fe5e,ID,NA,NA,0.014455080270559131,0.9207,0.0
vgg16_bn,4,Energy,517c3bda9fe52d9d7bbd17a950345c214fb1bb1470beecc633061edafe7cd590,a58e437b6891b703435e7d949e884cdb8744a56cf43b8a9a008d8064ae80c510,47f6bddfef2e474baea8df9d49fee620168b1bbafebd4af635d77c66cf94fe5e,CIFAR100,0.8453908550000001,0.6639,NA,NA,0.0
vgg16_bn,4,Energy,517c3bda9fe52d9d7bbd17a950345c214fb1bb1470beecc633061edafe7cd590,a58e437b6891b703435e7d949e884cdb8744a56cf43b8a9a008d8064ae80c510,47f6bddfef2e474baea8df9d49fee620168b1bbafebd4af635d77c66cf94fe5e,Tiny,0.8682433722571539,0.5677,NA,NA,0.0
vgg16_bn,4,ReAct_Energy,517c3bda9fe52d9d7bbd17a950345c214fb1bb1470beecc633061edafe7cd590,a58e437b6891b703435e7d949e884cdb8744a56cf43b8a9a008d8064ae80c510,47f6bddfef2e474baea8df9d49fee620168b1bbafebd4af635d77c66cf94fe5e,ID,NA,NA,0.016510043343739574,0.9206,0.001
vgg16_bn,4,ReAct_Energy,517c3bda9fe52d9d7bbd17a950345c214fb1bb1470beecc633061edafe7cd590,a58e437b6891b703435e7d949e884cdb8744a56cf43b8a9a008d8064ae80c510,47f6bddfef2e474baea8df9d49fee620168b1bbafebd4af635d77c66cf94fe5e,CIFAR100,0.83568612,0.7088,NA,NA,0.0109
vgg16_bn,4,ReAct_Energy,517c3bda9fe52d9d7bbd17a950345c214fb1bb1470beecc633061edafe7cd590,a58e437b6891b703435e7d949e884cdb8744a56cf43b8a9a008d8064ae80c510,47f6bddfef2e474baea8df9d49fee620168b1bbafebd4af635d77c66cf94fe5e,Tiny,0.862605055819325,0.5786,NA,NA,0.017066598229180035
vgg16_bn,4,KNN,517c3bda9fe52d9d7bbd17a950345c214fb1bb1470beecc633061edafe7cd590,a58e437b6891b703435e7d949e884cdb8744a56cf43b8a9a008d8064ae80c510,47f6bddfef2e474baea8df9d49fee620168b1bbafebd4af635d77c66cf94fe5e,ID,NA,NA,0.013739607583417435,0.9207,0.0
vgg16_bn,4,KNN,517c3bda9fe52d9d7bbd17a950345c214fb1bb1470beecc633061edafe7cd590,a58e437b6891b703435e7d949e884cdb8744a56cf43b8a9a008d8064ae80c510,47f6bddfef2e474baea8df9d49fee620168b1bbafebd4af635d77c66cf94fe5e,CIFAR100,0.83929241,0.5585,NA,NA,0.0
vgg16_bn,4,KNN,517c3bda9fe52d9d7bbd17a950345c214fb1bb1470beecc633061edafe7cd590,a58e437b6891b703435e7d949e884cdb8744a56cf43b8a9a008d8064ae80c510,47f6bddfef2e474baea8df9d49fee620168b1bbafebd4af635d77c66cf94fe5e,Tiny,0.855739907609393,0.4659,NA,NA,0.0
vgg16_bn,4,ViM,517c3bda9fe52d9d7bbd17a950345c214fb1bb1470beecc633061edafe7cd590,a58e437b6891b703435e7d949e884cdb8744a56cf43b8a9a008d8064ae80c510,47f6bddfef2e474baea8df9d49fee620168b1bbafebd4af635d77c66cf94fe5e,ID,NA,NA,0.013320890553268572,0.9207,0.0
vgg16_bn,4,ViM,517c3bda9fe52d9d7bbd17a950345c214fb1bb1470beecc633061edafe7cd590,a58e437b6891b703435e7d949e884cdb8744a56cf43b8a9a008d8064ae80c510,47f6bddfef2e474baea8df9d49fee620168b1bbafebd4af635d77c66cf94fe5e,CIFAR100,0.8458406199999999,0.5196,NA,NA,0.0
vgg16_bn,4,ViM,517c3bda9fe52d9d7bbd17a950345c214fb1bb1470beecc633061edafe7cd590,a58e437b6891b703435e7d949e884cdb8744a56cf43b8a9a008d8064ae80c510,47f6bddfef2e474baea8df9d49fee620168b1bbafebd4af635d77c66cf94fe5e,Tiny,0.8643459001668163,0.4239,NA,NA,0.0
vgg16_bn,4,GAIA_Z,517c3bda9fe52d9d7bbd17a950345c214fb1bb1470beecc633061edafe7cd590,a58e437b6891b703435e7d949e884cdb8744a56cf43b8a9a008d8064ae80c510,47f6bddfef2e474baea8df9d49fee620168b1bbafebd4af635d77c66cf94fe5e,ID,NA,NA,0.016799745322206357,0.9207,0.0
vgg16_bn,4,GAIA_Z,517c3bda9fe52d9d7bbd17a950345c214fb1bb1470beecc633061edafe7cd590,a58e437b6891b703435e7d949e884cdb8744a56cf43b8a9a008d8064ae80c510,47f6bddfef2e474baea8df9d49fee620168b1bbafebd4af635d77c66cf94fe5e,CIFAR100,0.865966775,0.4936,NA,NA,0.0
vgg16_bn,4,GAIA_Z,517c3bda9fe52d9d7bbd17a950345c214fb1bb1470beecc633061edafe7cd590,a58e437b6891b703435e7d949e884cdb8744a56cf43b8a9a008d8064ae80c510,47f6bddfef2e474baea8df9d49fee620168b1bbafebd4af635d77c66cf94fe5e,Tiny,0.9051924291030411,0.353,NA,NA,0.0
vgg16_bn,4,GradNorm,517c3bda9fe52d9d7bbd17a950345c214fb1bb1470beecc633061edafe7cd590,a58e437b6891b703435e7d949e884cdb8744a56cf43b8a9a008d8064ae80c510,47f6bddfef2e474baea8df9d49fee620168b1bbafebd4af635d77c66cf94fe5e,ID,NA,NA,0.015685907409814043,0.9207,0.0
vgg16_bn,4,GradNorm,517c3bda9fe52d9d7bbd17a950345c214fb1bb1470beecc633061edafe7cd590,a58e437b6891b703435e7d949e884cdb8744a56cf43b8a9a008d8064ae80c510,47f6bddfef2e474baea8df9d49fee620168b1bbafebd4af635d77c66cf94fe5e,CIFAR100,0.8356389900000001,0.7421,NA,NA,0.0
vgg16_bn,4,GradNorm,517c3bda9fe52d9d7bbd17a950345c214fb1bb1470beecc633061edafe7cd590,a58e437b6891b703435e7d949e884cdb8744a56cf43b8a9a008d8064ae80c510,47f6bddfef2e474baea8df9d49fee620168b1bbafebd4af635d77c66cf94fe5e,Tiny,0.863403503143847,0.6112,NA,NA,0.0
vgg16_bn,4,Global_EDL,517c3bda9fe52d9d7bbd17a950345c214fb1bb1470beecc633061edafe7cd590,a58e437b6891b703435e7d949e884cdb8744a56cf43b8a9a008d8064ae80c510,47f6bddfef2e474baea8df9d49fee620168b1bbafebd4af635d77c66cf94fe5e,ID,NA,NA,0.014454814715623241,0.9207,0.0
vgg16_bn,4,Global_EDL,517c3bda9fe52d9d7bbd17a950345c214fb1bb1470beecc633061edafe7cd590,a58e437b6891b703435e7d949e884cdb8744a56cf43b8a9a008d8064ae80c510,47f6bddfef2e474baea8df9d49fee620168b1bbafebd4af635d77c66cf94fe5e,CIFAR100,0.84548275,0.6638,NA,NA,0.0
vgg16_bn,4,Global_EDL,517c3bda9fe52d9d7bbd17a950345c214fb1bb1470beecc633061edafe7cd590,a58e437b6891b703435e7d949e884cdb8744a56cf43b8a9a008d8064ae80c510,47f6bddfef2e474baea8df9d49fee620168b1bbafebd4af635d77c66cf94fe5e,Tiny,0.8683551777235982,0.5676,NA,NA,0.0
vgg16_bn,4,C_EDL_Default,517c3bda9fe52d9d7bbd17a950345c214fb1bb1470beecc633061edafe7cd590,a58e437b6891b703435e7d949e884cdb8744a56cf43b8a9a008d8064ae80c510,47f6bddfef2e474baea8df9d49fee620168b1bbafebd4af635d77c66cf94fe5e,ID,NA,NA,0.0117900381663139,0.9196,0.028
vgg16_bn,4,C_EDL_Default,517c3bda9fe52d9d7bbd17a950345c214fb1bb1470beecc633061edafe7cd590,a58e437b6891b703435e7d949e884cdb8744a56cf43b8a9a008d8064ae80c510,47f6bddfef2e474baea8df9d49fee620168b1bbafebd4af635d77c66cf94fe5e,CIFAR100,0.85974493,0.4851,NA,NA,0.1377
vgg16_bn,4,C_EDL_Default,517c3bda9fe52d9d7bbd17a950345c214fb1bb1470beecc633061edafe7cd590,a58e437b6891b703435e7d949e884cdb8744a56cf43b8a9a008d8064ae80c510,47f6bddfef2e474baea8df9d49fee620168b1bbafebd4af635d77c66cf94fe5e,Tiny,0.8808301552675479,0.4023,NA,NA,0.15321442320030798
vgg16_bn,4,C_EDL_Fixed_Dev_Tuned,517c3bda9fe52d9d7bbd17a950345c214fb1bb1470beecc633061edafe7cd590,a58e437b6891b703435e7d949e884cdb8744a56cf43b8a9a008d8064ae80c510,47f6bddfef2e474baea8df9d49fee620168b1bbafebd4af635d77c66cf94fe5e,ID,NA,NA,0.012025101100653465,0.9196,0.028
vgg16_bn,4,C_EDL_Fixed_Dev_Tuned,517c3bda9fe52d9d7bbd17a950345c214fb1bb1470beecc633061edafe7cd590,a58e437b6891b703435e7d949e884cdb8744a56cf43b8a9a008d8064ae80c510,47f6bddfef2e474baea8df9d49fee620168b1bbafebd4af635d77c66cf94fe5e,CIFAR100,0.85976944,0.5034,NA,NA,0.1377
vgg16_bn,4,C_EDL_Fixed_Dev_Tuned,517c3bda9fe52d9d7bbd17a950345c214fb1bb1470beecc633061edafe7cd590,a58e437b6891b703435e7d949e884cdb8744a56cf43b8a9a008d8064ae80c510,47f6bddfef2e474baea8df9d49fee620168b1bbafebd4af635d77c66cf94fe5e,Tiny,0.880865443346593,0.4097,NA,NA,0.15321442320030798
vgg16_bn,4,Orbit_GOP,517c3bda9fe52d9d7bbd17a950345c214fb1bb1470beecc633061edafe7cd590,a58e437b6891b703435e7d949e884cdb8744a56cf43b8a9a008d8064ae80c510,47f6bddfef2e474baea8df9d49fee620168b1bbafebd4af635d77c66cf94fe5e,ID,NA,NA,0.011448830034995134,0.9207,0.0
vgg16_bn,4,Orbit_GOP,517c3bda9fe52d9d7bbd17a950345c214fb1bb1470beecc633061edafe7cd590,a58e437b6891b703435e7d949e884cdb8744a56cf43b8a9a008d8064ae80c510,47f6bddfef2e474baea8df9d49fee620168b1bbafebd4af635d77c66cf94fe5e,CIFAR100,0.86582292,0.4457,NA,NA,0.0
vgg16_bn,4,Orbit_GOP,517c3bda9fe52d9d7bbd17a950345c214fb1bb1470beecc633061edafe7cd590,a58e437b6891b703435e7d949e884cdb8744a56cf43b8a9a008d8064ae80c510,47f6bddfef2e474baea8df9d49fee620168b1bbafebd4af635d77c66cf94fe5e,Tiny,0.885740510714744,0.3647,NA,NA,0.0
vgg16_bn,5,MSP,d57d30a1f0e56b80c968dc837066fe612feb1407a47079798f72ca12bbf0238d,a58e437b6891b703435e7d949e884cdb8744a56cf43b8a9a008d8064ae80c510,47f6bddfef2e474baea8df9d49fee620168b1bbafebd4af635d77c66cf94fe5e,ID,NA,NA,0.018888757206551088,0.9193,0.0
vgg16_bn,5,MSP,d57d30a1f0e56b80c968dc837066fe612feb1407a47079798f72ca12bbf0238d,a58e437b6891b703435e7d949e884cdb8744a56cf43b8a9a008d8064ae80c510,47f6bddfef2e474baea8df9d49fee620168b1bbafebd4af635d77c66cf94fe5e,CIFAR100,0.8099379000000001,1.0,NA,NA,0.0
vgg16_bn,5,MSP,d57d30a1f0e56b80c968dc837066fe612feb1407a47079798f72ca12bbf0238d,a58e437b6891b703435e7d949e884cdb8744a56cf43b8a9a008d8064ae80c510,47f6bddfef2e474baea8df9d49fee620168b1bbafebd4af635d77c66cf94fe5e,Tiny,0.8398957975105865,1.0,NA,NA,0.0
vgg16_bn,5,Predictive_Entropy,d57d30a1f0e56b80c968dc837066fe612feb1407a47079798f72ca12bbf0238d,a58e437b6891b703435e7d949e884cdb8744a56cf43b8a9a008d8064ae80c510,47f6bddfef2e474baea8df9d49fee620168b1bbafebd4af635d77c66cf94fe5e,ID,NA,NA,0.013544565598847313,0.9193,0.0
vgg16_bn,5,Predictive_Entropy,d57d30a1f0e56b80c968dc837066fe612feb1407a47079798f72ca12bbf0238d,a58e437b6891b703435e7d949e884cdb8744a56cf43b8a9a008d8064ae80c510,47f6bddfef2e474baea8df9d49fee620168b1bbafebd4af635d77c66cf94fe5e,CIFAR100,0.84869697,0.6303,NA,NA,0.0
vgg16_bn,5,Predictive_Entropy,d57d30a1f0e56b80c968dc837066fe612feb1407a47079798f72ca12bbf0238d,a58e437b6891b703435e7d949e884cdb8744a56cf43b8a9a008d8064ae80c510,47f6bddfef2e474baea8df9d49fee620168b1bbafebd4af635d77c66cf94fe5e,Tiny,0.873812267419479,0.5056,NA,NA,0.0
vgg16_bn,5,Energy,d57d30a1f0e56b80c968dc837066fe612feb1407a47079798f72ca12bbf0238d,a58e437b6891b703435e7d949e884cdb8744a56cf43b8a9a008d8064ae80c510,47f6bddfef2e474baea8df9d49fee620168b1bbafebd4af635d77c66cf94fe5e,ID,NA,NA,0.013483003285920938,0.9193,0.0
vgg16_bn,5,Energy,d57d30a1f0e56b80c968dc837066fe612feb1407a47079798f72ca12bbf0238d,a58e437b6891b703435e7d949e884cdb8744a56cf43b8a9a008d8064ae80c510,47f6bddfef2e474baea8df9d49fee620168b1bbafebd4af635d77c66cf94fe5e,CIFAR100,0.8493413100000001,0.6213,NA,NA,0.0
vgg16_bn,5,Energy,d57d30a1f0e56b80c968dc837066fe612feb1407a47079798f72ca12bbf0238d,a58e437b6891b703435e7d949e884cdb8744a56cf43b8a9a008d8064ae80c510,47f6bddfef2e474baea8df9d49fee620168b1bbafebd4af635d77c66cf94fe5e,Tiny,0.8745332477864751,0.5021,NA,NA,0.0
vgg16_bn,5,ReAct_Energy,d57d30a1f0e56b80c968dc837066fe612feb1407a47079798f72ca12bbf0238d,a58e437b6891b703435e7d949e884cdb8744a56cf43b8a9a008d8064ae80c510,47f6bddfef2e474baea8df9d49fee620168b1bbafebd4af635d77c66cf94fe5e,ID,NA,NA,0.015080818935978374,0.9195,0.0008
vgg16_bn,5,ReAct_Energy,d57d30a1f0e56b80c968dc837066fe612feb1407a47079798f72ca12bbf0238d,a58e437b6891b703435e7d949e884cdb8744a56cf43b8a9a008d8064ae80c510,47f6bddfef2e474baea8df9d49fee620168b1bbafebd4af635d77c66cf94fe5e,CIFAR100,0.83926265,0.6428,NA,NA,0.0064
vgg16_bn,5,ReAct_Energy,d57d30a1f0e56b80c968dc837066fe612feb1407a47079798f72ca12bbf0238d,a58e437b6891b703435e7d949e884cdb8744a56cf43b8a9a008d8064ae80c510,47f6bddfef2e474baea8df9d49fee620168b1bbafebd4af635d77c66cf94fe5e,Tiny,0.8669299371230592,0.5428,NA,NA,0.006287694084434749
vgg16_bn,5,KNN,d57d30a1f0e56b80c968dc837066fe612feb1407a47079798f72ca12bbf0238d,a58e437b6891b703435e7d949e884cdb8744a56cf43b8a9a008d8064ae80c510,47f6bddfef2e474baea8df9d49fee620168b1bbafebd4af635d77c66cf94fe5e,ID,NA,NA,0.014347287959772683,0.9193,0.0
vgg16_bn,5,KNN,d57d30a1f0e56b80c968dc837066fe612feb1407a47079798f72ca12bbf0238d,a58e437b6891b703435e7d949e884cdb8744a56cf43b8a9a008d8064ae80c510,47f6bddfef2e474baea8df9d49fee620168b1bbafebd4af635d77c66cf94fe5e,CIFAR100,0.8401534150000001,0.5744,NA,NA,0.0
vgg16_bn,5,KNN,d57d30a1f0e56b80c968dc837066fe612feb1407a47079798f72ca12bbf0238d,a58e437b6891b703435e7d949e884cdb8744a56cf43b8a9a008d8064ae80c510,47f6bddfef2e474baea8df9d49fee620168b1bbafebd4af635d77c66cf94fe5e,Tiny,0.8606032529192866,0.4322,NA,NA,0.0
vgg16_bn,5,ViM,d57d30a1f0e56b80c968dc837066fe612feb1407a47079798f72ca12bbf0238d,a58e437b6891b703435e7d949e884cdb8744a56cf43b8a9a008d8064ae80c510,47f6bddfef2e474baea8df9d49fee620168b1bbafebd4af635d77c66cf94fe5e,ID,NA,NA,0.012968735834114536,0.9193,0.0
vgg16_bn,5,ViM,d57d30a1f0e56b80c968dc837066fe612feb1407a47079798f72ca12bbf0238d,a58e437b6891b703435e7d949e884cdb8744a56cf43b8a9a008d8064ae80c510,47f6bddfef2e474baea8df9d49fee620168b1bbafebd4af635d77c66cf94fe5e,CIFAR100,0.84731155,0.5208,NA,NA,0.0
vgg16_bn,5,ViM,d57d30a1f0e56b80c968dc837066fe612feb1407a47079798f72ca12bbf0238d,a58e437b6891b703435e7d949e884cdb8744a56cf43b8a9a008d8064ae80c510,47f6bddfef2e474baea8df9d49fee620168b1bbafebd4af635d77c66cf94fe5e,Tiny,0.868168407545233,0.4042,NA,NA,0.0
vgg16_bn,5,GAIA_Z,d57d30a1f0e56b80c968dc837066fe612feb1407a47079798f72ca12bbf0238d,a58e437b6891b703435e7d949e884cdb8744a56cf43b8a9a008d8064ae80c510,47f6bddfef2e474baea8df9d49fee620168b1bbafebd4af635d77c66cf94fe5e,ID,NA,NA,0.01693154346811469,0.9193,0.0
vgg16_bn,5,GAIA_Z,d57d30a1f0e56b80c968dc837066fe612feb1407a47079798f72ca12bbf0238d,a58e437b6891b703435e7d949e884cdb8744a56cf43b8a9a008d8064ae80c510,47f6bddfef2e474baea8df9d49fee620168b1bbafebd4af635d77c66cf94fe5e,CIFAR100,0.857029635,0.5196,NA,NA,0.0
vgg16_bn,5,GAIA_Z,d57d30a1f0e56b80c968dc837066fe612feb1407a47079798f72ca12bbf0238d,a58e437b6891b703435e7d949e884cdb8744a56cf43b8a9a008d8064ae80c510,47f6bddfef2e474baea8df9d49fee620168b1bbafebd4af635d77c66cf94fe5e,Tiny,0.8986367380982935,0.3641,NA,NA,0.0
vgg16_bn,5,GradNorm,d57d30a1f0e56b80c968dc837066fe612feb1407a47079798f72ca12bbf0238d,a58e437b6891b703435e7d949e884cdb8744a56cf43b8a9a008d8064ae80c510,47f6bddfef2e474baea8df9d49fee620168b1bbafebd4af635d77c66cf94fe5e,ID,NA,NA,0.015212383176348186,0.9193,0.0
vgg16_bn,5,GradNorm,d57d30a1f0e56b80c968dc837066fe612feb1407a47079798f72ca12bbf0238d,a58e437b6891b703435e7d949e884cdb8744a56cf43b8a9a008d8064ae80c510,47f6bddfef2e474baea8df9d49fee620168b1bbafebd4af635d77c66cf94fe5e,CIFAR100,0.841435855,0.6798,NA,NA,0.0
vgg16_bn,5,GradNorm,d57d30a1f0e56b80c968dc837066fe612feb1407a47079798f72ca12bbf0238d,a58e437b6891b703435e7d949e884cdb8744a56cf43b8a9a008d8064ae80c510,47f6bddfef2e474baea8df9d49fee620168b1bbafebd4af635d77c66cf94fe5e,Tiny,0.8717356730399076,0.5313,NA,NA,0.0
vgg16_bn,5,Global_EDL,d57d30a1f0e56b80c968dc837066fe612feb1407a47079798f72ca12bbf0238d,a58e437b6891b703435e7d949e884cdb8744a56cf43b8a9a008d8064ae80c510,47f6bddfef2e474baea8df9d49fee620168b1bbafebd4af635d77c66cf94fe5e,ID,NA,NA,0.013480094458739347,0.9193,0.0
vgg16_bn,5,Global_EDL,d57d30a1f0e56b80c968dc837066fe612feb1407a47079798f72ca12bbf0238d,a58e437b6891b703435e7d949e884cdb8744a56cf43b8a9a008d8064ae80c510,47f6bddfef2e474baea8df9d49fee620168b1bbafebd4af635d77c66cf94fe5e,CIFAR100,0.8493415500000001,0.6215,NA,NA,0.0
vgg16_bn,5,Global_EDL,d57d30a1f0e56b80c968dc837066fe612feb1407a47079798f72ca12bbf0238d,a58e437b6891b703435e7d949e884cdb8744a56cf43b8a9a008d8064ae80c510,47f6bddfef2e474baea8df9d49fee620168b1bbafebd4af635d77c66cf94fe5e,Tiny,0.8745556396766329,0.5016,NA,NA,0.0
vgg16_bn,5,C_EDL_Default,d57d30a1f0e56b80c968dc837066fe612feb1407a47079798f72ca12bbf0238d,a58e437b6891b703435e7d949e884cdb8744a56cf43b8a9a008d8064ae80c510,47f6bddfef2e474baea8df9d49fee620168b1bbafebd4af635d77c66cf94fe5e,ID,NA,NA,0.011572477761296933,0.9205,0.024
vgg16_bn,5,C_EDL_Default,d57d30a1f0e56b80c968dc837066fe612feb1407a47079798f72ca12bbf0238d,a58e437b6891b703435e7d949e884cdb8744a56cf43b8a9a008d8064ae80c510,47f6bddfef2e474baea8df9d49fee620168b1bbafebd4af635d77c66cf94fe5e,CIFAR100,0.8615133500000001,0.4651,NA,NA,0.1326
vgg16_bn,5,C_EDL_Default,d57d30a1f0e56b80c968dc837066fe612feb1407a47079798f72ca12bbf0238d,a58e437b6891b703435e7d949e884cdb8744a56cf43b8a9a008d8064ae80c510,47f6bddfef2e474baea8df9d49fee620168b1bbafebd4af635d77c66cf94fe5e,Tiny,0.8848792249454638,0.3781,NA,NA,0.15372770435005775
vgg16_bn,5,C_EDL_Fixed_Dev_Tuned,d57d30a1f0e56b80c968dc837066fe612feb1407a47079798f72ca12bbf0238d,a58e437b6891b703435e7d949e884cdb8744a56cf43b8a9a008d8064ae80c510,47f6bddfef2e474baea8df9d49fee620168b1bbafebd4af635d77c66cf94fe5e,ID,NA,NA,0.011771810297526787,0.9205,0.024
vgg16_bn,5,C_EDL_Fixed_Dev_Tuned,d57d30a1f0e56b80c968dc837066fe612feb1407a47079798f72ca12bbf0238d,a58e437b6891b703435e7d949e884cdb8744a56cf43b8a9a008d8064ae80c510,47f6bddfef2e474baea8df9d49fee620168b1bbafebd4af635d77c66cf94fe5e,CIFAR100,0.8622600500000001,0.4777,NA,NA,0.1326
vgg16_bn,5,C_EDL_Fixed_Dev_Tuned,d57d30a1f0e56b80c968dc837066fe612feb1407a47079798f72ca12bbf0238d,a58e437b6891b703435e7d949e884cdb8744a56cf43b8a9a008d8064ae80c510,47f6bddfef2e474baea8df9d49fee620168b1bbafebd4af635d77c66cf94fe5e,Tiny,0.8853083279866546,0.3849,NA,NA,0.15372770435005775
vgg16_bn,5,Orbit_GOP,d57d30a1f0e56b80c968dc837066fe612feb1407a47079798f72ca12bbf0238d,a58e437b6891b703435e7d949e884cdb8744a56cf43b8a9a008d8064ae80c510,47f6bddfef2e474baea8df9d49fee620168b1bbafebd4af635d77c66cf94fe5e,ID,NA,NA,0.01063040202148304,0.9193,0.0
vgg16_bn,5,Orbit_GOP,d57d30a1f0e56b80c968dc837066fe612feb1407a47079798f72ca12bbf0238d,a58e437b6891b703435e7d949e884cdb8744a56cf43b8a9a008d8064ae80c510,47f6bddfef2e474baea8df9d49fee620168b1bbafebd4af635d77c66cf94fe5e,CIFAR100,0.86864993,0.4189,NA,NA,0.0
vgg16_bn,5,Orbit_GOP,d57d30a1f0e56b80c968dc837066fe612feb1407a47079798f72ca12bbf0238d,a58e437b6891b703435e7d949e884cdb8744a56cf43b8a9a008d8064ae80c510,47f6bddfef2e474baea8df9d49fee620168b1bbafebd4af635d77c66cf94fe5e,Tiny,0.8907865135377904,0.3386,NA,NA,0.0
wrn28_10,3,MSP,1ce9c955c27d5f308397a95f1ce1aff387123f61f45a40862b8ca2cca847d226,a58e437b6891b703435e7d949e884cdb8744a56cf43b8a9a008d8064ae80c510,47f6bddfef2e474baea8df9d49fee620168b1bbafebd4af635d77c66cf94fe5e,ID,NA,NA,0.011246250170055271,0.9314,0.0
wrn28_10,3,MSP,1ce9c955c27d5f308397a95f1ce1aff387123f61f45a40862b8ca2cca847d226,a58e437b6891b703435e7d949e884cdb8744a56cf43b8a9a008d8064ae80c510,47f6bddfef2e474baea8df9d49fee620168b1bbafebd4af635d77c66cf94fe5e,CIFAR100,0.8569381399999999,1.0,NA,NA,0.0
wrn28_10,3,MSP,1ce9c955c27d5f308397a95f1ce1aff387123f61f45a40862b8ca2cca847d226,a58e437b6891b703435e7d949e884cdb8744a56cf43b8a9a008d8064ae80c510,47f6bddfef2e474baea8df9d49fee620168b1bbafebd4af635d77c66cf94fe5e,Tiny,0.88237808931092,1.0,NA,NA,0.0
wrn28_10,3,Predictive_Entropy,1ce9c955c27d5f308397a95f1ce1aff387123f61f45a40862b8ca2cca847d226,a58e437b6891b703435e7d949e884cdb8744a56cf43b8a9a008d8064ae80c510,47f6bddfef2e474baea8df9d49fee620168b1bbafebd4af635d77c66cf94fe5e,ID,NA,NA,0.00914196986612491,0.9314,0.0
wrn28_10,3,Predictive_Entropy,1ce9c955c27d5f308397a95f1ce1aff387123f61f45a40862b8ca2cca847d226,a58e437b6891b703435e7d949e884cdb8744a56cf43b8a9a008d8064ae80c510,47f6bddfef2e474baea8df9d49fee620168b1bbafebd4af635d77c66cf94fe5e,CIFAR100,0.86602849,0.553,NA,NA,0.0
wrn28_10,3,Predictive_Entropy,1ce9c955c27d5f308397a95f1ce1aff387123f61f45a40862b8ca2cca847d226,a58e437b6891b703435e7d949e884cdb8744a56cf43b8a9a008d8064ae80c510,47f6bddfef2e474baea8df9d49fee620168b1bbafebd4af635d77c66cf94fe5e,Tiny,0.8890632234056205,0.4141,NA,NA,0.0
wrn28_10,3,Energy,1ce9c955c27d5f308397a95f1ce1aff387123f61f45a40862b8ca2cca847d226,a58e437b6891b703435e7d949e884cdb8744a56cf43b8a9a008d8064ae80c510,47f6bddfef2e474baea8df9d49fee620168b1bbafebd4af635d77c66cf94fe5e,ID,NA,NA,0.00910603599852933,0.9314,0.0
wrn28_10,3,Energy,1ce9c955c27d5f308397a95f1ce1aff387123f61f45a40862b8ca2cca847d226,a58e437b6891b703435e7d949e884cdb8744a56cf43b8a9a008d8064ae80c510,47f6bddfef2e474baea8df9d49fee620168b1bbafebd4af635d77c66cf94fe5e,CIFAR100,0.8663915949999998,0.5437,NA,NA,0.0
wrn28_10,3,Energy,1ce9c955c27d5f308397a95f1ce1aff387123f61f45a40862b8ca2cca847d226,a58e437b6891b703435e7d949e884cdb8744a56cf43b8a9a008d8064ae80c510,47f6bddfef2e474baea8df9d49fee620168b1bbafebd4af635d77c66cf94fe5e,Tiny,0.8893419863980496,0.4139,NA,NA,0.0
wrn28_10,3,ReAct_Energy,1ce9c955c27d5f308397a95f1ce1aff387123f61f45a40862b8ca2cca847d226,a58e437b6891b703435e7d949e884cdb8744a56cf43b8a9a008d8064ae80c510,47f6bddfef2e474baea8df9d49fee620168b1bbafebd4af635d77c66cf94fe5e,ID,NA,NA,0.026453948825793917,0.9223,0.0318
wrn28_10,3,ReAct_Energy,1ce9c955c27d5f308397a95f1ce1aff387123f61f45a40862b8ca2cca847d226,a58e437b6891b703435e7d949e884cdb8744a56cf43b8a9a008d8064ae80c510,47f6bddfef2e474baea8df9d49fee620168b1bbafebd4af635d77c66cf94fe5e,CIFAR100,0.76280919,0.7051,NA,NA,0.1587
wrn28_10,3,ReAct_Energy,1ce9c955c27d5f308397a95f1ce1aff387123f61f45a40862b8ca2cca847d226,a58e437b6891b703435e7d949e884cdb8744a56cf43b8a9a008d8064ae80c510,47f6bddfef2e474baea8df9d49fee620168b1bbafebd4af635d77c66cf94fe5e,Tiny,0.787230245091749,0.6527,NA,NA,0.18683433850891826
wrn28_10,3,KNN,1ce9c955c27d5f308397a95f1ce1aff387123f61f45a40862b8ca2cca847d226,a58e437b6891b703435e7d949e884cdb8744a56cf43b8a9a008d8064ae80c510,47f6bddfef2e474baea8df9d49fee620168b1bbafebd4af635d77c66cf94fe5e,ID,NA,NA,0.011768242821285588,0.9314,0.0
wrn28_10,3,KNN,1ce9c955c27d5f308397a95f1ce1aff387123f61f45a40862b8ca2cca847d226,a58e437b6891b703435e7d949e884cdb8744a56cf43b8a9a008d8064ae80c510,47f6bddfef2e474baea8df9d49fee620168b1bbafebd4af635d77c66cf94fe5e,CIFAR100,0.8408439900000001,0.5916,NA,NA,0.0
wrn28_10,3,KNN,1ce9c955c27d5f308397a95f1ce1aff387123f61f45a40862b8ca2cca847d226,a58e437b6891b703435e7d949e884cdb8744a56cf43b8a9a008d8064ae80c510,47f6bddfef2e474baea8df9d49fee620168b1bbafebd4af635d77c66cf94fe5e,Tiny,0.8599957012703707,0.4278,NA,NA,0.0
wrn28_10,3,ViM,1ce9c955c27d5f308397a95f1ce1aff387123f61f45a40862b8ca2cca847d226,a58e437b6891b703435e7d949e884cdb8744a56cf43b8a9a008d8064ae80c510,47f6bddfef2e474baea8df9d49fee620168b1bbafebd4af635d77c66cf94fe5e,ID,NA,NA,0.012452907375793932,0.9314,0.0
wrn28_10,3,ViM,1ce9c955c27d5f308397a95f1ce1aff387123f61f45a40862b8ca2cca847d226,a58e437b6891b703435e7d949e884cdb8744a56cf43b8a9a008d8064ae80c510,47f6bddfef2e474baea8df9d49fee620168b1bbafebd4af635d77c66cf94fe5e,CIFAR100,0.8564224300000001,0.5907,NA,NA,0.0
wrn28_10,3,ViM,1ce9c955c27d5f308397a95f1ce1aff387123f61f45a40862b8ca2cca847d226,a58e437b6891b703435e7d949e884cdb8744a56cf43b8a9a008d8064ae80c510,47f6bddfef2e474baea8df9d49fee620168b1bbafebd4af635d77c66cf94fe5e,Tiny,0.8790536122160915,0.4865,NA,NA,0.0
wrn28_10,3,GAIA_Z,1ce9c955c27d5f308397a95f1ce1aff387123f61f45a40862b8ca2cca847d226,a58e437b6891b703435e7d949e884cdb8744a56cf43b8a9a008d8064ae80c510,47f6bddfef2e474baea8df9d49fee620168b1bbafebd4af635d77c66cf94fe5e,ID,NA,NA,0.04830408426920966,0.9314,0.0
wrn28_10,3,GAIA_Z,1ce9c955c27d5f308397a95f1ce1aff387123f61f45a40862b8ca2cca847d226,a58e437b6891b703435e7d949e884cdb8744a56cf43b8a9a008d8064ae80c510,47f6bddfef2e474baea8df9d49fee620168b1bbafebd4af635d77c66cf94fe5e,CIFAR100,0.5851315100000001,0.8568,NA,NA,0.0
wrn28_10,3,GAIA_Z,1ce9c955c27d5f308397a95f1ce1aff387123f61f45a40862b8ca2cca847d226,a58e437b6891b703435e7d949e884cdb8744a56cf43b8a9a008d8064ae80c510,47f6bddfef2e474baea8df9d49fee620168b1bbafebd4af635d77c66cf94fe5e,Tiny,0.6275249903759785,0.8235,NA,NA,0.0
wrn28_10,3,GradNorm,1ce9c955c27d5f308397a95f1ce1aff387123f61f45a40862b8ca2cca847d226,a58e437b6891b703435e7d949e884cdb8744a56cf43b8a9a008d8064ae80c510,47f6bddfef2e474baea8df9d49fee620168b1bbafebd4af635d77c66cf94fe5e,ID,NA,NA,0.014188937351442369,0.9314,0.0
wrn28_10,3,GradNorm,1ce9c955c27d5f308397a95f1ce1aff387123f61f45a40862b8ca2cca847d226,a58e437b6891b703435e7d949e884cdb8744a56cf43b8a9a008d8064ae80c510,47f6bddfef2e474baea8df9d49fee620168b1bbafebd4af635d77c66cf94fe5e,CIFAR100,0.819299335,0.6324,NA,NA,0.0
wrn28_10,3,GradNorm,1ce9c955c27d5f308397a95f1ce1aff387123f61f45a40862b8ca2cca847d226,a58e437b6891b703435e7d949e884cdb8744a56cf43b8a9a008d8064ae80c510,47f6bddfef2e474baea8df9d49fee620168b1bbafebd4af635d77c66cf94fe5e,Tiny,0.8479165084049787,0.5282,NA,NA,0.0
wrn28_10,3,Global_EDL,1ce9c955c27d5f308397a95f1ce1aff387123f61f45a40862b8ca2cca847d226,a58e437b6891b703435e7d949e884cdb8744a56cf43b8a9a008d8064ae80c510,47f6bddfef2e474baea8df9d49fee620168b1bbafebd4af635d77c66cf94fe5e,ID,NA,NA,0.009141776314333928,0.9314,0.0
wrn28_10,3,Global_EDL,1ce9c955c27d5f308397a95f1ce1aff387123f61f45a40862b8ca2cca847d226,a58e437b6891b703435e7d949e884cdb8744a56cf43b8a9a008d8064ae80c510,47f6bddfef2e474baea8df9d49fee620168b1bbafebd4af635d77c66cf94fe5e,CIFAR100,0.8665512099999999,0.5431,NA,NA,0.0
wrn28_10,3,Global_EDL,1ce9c955c27d5f308397a95f1ce1aff387123f61f45a40862b8ca2cca847d226,a58e437b6891b703435e7d949e884cdb8744a56cf43b8a9a008d8064ae80c510,47f6bddfef2e474baea8df9d49fee620168b1bbafebd4af635d77c66cf94fe5e,Tiny,0.8894894520723727,0.415,NA,NA,0.0
wrn28_10,3,C_EDL_Default,1ce9c955c27d5f308397a95f1ce1aff387123f61f45a40862b8ca2cca847d226,a58e437b6891b703435e7d949e884cdb8744a56cf43b8a9a008d8064ae80c510,47f6bddfef2e474baea8df9d49fee620168b1bbafebd4af635d77c66cf94fe5e,ID,NA,NA,0.008711931342737827,0.9317,0.0204
wrn28_10,3,C_EDL_Default,1ce9c955c27d5f308397a95f1ce1aff387123f61f45a40862b8ca2cca847d226,a58e437b6891b703435e7d949e884cdb8744a56cf43b8a9a008d8064ae80c510,47f6bddfef2e474baea8df9d49fee620168b1bbafebd4af635d77c66cf94fe5e,CIFAR100,0.8775392200000001,0.4491,NA,NA,0.1421
wrn28_10,3,C_EDL_Default,1ce9c955c27d5f308397a95f1ce1aff387123f61f45a40862b8ca2cca847d226,a58e437b6891b703435e7d949e884cdb8744a56cf43b8a9a008d8064ae80c510,47f6bddfef2e474baea8df9d49fee620168b1bbafebd4af635d77c66cf94fe5e,Tiny,0.8979035159758759,0.3577,NA,NA,0.1620685230334916
wrn28_10,3,C_EDL_Fixed_Dev_Tuned,1ce9c955c27d5f308397a95f1ce1aff387123f61f45a40862b8ca2cca847d226,a58e437b6891b703435e7d949e884cdb8744a56cf43b8a9a008d8064ae80c510,47f6bddfef2e474baea8df9d49fee620168b1bbafebd4af635d77c66cf94fe5e,ID,NA,NA,0.008868601250253995,0.9317,0.0204
wrn28_10,3,C_EDL_Fixed_Dev_Tuned,1ce9c955c27d5f308397a95f1ce1aff387123f61f45a40862b8ca2cca847d226,a58e437b6891b703435e7d949e884cdb8744a56cf43b8a9a008d8064ae80c510,47f6bddfef2e474baea8df9d49fee620168b1bbafebd4af635d77c66cf94fe5e,CIFAR100,0.87765369,0.4501,NA,NA,0.1421
wrn28_10,3,C_EDL_Fixed_Dev_Tuned,1ce9c955c27d5f308397a95f1ce1aff387123f61f45a40862b8ca2cca847d226,a58e437b6891b703435e7d949e884cdb8744a56cf43b8a9a008d8064ae80c510,47f6bddfef2e474baea8df9d49fee620168b1bbafebd4af635d77c66cf94fe5e,Tiny,0.8980977928910561,0.3628,NA,NA,0.1620685230334916
wrn28_10,3,Orbit_GOP,1ce9c955c27d5f308397a95f1ce1aff387123f61f45a40862b8ca2cca847d226,a58e437b6891b703435e7d949e884cdb8744a56cf43b8a9a008d8064ae80c510,47f6bddfef2e474baea8df9d49fee620168b1bbafebd4af635d77c66cf94fe5e,ID,NA,NA,0.009146972174475184,0.9314,0.0
wrn28_10,3,Orbit_GOP,1ce9c955c27d5f308397a95f1ce1aff387123f61f45a40862b8ca2cca847d226,a58e437b6891b703435e7d949e884cdb8744a56cf43b8a9a008d8064ae80c510,47f6bddfef2e474baea8df9d49fee620168b1bbafebd4af635d77c66cf94fe5e,CIFAR100,0.86839529,0.5426,NA,NA,0.0
wrn28_10,3,Orbit_GOP,1ce9c955c27d5f308397a95f1ce1aff387123f61f45a40862b8ca2cca847d226,a58e437b6891b703435e7d949e884cdb8744a56cf43b8a9a008d8064ae80c510,47f6bddfef2e474baea8df9d49fee620168b1bbafebd4af635d77c66cf94fe5e,Tiny,0.8915822918003337,0.3937,NA,NA,0.0
wrn28_10,4,MSP,03f2207f47987418de4b5654ff924b35f703b67c022e75116a1ce2b7456f7302,a58e437b6891b703435e7d949e884cdb8744a56cf43b8a9a008d8064ae80c510,47f6bddfef2e474baea8df9d49fee620168b1bbafebd4af635d77c66cf94fe5e,ID,NA,NA,0.010529363880987205,0.9329,0.0
wrn28_10,4,MSP,03f2207f47987418de4b5654ff924b35f703b67c022e75116a1ce2b7456f7302,a58e437b6891b703435e7d949e884cdb8744a56cf43b8a9a008d8064ae80c510,47f6bddfef2e474baea8df9d49fee620168b1bbafebd4af635d77c66cf94fe5e,CIFAR100,0.8499816349999998,1.0,NA,NA,0.0
wrn28_10,4,MSP,03f2207f47987418de4b5654ff924b35f703b67c022e75116a1ce2b7456f7302,a58e437b6891b703435e7d949e884cdb8744a56cf43b8a9a008d8064ae80c510,47f6bddfef2e474baea8df9d49fee620168b1bbafebd4af635d77c66cf94fe5e,Tiny,0.8741481008597459,1.0,NA,NA,0.0
wrn28_10,4,Predictive_Entropy,03f2207f47987418de4b5654ff924b35f703b67c022e75116a1ce2b7456f7302,a58e437b6891b703435e7d949e884cdb8744a56cf43b8a9a008d8064ae80c510,47f6bddfef2e474baea8df9d49fee620168b1bbafebd4af635d77c66cf94fe5e,ID,NA,NA,0.0090100088267425,0.9329,0.0
wrn28_10,4,Predictive_Entropy,03f2207f47987418de4b5654ff924b35f703b67c022e75116a1ce2b7456f7302,a58e437b6891b703435e7d949e884cdb8744a56cf43b8a9a008d8064ae80c510,47f6bddfef2e474baea8df9d49fee620168b1bbafebd4af635d77c66cf94fe5e,CIFAR100,0.8588817099999999,0.555,NA,NA,0.0
wrn28_10,4,Predictive_Entropy,03f2207f47987418de4b5654ff924b35f703b67c022e75116a1ce2b7456f7302,a58e437b6891b703435e7d949e884cdb8744a56cf43b8a9a008d8064ae80c510,47f6bddfef2e474baea8df9d49fee620168b1bbafebd4af635d77c66cf94fe5e,Tiny,0.8816276273578854,0.4478,NA,NA,0.0
wrn28_10,4,Energy,03f2207f47987418de4b5654ff924b35f703b67c022e75116a1ce2b7456f7302,a58e437b6891b703435e7d949e884cdb8744a56cf43b8a9a008d8064ae80c510,47f6bddfef2e474baea8df9d49fee620168b1bbafebd4af635d77c66cf94fe5e,ID,NA,NA,0.008875199127884406,0.9329,0.0
wrn28_10,4,Energy,03f2207f47987418de4b5654ff924b35f703b67c022e75116a1ce2b7456f7302,a58e437b6891b703435e7d949e884cdb8744a56cf43b8a9a008d8064ae80c510,47f6bddfef2e474baea8df9d49fee620168b1bbafebd4af635d77c66cf94fe5e,CIFAR100,0.859188985,0.5436,NA,NA,0.0
wrn28_10,4,Energy,03f2207f47987418de4b5654ff924b35f703b67c022e75116a1ce2b7456f7302,a58e437b6891b703435e7d949e884cdb8744a56cf43b8a9a008d8064ae80c510,47f6bddfef2e474baea8df9d49fee620168b1bbafebd4af635d77c66cf94fe5e,Tiny,0.8815444950596689,0.4484,NA,NA,0.0
wrn28_10,4,ReAct_Energy,03f2207f47987418de4b5654ff924b35f703b67c022e75116a1ce2b7456f7302,a58e437b6891b703435e7d949e884cdb8744a56cf43b8a9a008d8064ae80c510,47f6bddfef2e474baea8df9d49fee620168b1bbafebd4af635d77c66cf94fe5e,ID,NA,NA,0.025593347713655006,0.9251,0.0263
wrn28_10,4,ReAct_Energy,03f2207f47987418de4b5654ff924b35f703b67c022e75116a1ce2b7456f7302,a58e437b6891b703435e7d949e884cdb8744a56cf43b8a9a008d8064ae80c510,47f6bddfef2e474baea8df9d49fee620168b1bbafebd4af635d77c66cf94fe5e,CIFAR100,0.7581142300000001,0.6813,NA,NA,0.1068
wrn28_10,4,ReAct_Energy,03f2207f47987418de4b5654ff924b35f703b67c022e75116a1ce2b7456f7302,a58e437b6891b703435e7d949e884cdb8744a56cf43b8a9a008d8064ae80c510,47f6bddfef2e474baea8df9d49fee620168b1bbafebd4af635d77c66cf94fe5e,Tiny,0.775826485307327,0.6515,NA,NA,0.1181829847298858
wrn28_10,4,KNN,03f2207f47987418de4b5654ff924b35f703b67c022e75116a1ce2b7456f7302,a58e437b6891b703435e7d949e884cdb8744a56cf43b8a9a008d8064ae80c510,47f6bddfef2e474baea8df9d49fee620168b1bbafebd4af635d77c66cf94fe5e,ID,NA,NA,0.010104022614817547,0.9329,0.0
wrn28_10,4,KNN,03f2207f47987418de4b5654ff924b35f703b67c022e75116a1ce2b7456f7302,a58e437b6891b703435e7d949e884cdb8744a56cf43b8a9a008d8064ae80c510,47f6bddfef2e474baea8df9d49fee620168b1bbafebd4af635d77c66cf94fe5e,CIFAR100,0.8431421250000001,0.5235,NA,NA,0.0
wrn28_10,4,KNN,03f2207f47987418de4b5654ff924b35f703b67c022e75116a1ce2b7456f7302,a58e437b6891b703435e7d949e884cdb8744a56cf43b8a9a008d8064ae80c510,47f6bddfef2e474baea8df9d49fee620168b1bbafebd4af635d77c66cf94fe5e,Tiny,0.8601373283716156,0.4224,NA,NA,0.0
wrn28_10,4,ViM,03f2207f47987418de4b5654ff924b35f703b67c022e75116a1ce2b7456f7302,a58e437b6891b703435e7d949e884cdb8744a56cf43b8a9a008d8064ae80c510,47f6bddfef2e474baea8df9d49fee620168b1bbafebd4af635d77c66cf94fe5e,ID,NA,NA,0.011396052112514675,0.9329,0.0
wrn28_10,4,ViM,03f2207f47987418de4b5654ff924b35f703b67c022e75116a1ce2b7456f7302,a58e437b6891b703435e7d949e884cdb8744a56cf43b8a9a008d8064ae80c510,47f6bddfef2e474baea8df9d49fee620168b1bbafebd4af635d77c66cf94fe5e,CIFAR100,0.85051628,0.6206,NA,NA,0.0
wrn28_10,4,ViM,03f2207f47987418de4b5654ff924b35f703b67c022e75116a1ce2b7456f7302,a58e437b6891b703435e7d949e884cdb8744a56cf43b8a9a008d8064ae80c510,47f6bddfef2e474baea8df9d49fee620168b1bbafebd4af635d77c66cf94fe5e,Tiny,0.8711050814833825,0.5321,NA,NA,0.0
wrn28_10,4,GAIA_Z,03f2207f47987418de4b5654ff924b35f703b67c022e75116a1ce2b7456f7302,a58e437b6891b703435e7d949e884cdb8744a56cf43b8a9a008d8064ae80c510,47f6bddfef2e474baea8df9d49fee620168b1bbafebd4af635d77c66cf94fe5e,ID,NA,NA,0.05311642933075363,0.9329,0.0
wrn28_10,4,GAIA_Z,03f2207f47987418de4b5654ff924b35f703b67c022e75116a1ce2b7456f7302,a58e437b6891b703435e7d949e884cdb8744a56cf43b8a9a008d8064ae80c510,47f6bddfef2e474baea8df9d49fee620168b1bbafebd4af635d77c66cf94fe5e,CIFAR100,0.548050465,0.8765,NA,NA,0.0
wrn28_10,4,GAIA_Z,03f2207f47987418de4b5654ff924b35f703b67c022e75116a1ce2b7456f7302,a58e437b6891b703435e7d949e884cdb8744a56cf43b8a9a008d8064ae80c510,47f6bddfef2e474baea8df9d49fee620168b1bbafebd4af635d77c66cf94fe5e,Tiny,0.5838147953291415,0.8484,NA,NA,0.0
wrn28_10,4,GradNorm,03f2207f47987418de4b5654ff924b35f703b67c022e75116a1ce2b7456f7302,a58e437b6891b703435e7d949e884cdb8744a56cf43b8a9a008d8064ae80c510,47f6bddfef2e474baea8df9d49fee620168b1bbafebd4af635d77c66cf94fe5e,ID,NA,NA,0.012321309599902103,0.9329,0.0
wrn28_10,4,GradNorm,03f2207f47987418de4b5654ff924b35f703b67c022e75116a1ce2b7456f7302,a58e437b6891b703435e7d949e884cdb8744a56cf43b8a9a008d8064ae80c510,47f6bddfef2e474baea8df9d49fee620168b1bbafebd4af635d77c66cf94fe5e,CIFAR100,0.81671605,0.6364,NA,NA,0.0
wrn28_10,4,GradNorm,03f2207f47987418de4b5654ff924b35f703b67c022e75116a1ce2b7456f7302,a58e437b6891b703435e7d949e884cdb8744a56cf43b8a9a008d8064ae80c510,47f6bddfef2e474baea8df9d49fee620168b1bbafebd4af635d77c66cf94fe5e,Tiny,0.8445285897600412,0.558,NA,NA,0.0
wrn28_10,4,Global_EDL,03f2207f47987418de4b5654ff924b35f703b67c022e75116a1ce2b7456f7302,a58e437b6891b703435e7d949e884cdb8744a56cf43b8a9a008d8064ae80c510,47f6bddfef2e474baea8df9d49fee620168b1bbafebd4af635d77c66cf94fe5e,ID,NA,NA,0.008894777758407855,0.9329,0.0
wrn28_10,4,Global_EDL,03f2207f47987418de4b5654ff924b35f703b67c022e75116a1ce2b7456f7302,a58e437b6891b703435e7d949e884cdb8744a56cf43b8a9a008d8064ae80c510,47f6bddfef2e474baea8df9d49fee620168b1bbafebd4af635d77c66cf94fe5e,CIFAR100,0.85931502,0.543,NA,NA,0.0
wrn28_10,4,Global_EDL,03f2207f47987418de4b5654ff924b35f703b67c022e75116a1ce2b7456f7302,a58e437b6891b703435e7d949e884cdb8744a56cf43b8a9a008d8064ae80c510,47f6bddfef2e474baea8df9d49fee620168b1bbafebd4af635d77c66cf94fe5e,Tiny,0.881629693314513,0.4486,NA,NA,0.0
wrn28_10,4,C_EDL_Default,03f2207f47987418de4b5654ff924b35f703b67c022e75116a1ce2b7456f7302,a58e437b6891b703435e7d949e884cdb8744a56cf43b8a9a008d8064ae80c510,47f6bddfef2e474baea8df9d49fee620168b1bbafebd4af635d77c66cf94fe5e,ID,NA,NA,0.007917956440730659,0.9326,0.0239
wrn28_10,4,C_EDL_Default,03f2207f47987418de4b5654ff924b35f703b67c022e75116a1ce2b7456f7302,a58e437b6891b703435e7d949e884cdb8744a56cf43b8a9a008d8064ae80c510,47f6bddfef2e474baea8df9d49fee620168b1bbafebd4af635d77c66cf94fe5e,CIFAR100,0.8715808600000001,0.4662,NA,NA,0.145
wrn28_10,4,C_EDL_Default,03f2207f47987418de4b5654ff924b35f703b67c022e75116a1ce2b7456f7302,a58e437b6891b703435e7d949e884cdb8744a56cf43b8a9a008d8064ae80c510,47f6bddfef2e474baea8df9d49fee620168b1bbafebd4af635d77c66cf94fe5e,Tiny,0.8925184781213911,0.3719,NA,NA,0.1641216476324907
wrn28_10,4,C_EDL_Fixed_Dev_Tuned,03f2207f47987418de4b5654ff924b35f703b67c022e75116a1ce2b7456f7302,a58e437b6891b703435e7d949e884cdb8744a56cf43b8a9a008d8064ae80c510,47f6bddfef2e474baea8df9d49fee620168b1bbafebd4af635d77c66cf94fe5e,ID,NA,NA,0.008024509365465135,0.9326,0.0239
wrn28_10,4,C_EDL_Fixed_Dev_Tuned,03f2207f47987418de4b5654ff924b35f703b67c022e75116a1ce2b7456f7302,a58e437b6891b703435e7d949e884cdb8744a56cf43b8a9a008d8064ae80c510,47f6bddfef2e474baea8df9d49fee620168b1bbafebd4af635d77c66cf94fe5e,CIFAR100,0.8715813299999999,0.4699,NA,NA,0.145
wrn28_10,4,C_EDL_Fixed_Dev_Tuned,03f2207f47987418de4b5654ff924b35f703b67c022e75116a1ce2b7456f7302,a58e437b6891b703435e7d949e884cdb8744a56cf43b8a9a008d8064ae80c510,47f6bddfef2e474baea8df9d49fee620168b1bbafebd4af635d77c66cf94fe5e,Tiny,0.8925395739766457,0.362,NA,NA,0.1641216476324907
wrn28_10,4,Orbit_GOP,03f2207f47987418de4b5654ff924b35f703b67c022e75116a1ce2b7456f7302,a58e437b6891b703435e7d949e884cdb8744a56cf43b8a9a008d8064ae80c510,47f6bddfef2e474baea8df9d49fee620168b1bbafebd4af635d77c66cf94fe5e,ID,NA,NA,0.0089367919143743,0.9329,0.0
wrn28_10,4,Orbit_GOP,03f2207f47987418de4b5654ff924b35f703b67c022e75116a1ce2b7456f7302,a58e437b6891b703435e7d949e884cdb8744a56cf43b8a9a008d8064ae80c510,47f6bddfef2e474baea8df9d49fee620168b1bbafebd4af635d77c66cf94fe5e,CIFAR100,0.8627371799999999,0.5342,NA,NA,0.0
wrn28_10,4,Orbit_GOP,03f2207f47987418de4b5654ff924b35f703b67c022e75116a1ce2b7456f7302,a58e437b6891b703435e7d949e884cdb8744a56cf43b8a9a008d8064ae80c510,47f6bddfef2e474baea8df9d49fee620168b1bbafebd4af635d77c66cf94fe5e,Tiny,0.8838506608494803,0.4275,NA,NA,0.0
wrn28_10,5,MSP,69e633563080635eba1b608902c26ab99c606ef8f0152d173eb5143ad48a3556,ad2e3ac11db83dbf253835aa692ec4b7efb7ff3fd6b4565a7103956ffffea347,47f6bddfef2e474baea8df9d49fee620168b1bbafebd4af635d77c66cf94fe5e,ID,NA,NA,0.012462478028169388,0.9304,0.0
wrn28_10,5,MSP,69e633563080635eba1b608902c26ab99c606ef8f0152d173eb5143ad48a3556,ad2e3ac11db83dbf253835aa692ec4b7efb7ff3fd6b4565a7103956ffffea347,47f6bddfef2e474baea8df9d49fee620168b1bbafebd4af635d77c66cf94fe5e,CIFAR100,0.849358825,1.0,NA,NA,0.0
wrn28_10,5,MSP,69e633563080635eba1b608902c26ab99c606ef8f0152d173eb5143ad48a3556,ad2e3ac11db83dbf253835aa692ec4b7efb7ff3fd6b4565a7103956ffffea347,47f6bddfef2e474baea8df9d49fee620168b1bbafebd4af635d77c66cf94fe5e,Tiny,0.8737782047991787,1.0,NA,NA,0.0
wrn28_10,5,Predictive_Entropy,69e633563080635eba1b608902c26ab99c606ef8f0152d173eb5143ad48a3556,ad2e3ac11db83dbf253835aa692ec4b7efb7ff3fd6b4565a7103956ffffea347,47f6bddfef2e474baea8df9d49fee620168b1bbafebd4af635d77c66cf94fe5e,ID,NA,NA,0.011097265156014094,0.9304,0.0
wrn28_10,5,Predictive_Entropy,69e633563080635eba1b608902c26ab99c606ef8f0152d173eb5143ad48a3556,ad2e3ac11db83dbf253835aa692ec4b7efb7ff3fd6b4565a7103956ffffea347,47f6bddfef2e474baea8df9d49fee620168b1bbafebd4af635d77c66cf94fe5e,CIFAR100,0.8556892099999999,0.6192,NA,NA,0.0
wrn28_10,5,Predictive_Entropy,69e633563080635eba1b608902c26ab99c606ef8f0152d173eb5143ad48a3556,ad2e3ac11db83dbf253835aa692ec4b7efb7ff3fd6b4565a7103956ffffea347,47f6bddfef2e474baea8df9d49fee620168b1bbafebd4af635d77c66cf94fe5e,Tiny,0.8802043885538303,0.4493,NA,NA,0.0
wrn28_10,5,Energy,69e633563080635eba1b608902c26ab99c606ef8f0152d173eb5143ad48a3556,ad2e3ac11db83dbf253835aa692ec4b7efb7ff3fd6b4565a7103956ffffea347,47f6bddfef2e474baea8df9d49fee620168b1bbafebd4af635d77c66cf94fe5e,ID,NA,NA,0.011179701593529006,0.9304,0.0
wrn28_10,5,Energy,69e633563080635eba1b608902c26ab99c606ef8f0152d173eb5143ad48a3556,ad2e3ac11db83dbf253835aa692ec4b7efb7ff3fd6b4565a7103956ffffea347,47f6bddfef2e474baea8df9d49fee620168b1bbafebd4af635d77c66cf94fe5e,CIFAR100,0.855670105,0.6141,NA,NA,0.0
wrn28_10,5,Energy,69e633563080635eba1b608902c26ab99c606ef8f0152d173eb5143ad48a3556,ad2e3ac11db83dbf253835aa692ec4b7efb7ff3fd6b4565a7103956ffffea347,47f6bddfef2e474baea8df9d49fee620168b1bbafebd4af635d77c66cf94fe5e,Tiny,0.8801340369562427,0.4432,NA,NA,0.0
wrn28_10,5,ReAct_Energy,69e633563080635eba1b608902c26ab99c606ef8f0152d173eb5143ad48a3556,ad2e3ac11db83dbf253835aa692ec4b7efb7ff3fd6b4565a7103956ffffea347,47f6bddfef2e474baea8df9d49fee620168b1bbafebd4af635d77c66cf94fe5e,ID,NA,NA,0.026483996303791595,0.9126,0.0475
wrn28_10,5,ReAct_Energy,69e633563080635eba1b608902c26ab99c606ef8f0152d173eb5143ad48a3556,ad2e3ac11db83dbf253835aa692ec4b7efb7ff3fd6b4565a7103956ffffea347,47f6bddfef2e474baea8df9d49fee620168b1bbafebd4af635d77c66cf94fe5e,CIFAR100,0.7586300399999999,0.79,NA,NA,0.2676
wrn28_10,5,ReAct_Energy,69e633563080635eba1b608902c26ab99c606ef8f0152d173eb5143ad48a3556,ad2e3ac11db83dbf253835aa692ec4b7efb7ff3fd6b4565a7103956ffffea347,47f6bddfef2e474baea8df9d49fee620168b1bbafebd4af635d77c66cf94fe5e,Tiny,0.7787465032721674,0.6994,NA,NA,0.30796868984986525
wrn28_10,5,KNN,69e633563080635eba1b608902c26ab99c606ef8f0152d173eb5143ad48a3556,ad2e3ac11db83dbf253835aa692ec4b7efb7ff3fd6b4565a7103956ffffea347,47f6bddfef2e474baea8df9d49fee620168b1bbafebd4af635d77c66cf94fe5e,ID,NA,NA,0.012182192996129828,0.9304,0.0
wrn28_10,5,KNN,69e633563080635eba1b608902c26ab99c606ef8f0152d173eb5143ad48a3556,ad2e3ac11db83dbf253835aa692ec4b7efb7ff3fd6b4565a7103956ffffea347,47f6bddfef2e474baea8df9d49fee620168b1bbafebd4af635d77c66cf94fe5e,CIFAR100,0.842887095,0.5544,NA,NA,0.0
wrn28_10,5,KNN,69e633563080635eba1b608902c26ab99c606ef8f0152d173eb5143ad48a3556,ad2e3ac11db83dbf253835aa692ec4b7efb7ff3fd6b4565a7103956ffffea347,47f6bddfef2e474baea8df9d49fee620168b1bbafebd4af635d77c66cf94fe5e,Tiny,0.8619401000898242,0.4186,NA,NA,0.0
wrn28_10,5,ViM,69e633563080635eba1b608902c26ab99c606ef8f0152d173eb5143ad48a3556,ad2e3ac11db83dbf253835aa692ec4b7efb7ff3fd6b4565a7103956ffffea347,47f6bddfef2e474baea8df9d49fee620168b1bbafebd4af635d77c66cf94fe5e,ID,NA,NA,0.0127630629255163,0.9304,0.0
wrn28_10,5,ViM,69e633563080635eba1b608902c26ab99c606ef8f0152d173eb5143ad48a3556,ad2e3ac11db83dbf253835aa692ec4b7efb7ff3fd6b4565a7103956ffffea347,47f6bddfef2e474baea8df9d49fee620168b1bbafebd4af635d77c66cf94fe5e,CIFAR100,0.8546970600000001,0.6154,NA,NA,0.0
wrn28_10,5,ViM,69e633563080635eba1b608902c26ab99c606ef8f0152d173eb5143ad48a3556,ad2e3ac11db83dbf253835aa692ec4b7efb7ff3fd6b4565a7103956ffffea347,47f6bddfef2e474baea8df9d49fee620168b1bbafebd4af635d77c66cf94fe5e,Tiny,0.8793959835750031,0.4842,NA,NA,0.0
wrn28_10,5,GAIA_Z,69e633563080635eba1b608902c26ab99c606ef8f0152d173eb5143ad48a3556,ad2e3ac11db83dbf253835aa692ec4b7efb7ff3fd6b4565a7103956ffffea347,47f6bddfef2e474baea8df9d49fee620168b1bbafebd4af635d77c66cf94fe5e,ID,NA,NA,0.05645884551162692,0.9304,0.0
wrn28_10,5,GAIA_Z,69e633563080635eba1b608902c26ab99c606ef8f0152d173eb5143ad48a3556,ad2e3ac11db83dbf253835aa692ec4b7efb7ff3fd6b4565a7103956ffffea347,47f6bddfef2e474baea8df9d49fee620168b1bbafebd4af635d77c66cf94fe5e,CIFAR100,0.560530595,0.878,NA,NA,0.0
wrn28_10,5,GAIA_Z,69e633563080635eba1b608902c26ab99c606ef8f0152d173eb5143ad48a3556,ad2e3ac11db83dbf253835aa692ec4b7efb7ff3fd6b4565a7103956ffffea347,47f6bddfef2e474baea8df9d49fee620168b1bbafebd4af635d77c66cf94fe5e,Tiny,0.59347808931092,0.8536,NA,NA,0.0
wrn28_10,5,GradNorm,69e633563080635eba1b608902c26ab99c606ef8f0152d173eb5143ad48a3556,ad2e3ac11db83dbf253835aa692ec4b7efb7ff3fd6b4565a7103956ffffea347,47f6bddfef2e474baea8df9d49fee620168b1bbafebd4af635d77c66cf94fe5e,ID,NA,NA,0.016619203415946214,0.9304,0.0
wrn28_10,5,GradNorm,69e633563080635eba1b608902c26ab99c606ef8f0152d173eb5143ad48a3556,ad2e3ac11db83dbf253835aa692ec4b7efb7ff3fd6b4565a7103956ffffea347,47f6bddfef2e474baea8df9d49fee620168b1bbafebd4af635d77c66cf94fe5e,CIFAR100,0.80717539,0.6684,NA,NA,0.0
wrn28_10,5,GradNorm,69e633563080635eba1b608902c26ab99c606ef8f0152d173eb5143ad48a3556,ad2e3ac11db83dbf253835aa692ec4b7efb7ff3fd6b4565a7103956ffffea347,47f6bddfef2e474baea8df9d49fee620168b1bbafebd4af635d77c66cf94fe5e,Tiny,0.8353385153342743,0.5793,NA,NA,0.0
wrn28_10,5,Global_EDL,69e633563080635eba1b608902c26ab99c606ef8f0152d173eb5143ad48a3556,ad2e3ac11db83dbf253835aa692ec4b7efb7ff3fd6b4565a7103956ffffea347,47f6bddfef2e474baea8df9d49fee620168b1bbafebd4af635d77c66cf94fe5e,ID,NA,NA,0.011245594283165527,0.9304,0.0
wrn28_10,5,Global_EDL,69e633563080635eba1b608902c26ab99c606ef8f0152d173eb5143ad48a3556,ad2e3ac11db83dbf253835aa692ec4b7efb7ff3fd6b4565a7103956ffffea347,47f6bddfef2e474baea8df9d49fee620168b1bbafebd4af635d77c66cf94fe5e,CIFAR100,0.85579859,0.6141,NA,NA,0.0
wrn28_10,5,Global_EDL,69e633563080635eba1b608902c26ab99c606ef8f0152d173eb5143ad48a3556,ad2e3ac11db83dbf253835aa692ec4b7efb7ff3fd6b4565a7103956ffffea347,47f6bddfef2e474baea8df9d49fee620168b1bbafebd4af635d77c66cf94fe5e,Tiny,0.8802971384575901,0.443,NA,NA,0.0
wrn28_10,5,C_EDL_Default,69e633563080635eba1b608902c26ab99c606ef8f0152d173eb5143ad48a3556,ad2e3ac11db83dbf253835aa692ec4b7efb7ff3fd6b4565a7103956ffffea347,47f6bddfef2e474baea8df9d49fee620168b1bbafebd4af635d77c66cf94fe5e,ID,NA,NA,0.009944879179504653,0.9257,0.0214
wrn28_10,5,C_EDL_Default,69e633563080635eba1b608902c26ab99c606ef8f0152d173eb5143ad48a3556,ad2e3ac11db83dbf253835aa692ec4b7efb7ff3fd6b4565a7103956ffffea347,47f6bddfef2e474baea8df9d49fee620168b1bbafebd4af635d77c66cf94fe5e,CIFAR100,0.8690312900000001,0.4774,NA,NA,0.1393
wrn28_10,5,C_EDL_Default,69e633563080635eba1b608902c26ab99c606ef8f0152d173eb5143ad48a3556,ad2e3ac11db83dbf253835aa692ec4b7efb7ff3fd6b4565a7103956ffffea347,47f6bddfef2e474baea8df9d49fee620168b1bbafebd4af635d77c66cf94fe5e,Tiny,0.8904431797767227,0.4054,NA,NA,0.15847555498524316
wrn28_10,5,C_EDL_Fixed_Dev_Tuned,69e633563080635eba1b608902c26ab99c606ef8f0152d173eb5143ad48a3556,ad2e3ac11db83dbf253835aa692ec4b7efb7ff3fd6b4565a7103956ffffea347,47f6bddfef2e474baea8df9d49fee620168b1bbafebd4af635d77c66cf94fe5e,ID,NA,NA,0.010188719673327077,0.9257,0.0214
wrn28_10,5,C_EDL_Fixed_Dev_Tuned,69e633563080635eba1b608902c26ab99c606ef8f0152d173eb5143ad48a3556,ad2e3ac11db83dbf253835aa692ec4b7efb7ff3fd6b4565a7103956ffffea347,47f6bddfef2e474baea8df9d49fee620168b1bbafebd4af635d77c66cf94fe5e,CIFAR100,0.86797103,0.4842,NA,NA,0.1393
wrn28_10,5,C_EDL_Fixed_Dev_Tuned,69e633563080635eba1b608902c26ab99c606ef8f0152d173eb5143ad48a3556,ad2e3ac11db83dbf253835aa692ec4b7efb7ff3fd6b4565a7103956ffffea347,47f6bddfef2e474baea8df9d49fee620168b1bbafebd4af635d77c66cf94fe5e,Tiny,0.8896736173489027,0.4094,NA,NA,0.15847555498524316
wrn28_10,5,Orbit_GOP,69e633563080635eba1b608902c26ab99c606ef8f0152d173eb5143ad48a3556,ad2e3ac11db83dbf253835aa692ec4b7efb7ff3fd6b4565a7103956ffffea347,47f6bddfef2e474baea8df9d49fee620168b1bbafebd4af635d77c66cf94fe5e,ID,NA,NA,0.011418872947498495,0.9304,0.0
wrn28_10,5,Orbit_GOP,69e633563080635eba1b608902c26ab99c606ef8f0152d173eb5143ad48a3556,ad2e3ac11db83dbf253835aa692ec4b7efb7ff3fd6b4565a7103956ffffea347,47f6bddfef2e474baea8df9d49fee620168b1bbafebd4af635d77c66cf94fe5e,CIFAR100,0.8607110800000001,0.5697,NA,NA,0.0
wrn28_10,5,Orbit_GOP,69e633563080635eba1b608902c26ab99c606ef8f0152d173eb5143ad48a3556,ad2e3ac11db83dbf253835aa692ec4b7efb7ff3fd6b4565a7103956ffffea347,47f6bddfef2e474baea8df9d49fee620168b1bbafebd4af635d77c66cf94fe5e,Tiny,0.8839422558706531,0.4481,NA,NA,0.0
