backbone,seed,dataset,denominator,formal_changed,formal_preserved,numeric_argmax_changed,numeric_argmax_equal
resnet18,3,ID,10000,0,10000,0,10000
resnet18,3,CIFAR100,10000,0,10000,0,10000
resnet18,3,Tiny,7793,0,7793,0,7793
resnet18,4,ID,10000,0,10000,0,10000
resnet18,4,CIFAR100,10000,0,10000,1,9999
resnet18,4,Tiny,7793,0,7793,0,7793
resnet18,5,ID,10000,0,10000,0,10000
resnet18,5,CIFAR100,10000,0,10000,0,10000
resnet18,5,Tiny,7793,0,7793,0,7793
vgg16_bn,3,ID,10000,0,10000,0,10000
vgg16_bn,3,CIFAR100,10000,0,10000,0,10000
vgg16_bn,3,Tiny,7793,0,7793,0,7793
vgg16_bn,4,ID,10000,0,10000,0,10000
vgg16_bn,4,CIFAR100,10000,0,10000,0,10000
vgg16_bn,4,Tiny,7793,0,7793,0,7793
vgg16_bn,5,ID,10000,0,10000,0,10000
vgg16_bn,5,CIFAR100,10000,0,10000,0,10000
vgg16_bn,5,Tiny,7793,0,7793,0,7793
wrn28_10,3,ID,10000,0,10000,0,10000
wrn28_10,3,CIFAR100,10000,0,10000,0,10000
wrn28_10,3,Tiny,7793,0,7793,0,7793
wrn28_10,4,ID,10000,0,10000,0,10000
wrn28_10,4,CIFAR100,10000,0,10000,0,10000
wrn28_10,4,Tiny,7793,0,7793,0,7793
wrn28_10,5,ID,10000,0,10000,0,10000
wrn28_10,5,CIFAR100,10000,0,10000,0,10000
wrn28_10,5,Tiny,7793,0,7793,0,7793
