backbone,dataset,comparison,metric,mean,SD,n_models,CI_sample_conditional_low,CI_sample_conditional_high,CI_hierarchical_low,CI_hierarchical_high,primary_CI,replicates,interpretation
resnet18,CIFAR100,Orbit_GOP - Global_EDL,AUROC,0.006013623333333403,0.0009621296858705633,3,0.005294876000000018,0.006718605250000008,0.004948057249999994,0.0070268782499999915,sample_conditional,5000,Strong confirmation
resnet18,CIFAR100,Orbit_GOP - Global_EDL,FPR95,-0.06109999999999999,0.008055432949258517,3,-0.07183416666666666,-0.0486,-0.07273333333333333,-0.047730833333333354,sample_conditional,5000,Strong confirmation
resnet18,Tiny,Orbit_GOP - Global_EDL,AUROC,0.004447089268146631,0.00047272671522623113,3,0.003767661041960728,0.005139788057658579,0.00373532924847083,0.005147792677188939,sample_conditional,5000,Strong confirmation
resnet18,Tiny,Orbit_GOP - Global_EDL,FPR95,-0.029233333333333333,0.005783885660465062,3,-0.036867500000000025,-0.02209999999999999,-0.03790000000000001,-0.02063333333333332,sample_conditional,5000,Strong confirmation
vgg16_bn,CIFAR100,Orbit_GOP - Global_EDL,AUROC,0.019084259999999964,0.0013816708188639842,3,0.017845174750000022,0.02034709866666667,0.01748420075000001,0.020614539250000032,sample_conditional,5000,Strong confirmation
vgg16_bn,CIFAR100,Orbit_GOP - Global_EDL,FPR95,-0.20366666666666666,0.013930661625828558,3,-0.2176675,-0.18799916666666666,-0.22043416666666668,-0.18633333333333332,sample_conditional,5000,Strong confirmation
vgg16_bn,Tiny,Orbit_GOP - Global_EDL,AUROC,0.0159534026262886,0.001588941264667505,3,0.014696005817186343,0.01723022744770949,0.014216554493348745,0.017652889665939506,sample_conditional,5000,Strong confirmation
vgg16_bn,Tiny,Orbit_GOP - Global_EDL,FPR95,-0.17213333333333333,0.027367925265414855,3,-0.18663333333333335,-0.1512666666666667,-0.200005,-0.14163333333333336,sample_conditional,5000,Strong confirmation
wrn28_10,CIFAR100,Orbit_GOP - Global_EDL,AUROC,0.003392910000000008,0.0015344141076970895,3,0.0026907845000000282,0.0041177375833333025,0.0018949116666666702,0.004929095916666706,sample_conditional,5000,Strong confirmation
wrn28_10,CIFAR100,Orbit_GOP - Global_EDL,FPR95,-0.017900000000000027,0.023321878140492858,3,-0.03186750000000004,-0.00576583333333334,-0.04360083333333334,0.003067500000000019,sample_conditional,5000,Strong confirmation
wrn28_10,Tiny,Orbit_GOP - Global_EDL,AUROC,0.0026529748919970806,0.0008616056350282476,3,0.0019724541254972573,0.00336044869327174,0.0017197767226998792,0.003706407566619604,sample_conditional,5000,Strong confirmation
wrn28_10,Tiny,Orbit_GOP - Global_EDL,FPR95,-0.012433333333333333,0.015184641363342539,3,-0.023800833333333337,-0.0005333333333333301,-0.026834166666666655,0.0021674999999999897,sample_conditional,5000,Strong confirmation
